timesteps,episode,return,length,completed,distance_m,overtakes,danger_seconds
864,1,19.459848,216,False,1204.7939194139394,4,0.0
900,2,37.291222,225,True,1294.0488686056342,5,0.0
900,3,39.017661,225,True,1330.3064543965233,7,0.0
900,4,26.639989,225,True,981.5995575273487,0,0.0
1500,5,2.992912,150,False,601.3164736534261,0,0.0
1764,6,31.515527,225,True,1135.0210930436428,3,1.4
1800,7,28.184456,225,True,994.578254752867,1,0.0
1800,8,34.484723,225,True,1213.7889199251508,3,0.0
2400,9,32.415925,225,True,1139.8370110893716,4,0.0
2664,10,36.044573,225,True,1255.3829086421429,5,0.0
2700,11,38.771549,225,True,1335.661959896354,6,0.0
2700,12,36.957584,225,True,1279.9033410843463,5,0.0
3300,13,30.157461,225,True,1028.6984542096823,5,0.6000000000000001
3564,14,31.629678,225,True,1105.987124625416,4,0.0
3600,15,33.589663,225,True,1166.7865000447682,4,0.2
3600,16,29.251452,225,True,1019.6580765165743,2,0.0
3896,17,5.780185,149,False,712.80741474977,0,0.0
4464,18,35.535824,225,True,1238.2329745690467,5,0.0
4500,19,32.587685,225,True,1149.1074045796645,3,0.0
4500,20,33.495098,225,True,1180.6039290531085,3,0.0
4780,21,-1.24895,79,False,415.641985717901,1,0.0
4796,22,33.129511,225,True,1151.580447216223,4,0.0
4884,23,1.562698,96,False,518.5079227483013,2,0.0
5068,24,-3.275593,68,False,350.5762922675076,0,0.0
5400,25,33.230613,225,True,1148.424512879637,4,0.0
5680,26,25.768442,225,True,918.737686535911,0,0.0
5784,27,26.94342,225,True,958.5368001037339,0,0.0
5968,28,33.451015,225,True,1168.4405861267928,4,0.0
6068,29,-0.532579,71,False,412.29685846192365,3,0.0
6264,30,-2.335696,74,False,399.3721561488262,0,0.0
6300,31,28.307231,225,True,997.0892416821061,1,0.0
6580,32,33.992546,225,True,1160.5018216810154,6,0.0
6968,33,32.110517,225,True,1123.6206866438201,3,0.0
7164,34,35.379918,225,True,1231.9967306878207,4,0.0
7200,35,38.290675,225,True,1335.6269840690406,5,0.0
7480,36,29.708329,225,True,1045.1331697523985,2,0.0
7560,37,10.170482,148,False,840.4192981849101,3,0.0
8064,38,33.148627,225,True,1127.545086030893,5,0.0
8100,39,29.150513,225,True,1021.220513454276,2,0.0
8316,40,-3.444075,63,False,343.8370116755866,0,0.0
8380,41,36.28401,225,True,1264.9604129450177,5,0.0
8460,42,30.455534,225,True,1051.0213679515973,3,0.0
9000,43,34.97874,225,True,1240.7495865336423,3,0.0
9052,44,13.089907,184,False,975.5962642249483,3,0.2
9280,45,34.992938,225,True,1186.11753953659,6,0.0
9344,46,-0.361909,86,False,463.1236286228068,1,0.0
9360,47,35.821308,225,True,1235.2523069108952,5,0.0
9588,48,-4.732553,57,False,297.89786420106793,0,0.0
9952,49,32.551218,225,True,1160.448738260418,2,0.0
10180,50,32.994171,225,True,1156.56685394564,3,0.0
10244,51,34.448308,225,True,1237.932326584692,4,0.0
10288,52,15.980782,175,False,1025.6312840980654,7,0.6000000000000001
10764,53,3.216614,119,False,597.464552897952,2,0.0
10852,54,39.155626,225,True,1343.8250265742513,7,0.2
11080,55,27.827794,225,True,986.7117567699406,2,0.0
11144,56,27.727869,225,True,991.5147601327783,0,0.0
11664,57,26.132606,225,True,910.1042581482563,1,0.0
11752,58,37.880618,225,True,1285.624704339305,7,0.0
11832,59,-6.464612,42,False,223.015510813427,0,0.0
11980,60,30.02401,225,True,1090.5604116774034,1,0.0
12044,61,31.406421,225,True,1082.6568587458914,4,0.0
12652,62,33.622379,225,True,1225.6951467139393,2,0.0
12732,63,33.274016,225,True,1179.7606295126657,3,0.0
12800,64,17.028238,189,False,1119.529521825827,3,0.2
12880,65,29.845502,225,True,1025.020097967187,4,0.0
12932,66,-4.272478,70,False,341.10089241656374,0,0.8
13240,67,6.197497,127,False,695.099878317051,4,0.0
13700,68,38.855119,225,True,1331.0047588767034,8,0.0
13780,69,25.357286,225,True,939.091440780421,0,0.0
13832,70,26.689792,225,True,977.9916909466615,1,0.0
14140,71,37.194569,225,True,1315.7827457157696,7,1.0
14244,72,2.553502,116,False,562.940079469809,2,0.2
14308,73,7.495147,152,False,781.405889810386,0,0.0
14732,74,36.322092,225,True,1273.6836634230021,6,0.0
14848,75,9.070425,151,False,825.2169882334867,3,0.2
15040,76,38.91811,225,True,1333.5244064193594,7,0.0
15208,77,31.767783,225,True,1096.3113220214964,4,0.0
15632,78,36.898744,225,True,1285.5497594381764,5,0.0
15748,79,27.457618,225,True,998.3047093523696,1,0.2
15940,80,30.363067,225,True,1071.3226628477619,2,0.0
16080,81,0.34433,83,False,479.37319102494575,1,0.0
16108,82,34.785709,225,True,1237.028374264632,7,1.4
16532,83,33.443152,225,True,1178.5260799271118,3,0.0
16840,84,35.448093,225,True,1235.5237203664742,4,0.0
16980,85,29.886538,225,True,1009.0615346835484,5,0.2
17008,86,32.370882,225,True,1146.8352611724645,4,0.0
17316,87,12.281905,196,False,1000.8762148953736,1,0.0
17516,88,4.704414,127,False,654.5765478447906,1,0.0
17620,89,-9.191584,26,False,145.13665886449598,0,1.0
17740,90,37.070466,225,True,1266.018655655413,7,0.0
17880,91,36.204902,225,True,1247.3960661949918,6,0.0
18100,92,-0.106925,120,False,510.9229829442363,0,0.0
18216,93,36.944403,225,True,1294.5761081954684,4,0.0
18640,94,38.724623,225,True,1320.1849329890083,7,0.0
18780,95,37.407439,225,True,1289.097558379849,6,0.0
18960,96,11.10113,186,False,895.2452195420406,2,0.0
19000,97,38.639065,225,True,1337.5626064725639,7,0.6000000000000001
19540,98,33.04762,225,True,1129.904790024595,5,0.0
19680,99,31.91267,225,True,1123.7067847344847,3,0.0
19848,100,-1.374274,77,False,400.2290565985029,2,0.0
19860,101,33.929292,225,True,1160.3716647207466,5,0.0
19900,102,36.96926,225,True,1303.5704071581908,4,0.0
20196,103,0.825637,87,False,498.6254913266582,1,0.0
20332,104,-7.014408,34,False,200.22368654197817,0,0.0
20580,105,35.723029,225,True,1199.3211735616637,7,0.0
20760,106,33.390047,225,True,1163.6018968101503,5,0.6000000000000001
20800,107,37.328123,225,True,1301.9249168239708,5,0.0
21060,108,-3.603441,65,False,349.4623414874759,0,0.0
21124,109,0.729342,91,False,494.7736796508,1,0.0
21232,110,36.13849,225,True,1263.1396040311674,4,0.0
21480,111,35.184068,225,True,1252.9627282963197,3,0.0
21960,112,35.97334,225,True,1253.333605614644,6,0.0
22024,113,35.64118,225,True,1228.0472096966205,5,0.0
22132,114,30.162795,225,True,1063.3118057719735,3,0.2
22380,115,38.408492,225,True,1324.3396853704953,9,0.6000000000000001
22860,116,35.634578,225,True,1242.983120998681,6,1.2
22876,117,7.026803,124,False,714.6721258868329,3,0.0
22924,118,32.91987,225,True,1162.3948002727543,5,0.8
23032,119,27.040424,225,True,952.0169731008832,1,0.0
23156,120,-1.704856,70,False,383.00574674306904,2,0.0
23360,121,-0.428804,82,False,448.44785157518004,1,0.0
23760,122,34.722731,225,True,1215.3092294799699,4,0.0
23824,123,39.285609,225,True,1310.6243456589864,9,0.0
24056,124,27.674854,225,True,992.5941606193799,1,0.0
24260,125,25.7147,225,True,896.5880179996886,2,0.2
24452,126,-5.584544,48,False,258.21825531057834,0,0.0
24660,127,34.578107,225,True,1226.3242882040286,7,1.9999999999999998
24724,128,28.29823,225,True,1012.7292169471696,0,0.0
24956,129,33.190693,225,True,1182.827701813581,3,0.0
25352,130,37.312111,225,True,1259.684432341046,8,0.0
25560,131,31.604823,225,True,1099.3929269123842,5,0.8
25624,132,35.045608,225,True,1220.2243214102473,4,0.0
25856,133,37.189979,225,True,1321.999149760722,6,0.6000000000000001
26240,134,5.352968,154,False,738.918730594894,0,0.6000000000000001
26252,135,37.875973,225,True,1302.2389220882737,6,0.0
26460,136,33.187826,225,True,1175.5130283549452,4,0.0
26756,137,31.119156,225,True,1091.1662328671055,3,0.0
26796,138,6.531807,139,False,712.4722943929362,2,0.0
27152,139,32.973021,225,True,1160.5208359570083,3,0.0
27360,140,39.299122,225,True,1343.9648791903337,7,0.0
27628,141,19.999976,208,False,1219.999057698752,5,0.0
27656,142,33.318608,225,True,1151.1443170068915,4,0.0
28052,143,36.845685,225,True,1305.827388641534,5,0.4
28260,144,25.752675,225,True,936.5069804947173,0,0.0
28528,145,33.568982,225,True,1189.959283124228,3,0.0
28556,146,31.900748,225,True,1123.2299365811386,3,0.0
28952,147,36.910654,225,True,1242.0261515582488,8,0.0
29052,148,-10.356198,25,False,145.75209392034367,0,1.2
29160,149,37.045098,225,True,1227.4039003335238,9,0.0
29164,150,-8.13777,28,False,155.28919064629258,0,0.0
29428,151,39.020648,225,True,1331.2259141778618,7,0.0
29456,152,39.37339,225,True,1345.3355967991047,7,0.0
29828,153,8.326644,167,False,773.8657528904494,3,0.0
30064,154,35.251935,225,True,1249.2773800880627,4,0.6000000000000001
30328,155,35.473999,225,True,1251.759973861761,5,0.4
30356,156,39.343065,225,True,1342.5226113284575,7,0.0
30412,157,4.22199,146,False,664.8796051845386,0,0.0
30632,158,-1.984957,69,False,392.60172629183035,2,0.2
30660,159,-3.634505,83,False,428.21978646103753,0,1.0
30964,160,26.132894,225,True,917.3157755607604,1,0.0
31192,161,-5.75201,57,False,297.11958488773985,0,0.0
31312,162,37.028464,225,True,1284.3385610712885,5,0.0
31500,163,9.594179,217,False,840.5671780916582,2,0.0
31560,164,20.500837,225,True,713.6334765136389,0,0.0
32092,165,37.025374,225,True,1254.6149743298529,7,0.0
32212,166,36.907103,225,True,1261.8841009070652,6,0.0
32400,167,25.184587,225,True,945.7834738051483,0,0.0
32460,168,25.723916,225,True,902.5566421066269,4,0.8
32992,169,36.591322,225,True,1282.0528906627346,4,0.0
33112,170,30.057592,225,True,1071.1036973492555,6,2.4
33300,171,34.632962,225,True,1236.5184915012287,4,0.0
33320,172,-1.081194,82,False,422.35225037004966,1,0.0
33360,173,23.178205,225,True,878.3281967501016,0,1.2
33660,174,1.738479,90,False,519.139170693214,2,0.0
34012,175,31.949875,225,True,1165.1950137437825,2,1.0
34220,176,29.01294,225,True,1021.3176086844994,3,0.6000000000000001
34260,177,37.398848,225,True,1283.9539244533398,8,0.0
34560,178,31.96871,225,True,1117.1484094029265,4,0.0
34912,179,35.973202,225,True,1262.9280792361265,4,0.0
35120,180,36.547909,225,True,1280.3163569306548,4,0.0
35160,181,24.796356,225,True,825.4542570712633,3,0.0
35460,182,24.667148,225,True,862.6859201842931,2,1.0
35664,183,3.600551,136,False,578.4220521281395,3,0.0
35812,184,30.590616,225,True,1065.2246496134926,4,0.0
36060,185,36.587342,225,True,1272.2936829239347,5,0.0
36288,186,18.181994,207,False,1152.0797741979964,4,0.2
36564,187,33.546092,225,True,1142.6436800483111,5,0.0
36712,188,32.945526,225,True,1151.4210534693375,3,0.0
36960,189,36.658139,225,True,1252.7255549716465,6,0.0
37188,190,36.558811,225,True,1231.9524217208068,7,0.0
37396,191,9.939189,208,False,859.967570150003,2,0.0
37612,192,25.81362,225,True,876.5447840476056,3,0.2
37860,193,33.972458,225,True,1178.0983345234831,5,0.0
38020,194,14.783381,208,False,1057.7352499943963,1,0.0
38296,195,28.93721,225,True,1033.4884199530384,2,0.4
38512,196,36.155393,225,True,1276.6157094454652,4,0.0
38760,197,24.58508,225,True,925.0031842602361,1,2.4
38920,198,32.458753,225,True,1092.7501279626044,7,0.2
39180,199,-4.233478,65,False,358.660884775529,0,1.0
39196,200,36.993258,225,True,1234.130301485869,8,0.0
39412,201,35.134599,225,True,1207.7839609035818,6,0.0
39660,202,30.858657,225,True,1054.3462859083133,5,0.0
39860,203,9.547406,170,False,832.2962534750015,2,0.0
40096,204,37.187647,225,True,1258.705864887172,7,0.0
40312,205,39.611842,225,True,1322.8736770962623,9,0.0
40560,206,27.789272,225,True,929.1708975152017,4,0.0
40760,207,30.652913,225,True,1050.116537624228,5,0.0
40996,208,36.785324,225,True,1256.2129564206393,6,0.0
41068,209,10.234679,189,False,890.9871729612066,0,0.0
41216,210,6.125859,164,False,766.6343672500743,0,0.0
41260,211,6.506027,125,False,709.8410862705412,2,0.0
41896,212,30.609675,225,True,1072.3870132375482,3,0.0
41968,213,29.189261,225,True,985.9704540259122,5,0.2
42116,214,30.591849,225,True,1066.0739447734513,4,0.0
42160,215,38.500038,225,True,1284.8015340108182,10,0.0
42796,216,29.327863,225,True,1057.9145078897227,1,0.0
42868,217,26.043116,225,True,875.3246590034723,3,0.0
43016,218,23.298736,225,True,818.3494579060391,0,0.0
43060,219,31.91438,225,True,1090.975218928767,6,0.0
43696,220,37.934996,225,True,1267.7998551245087,9,0.0
43768,221,37.699469,225,True,1278.3787498789834,7,0.0
43916,222,35.358247,225,True,1186.3298956533927,7,0.0
43924,223,-6.976603,39,False,191.33587578676543,1,0.2
43960,224,33.011448,225,True,1154.8579298856694,3,0.0
44296,225,9.069465,150,False,789.9786118929305,5,0.8
44816,226,34.299679,225,True,1228.7871569039135,4,0.2
44824,227,29.312636,225,True,1030.9054447543147,3,0.2
44860,228,36.048949,225,True,1163.5579537968847,10,0.0
45196,229,35.123267,225,True,1197.7306990097213,6,0.0
45716,230,37.099287,225,True,1307.9714631496472,4,0.0
45724,231,28.35062,225,True,1006.0248043498884,1,0.0
45760,232,36.493602,225,True,1251.7440889177356,6,0.0
46096,233,37.926052,225,True,1303.4420935025873,8,0.4
46616,234,23.792986,225,True,811.7194465651314,2,0.0
46624,235,26.64085,225,True,964.0340049732963,0,0.0
46660,236,27.01806,225,True,921.5224105166571,5,0.6000000000000001
46996,237,26.697908,225,True,924.7163160500666,5,0.6000000000000001
47516,238,35.616412,225,True,1193.456461639953,10,0.6000000000000001
47524,239,29.273758,225,True,1051.7503089482875,0,0.0
47560,240,35.178217,225,True,1169.5286655488358,8,0.0
47896,241,30.047219,225,True,965.0887653971654,8,0.0
48416,242,27.383622,225,True,1000.1448827306749,0,0.2
48424,243,39.297155,225,True,1343.0861992309924,7,0.0
48460,244,31.634471,225,True,1133.378841420259,3,0.0
48796,245,33.024318,225,True,1142.572700944319,6,0.4
49316,246,26.354027,225,True,890.1610723957865,4,0.0
49324,247,35.783261,225,True,1265.7304466736232,4,0.0
49360,248,33.296493,225,True,1129.459704892659,8,0.8
49696,249,39.004813,225,True,1320.1925036321622,8,0.2
50052,250,-2.549032,89,False,404.43871103301126,1,0.2
50216,251,32.33561,225,True,1089.4243989293886,8,0.4
50224,252,26.943729,225,True,916.9491664581258,3,0.0
50260,253,31.349719,225,True,1069.1887485224943,5,0.0
50620,254,-2.099963,101,False,446.40148039445944,0,0.4
50952,255,27.930466,225,True,1017.21865000004,2,0.4
50988,256,16.77109,191,False,1062.8436003130282,6,0.0
51160,257,34.476261,225,True,1203.8504279248987,4,0.0
51236,258,-5.103865,62,False,347.8454128186436,1,1.9999999999999998
51520,259,33.782818,225,True,1153.712730994081,5,0.0
51852,260,36.320702,225,True,1252.0280828039213,6,0.0
52060,261,37.312287,225,True,1262.8914644941638,7,0.0
52136,262,30.588618,225,True,1076.3447334704606,4,0.0
52420,263,30.286202,225,True,1061.848066696291,2,0.0
52752,264,33.476257,225,True,1143.0502750364585,6,0.0
52960,265,36.47899,225,True,1296.759605837879,6,1.4
53036,266,25.287238,225,True,860.2895111395885,2,0.0
53320,267,40.25524,225,True,1335.0096026473625,11,0.0
53652,268,38.98015,225,True,1337.6060197705601,8,0.0
53860,269,37.116918,225,True,1301.4767070224489,7,1.7999999999999998
53936,270,38.545187,225,True,1339.407484856108,6,0.2
54220,271,26.036711,225,True,924.668452429049,6,2.6
54552,272,30.953482,225,True,1072.5392684018275,3,0.0
54632,273,1.611887,103,False,556.4754638637007,2,1.0
54688,274,13.993636,188,False,970.1454349366918,5,0.0
54760,275,34.619649,225,True,1206.3859640493793,5,0.0
55204,276,4.471147,143,False,629.2458963846661,2,0.0
55452,277,28.295747,225,True,1011.0298976992619,3,0.4
55588,278,37.020015,225,True,1300.8006182659274,4,0.0
55660,279,34.456693,225,True,1211.0677398289095,5,1.0
55868,280,-4.616114,52,False,296.95544508620696,0,0.0
56104,281,30.810593,225,True,1073.2237247478383,5,0.6000000000000001
56352,282,31.138421,225,True,1059.1368288572235,5,0.0
56488,283,36.93726,225,True,1287.8903809561302,5,0.0
56768,284,37.588537,225,True,1305.141486569637,5,0.0
56896,285,9.434577,136,False,811.7830749141383,3,0.0
57004,286,34.446892,225,True,1183.4756649970159,6,0.0
57388,287,33.480998,225,True,1109.6399231655969,7,0.0
57416,288,-1.405558,103,False,427.7776609852208,1,0.0
57668,289,34.56547,225,True,1285.8187912702988,6,1.0
57796,290,38.003666,225,True,1297.7466584739382,7,0.0
58244,291,17.054442,214,False,1102.97766541307,4,0.0
58316,292,36.512522,225,True,1312.5008895546184,5,0.4
58436,293,12.627959,160,False,924.31837958539,4,0.0
58504,294,-5.06427,47,False,278.229214580364,0,0.0
58568,295,39.063092,225,True,1332.9236945851776,8,0.4
59144,296,40.060177,225,True,1328.007096120558,11,0.0
59336,297,25.383929,225,True,896.1571560599693,0,0.0
59400,298,23.620056,224,False,1295.202240105859,9,0.0
59468,299,34.644951,225,True,1231.3980480358364,3,0.0
59676,300,-4.766968,52,False,274.121278417869,1,0.0
60044,301,38.608812,225,True,1345.9524934514448,5,0.0
60152,302,15.09355,204,False,1082.1420112163014,1,0.0
60300,303,34.008551,225,True,1180.3420271696004,4,0.0
60576,304,24.810447,225,True,854.0178608317983,3,0.0
60944,305,31.410601,225,True,1107.6240434609767,3,0.0
61052,306,27.642272,225,True,1015.2908764994631,0,0.0
61192,307,4.701743,154,False,722.4697380054727,1,1.4
61200,308,37.764406,225,True,1311.3762474763912,5,0.0
61320,309,-7.737683,32,False,171.29268910437736,0,0.0
61844,310,37.784094,225,True,1299.3637512351293,7,0.0
61952,311,39.62536,225,True,1325.8143872485693,9,0.0
62100,312,31.484819,225,True,1099.3927526873972,4,0.2
62220,313,20.979024,225,True,735.9609784061249,1,0.4
62656,314,-1.051901,109,False,424.3239537238271,1,0.0
62744,315,29.922437,225,True,1015.2974823301727,4,0.0
62852,316,33.57563,225,True,1145.4252182642567,6,0.0
63000,317,37.480034,225,True,1302.4013615132276,6,0.2
63164,318,-1.531191,78,False,404.35234372499485,1,0.0
63500,319,3.699706,125,False,580.788232710411,3,0.0
63556,320,27.057812,225,True,1011.9124828222555,5,4.000000000000001
63644,321,28.839158,225,True,991.1663121963693,4,0.0
63824,322,-3.428719,67,False,334.05124536816675,1,0.0
63960,323,-2.874725,79,False,349.81100372801507,1,0.0
64012,324,4.062634,128,False,634.505346210602,1,0.0
64064,325,33.988993,225,True,1165.9597244462739,7,0.0
64724,326,35.983434,225,True,1227.3373696621843,7,0.0
64840,327,-7.910937,29,False,165.1625122404405,0,0.0
64860,328,29.24321,225,True,1024.9284051673562,2,0.0
64912,329,30.463435,225,True,1065.737409379421,4,0.0
64964,330,35.61178,225,True,1201.2711946212407,7,0.0
65056,331,-7.280519,36,False,191.1792533625421,0,0.0
65740,332,31.649267,225,True,1098.7706655713887,4,0.0
65760,333,38.333835,225,True,1318.1534034204187,6,0.0
65864,334,34.074957,225,True,1140.5982692080725,8,0.0
65956,335,26.517104,225,True,1044.6841485048246,3,4.000000000000001
66640,336,36.655771,225,True,1290.2308476516928,4,0.0
66660,337,33.901203,225,True,1158.448136403656,5,0.0
66764,338,36.226956,225,True,1258.6782333720894,5,0.0
66856,339,27.596934,225,True,991.0773667718615,1,0.8
67172,340,1.606151,133,False,604.2460316248801,1,1.4
67560,341,28.657648,225,True,1040.705939422202,1,0.2
67664,342,28.595366,225,True,1069.4146343278258,1,2.1999999999999997
67756,343,27.869253,225,True,949.1701343565496,3,0.0
68072,344,29.471027,225,True,1072.441063898013,2,1.5999999999999999
68296,345,3.781547,135,False,623.2618868138336,1,0.0
68460,346,34.328651,225,True,1192.346041051288,5,0.4
68564,347,36.574163,225,True,1247.7665137986346,6,0.0
68908,348,0.340134,86,False,480.80534303799686,2,0.0
68972,349,37.653761,225,True,1262.1504439165428,8,0.0
69196,350,24.250183,225,True,836.407310276312,2,0.0
69360,351,35.492312,225,True,1122.09249289923,13,0.2
69808,352,35.656103,225,True,1208.6441110730807,7,0.0
69872,353,37.588393,225,True,1273.935728345583,7,0.0
70096,354,23.60434,225,True,840.9735923254766,0,0.4
70260,355,31.685662,225,True,1141.8264923069678,2,0.4
70708,356,29.350093,225,True,1059.6037397875393,2,0.8
70724,357,5.15166,157,False,671.6663871184385,1,0.0
70772,358,31.873821,225,True,1093.352836070747,5,0.0
71160,359,31.880711,225,True,1093.6284494549855,4,0.0
71608,360,32.605687,225,True,1169.0274664327617,2,0.0
71624,361,28.87786,225,True,998.3143882521879,4,0.6000000000000001
71672,362,39.765276,225,True,1301.811029488474,12,0.6000000000000001
72060,363,35.440404,225,True,1232.8161680086455,7,0.4
72508,364,31.250074,225,True,1102.0029554987832,3,0.0
72524,365,23.589669,225,True,843.5867613174712,1,0.0
72572,366,34.234552,225,True,1175.7820875467246,6,0.0
72960,367,26.093325,225,True,930.1329936166346,1,0.0
73408,368,26.55429,225,True,918.9715847178379,2,0.0
73424,369,35.723736,225,True,1255.3494367026615,4,0.0
73472,370,37.25953,225,True,1308.7811830454916,7,1.0
73860,371,31.56816,225,True,1123.526417815764,2,0.0
74308,372,35.12739,225,True,1252.2956082300066,4,0.0
74324,373,38.314284,225,True,1317.3713697178518,6,0.0
74372,374,36.81075,225,True,1274.8299938667287,5,0.0
74760,375,29.086004,225,True,981.040167237601,4,0.0
75208,376,32.366913,225,True,1135.4765386197296,4,0.6000000000000001
75224,377,37.107879,225,True,1309.915168334905,5,0.4
75272,378,37.886106,225,True,1238.6442552988901,10,0.0
75660,379,32.753749,225,True,1114.1499779942042,7,0.6000000000000001
75804,380,5.817692,145,False,699.1076745811208,1,0.0
75828,381,-5.907827,42,False,234.08693558839764,1,0.2
76108,382,37.718444,225,True,1294.3377430735518,6,0.0
76172,383,31.223044,225,True,1115.3217429354663,1,0.0
76204,384,-9.601253,24,False,136.74986956860516,0,1.2
76668,385,0.236395,116,False,531.0557977479302,1,1.5999999999999999
76704,386,37.213544,225,True,1273.3417765375143,8,0.6000000000000001
76728,387,34.121449,225,True,1199.2579779890993,3,0.0
77072,388,27.811561,225,True,985.2624238526562,1,0.0
77248,389,-6.290692,44,False,249.17233886860663,0,0.6000000000000001
77568,390,33.818708,225,True,1151.1483281562664,7,0.2
77604,391,33.854554,225,True,1119.7821411198074,8,0.0
77628,392,40.983188,225,True,1345.7275139554981,11,0.0
77656,393,-10.126236,22,False,122.95054132285986,0,0.8
78072,394,-0.665879,111,False,450.96482446417986,1,0.2
78148,395,28.838913,225,True,1003.9565297875381,2,0.0
78504,396,36.206166,225,True,1250.6466453490248,5,0.0
78556,397,28.743262,225,True,984.1304767867084,4,0.2
78620,398,0.750469,137,False,598.8187647127882,2,4.000000000000001
79048,399,30.200444,225,True,1079.2177478701942,1,0.0
79404,400,29.123118,225,True,992.9247186458774,5,0.6000000000000001
79456,401,30.846558,225,True,1053.8623132474772,8,0.4
79520,402,25.486827,225,True,989.8730895833417,1,2.6
79948,403,34.022414,225,True,1209.6965759094182,4,0.0
80056,404,-8.206745,27,False,158.13019707341277,0,0.0
80304,405,25.691033,225,True,886.0413191465855,4,1.0
80356,406,23.284709,225,True,881.7883576461782,2,2.8000000000000003
80420,407,31.57199,225,True,1134.0796166364476,2,0.0
80956,408,31.691715,225,True,1086.0686186329262,4,0.0
81204,409,32.017047,225,True,1147.0818670764984,4,1.2
81256,410,38.883055,225,True,1340.1221910540094,6,0.0
81320,411,29.202873,225,True,984.9149110627452,4,0.0
81808,412,7.808798,151,False,742.7519245632648,4,0.0
81856,413,30.026965,225,True,1054.6786117675574,4,0.0
81940,414,7.953436,155,False,789.337425420089,1,0.2
82092,415,-2.929704,59,False,344.411827165992,2,0.0
82156,416,25.210162,225,True,857.2064701906779,2,0.0
82692,417,13.555018,221,False,1059.8007264647654,1,0.4
82840,418,36.551209,225,True,1250.0483505417278,6,0.0
82992,419,28.458444,225,True,935.937764013343,6,0.0
83056,420,30.266504,225,True,1110.660173697816,2,1.7999999999999998
83592,421,31.27844,225,True,1075.9376113532635,5,0.4
83740,422,30.140884,225,True,1048.0353607146671,9,1.7999999999999998
83808,423,16.093864,204,False,1049.3545643845473,6,0.0
83956,424,28.698755,225,True,1041.550215708764,0,0.0
84492,425,35.342961,225,True,1153.7184364698242,11,0.4
84640,426,28.223472,225,True,987.3388824434326,3,0.0
84708,427,34.912199,225,True,1187.6879595528885,6,0.0
84856,428,33.701778,225,True,1178.4711370577788,4,0.0
84896,429,-1.890539,101,False,422.77845040044554,2,0.4
85456,430,2.948681,150,False,597.9472501912019,1,0.6000000000000001
85540,431,29.187385,225,True,994.6953914055534,7,1.2
85608,432,28.896811,225,True,989.472429709434,3,0.0
85744,433,-4.465482,72,False,337.3807275465085,0,1.2
85796,434,31.0679,225,True,1104.3159993445183,2,0.0
86288,435,7.975674,170,False,752.6269563636033,3,0.0
86440,436,30.452896,225,True,1082.9158289418624,1,0.0
86644,437,31.349267,225,True,1040.3706781614255,6,0.0
86696,438,31.073924,225,True,1120.5569740785522,3,1.0
87188,439,33.795201,225,True,1159.808034782237,7,1.5999999999999999
87340,440,34.772462,225,True,1220.4984641462765,7,1.4
87544,441,28.02693,225,True,941.0771961974449,6,0.0
87596,442,32.606001,225,True,1133.8400417359298,5,0.4
88088,443,30.315387,225,True,1069.415496661206,2,0.0
88168,444,7.044902,156,False,727.3960647772117,3,0.2
88240,445,29.785379,225,True,1021.0151534963143,5,0.0
88496,446,24.159526,225,True,892.7810442875523,3,1.4
88988,447,22.499753,225,True,780.7901282269629,0,0.0
89068,448,38.334345,225,True,1334.1737910061297,5,0.0
89140,449,24.861655,225,True,864.8661815151656,3,0.4
89396,450,26.451452,225,True,918.0580766510386,2,0.0
89888,451,23.430953,225,True,829.2381143332254,1,0.4
89968,452,27.751378,225,True,978.0551072466114,3,0.2
90040,453,26.205954,225,True,898.6381763785926,3,0.0
90296,454,30.294385,225,True,966.175408206532,10,0.4
90492,455,-5.191903,49,False,274.7238863256598,0,0.0
90788,456,36.58199,225,True,1265.6795917422623,5,0.0
90868,457,31.542808,225,True,1096.1123102757115,3,0.0
90940,458,21.75241,225,True,799.6963833989457,2,1.0
91392,459,32.484561,225,True,1118.5824426485342,4,0.0
91620,460,-3.069992,57,False,315.6003015092408,3,0.2
91688,461,26.606489,225,True,916.2595650761348,4,0.2
91768,462,28.369511,225,True,957.9804209538356,4,0.0
91840,463,32.699526,225,True,1099.9810537955914,7,0.6000000000000001
92520,464,38.372109,225,True,1289.284352047528,8,0.0
92588,465,32.235826,225,True,1091.833041082598,5,0.0
92668,466,35.928126,225,True,1142.7250445353698,11,0.0
92740,467,38.163689,225,True,1306.5475509566545,8,1.0
93420,468,35.933743,225,True,1239.7497032477677,5,0.0
93488,469,29.43782,225,True,1000.7128059621266,7,1.0
93568,470,26.759247,225,True,929.56987964672,3,0.8
93640,471,21.151532,225,True,726.8612685987616,0,0.0
94320,472,36.39124,225,True,1302.0495996041273,6,2.1999999999999997
94388,473,34.291407,225,True,1175.6562881233108,9,2.1999999999999997
94444,474,14.52853,219,False,993.941191082899,6,0.6000000000000001
94540,475,29.415282,225,True,1033.411283918778,2,0.0
95220,476,24.127466,225,True,850.6986410478173,3,1.2
95288,477,23.583624,225,True,808.1449554768283,1,0.0
95344,478,36.492128,225,True,1222.0851165657864,8,0.0
95440,479,34.49856,225,True,1133.5423949502715,8,0.0
96120,480,23.613963,225,True,799.7585212649935,2,0.0
96188,481,35.635778,225,True,1179.0311041450914,8,0.0
96244,482,34.921642,225,True,1188.0656613466313,8,0.4
96340,483,36.09454,225,True,1228.5816097720094,6,0.0
97020,484,31.596375,225,True,1029.455003955351,9,0.6000000000000001
97088,485,28.657334,225,True,1027.0933732227386,0,0.0
97144,486,21.767081,225,True,782.6832326170979,0,1.2
97240,487,26.957007,225,True,943.0802803873983,1,0.0
97920,488,28.633938,225,True,1010.1575060152302,1,0.0
97988,489,32.453013,225,True,1114.9205090936848,4,0.0
98044,490,33.262927,225,True,1148.9170698218145,4,0.0
98140,491,25.229876,225,True,865.9950356907702,3,0.0
98820,492,25.175439,225,True,872.6175506857585,1,0.0
98888,493,25.039057,225,True,867.1622751743337,2,0.4
98944,494,33.813605,225,True,1081.3442061474802,10,0.0
99040,495,32.438515,225,True,1080.740599557077,7,0.0
99720,496,25.454768,225,True,902.1907055689649,2,0.2
99788,497,33.201859,225,True,1175.274362273769,3,0.0
99844,498,37.698794,225,True,1279.9517412357673,8,0.2
99940,499,34.083844,225,True,1178.5537669421897,5,0.2
100100,500,-5.977504,64,False,300.89982477655485,1,2.6
100620,501,35.164656,225,True,1231.3862567698752,4,0.0
100688,502,25.938481,225,True,915.139237874841,1,0.0
100840,503,36.370013,225,True,1247.6005395549582,6,0.0
101000,504,35.529603,225,True,1207.5841380286975,6,0.0
101264,505,1.659321,144,False,545.5728417725093,2,1.2
101520,506,33.542145,225,True,1144.0857854732772,5,0.0
101620,507,-1.335255,89,False,444.189808128428,1,0.6000000000000001
101740,508,32.477345,225,True,1126.2938051238307,5,0.2
101900,509,37.398535,225,True,1335.141418272909,6,1.2
102100,510,-4.240428,50,False,295.98287898174635,1,0.0
102420,511,36.250417,225,True,1284.4166796111404,3,0.0
102520,512,28.025245,225,True,966.6097999476324,3,0.0
102636,513,-1.280949,134,False,450.36205457195865,0,0.6000000000000001
102640,514,34.461958,225,True,1216.8783314225825,6,1.0
103184,515,13.512543,166,False,974.1017299961354,3,0.0
103320,516,31.417667,225,True,1073.5066782812296,4,0.0
103536,517,39.866571,225,True,1337.862859448122,9,0.0
103540,518,37.865359,225,True,1318.614361439777,7,0.6000000000000001
104084,519,34.524892,225,True,1173.7956848284134,7,0.6000000000000001
104220,520,35.5103,225,True,1240.4120034577827,5,0.0
104436,521,25.05284,225,True,914.91361724371,2,0.4
104440,522,32.77345,225,True,1081.3379872225232,7,0.0
104532,523,-9.694215,24,False,127.43138226079986,1,1.5999999999999999
104676,524,5.882416,148,False,692.0966299829183,5,1.0
105120,525,25.948071,225,True,903.5228273978928,1,0.0
105340,526,36.124397,225,True,1247.3758986844991,5,0.0
105432,527,18.789205,225,True,739.5681887525693,1,4.200000000000001
105576,528,38.308109,225,True,1270.7243427657058,9,0.0
106020,529,39.686165,225,True,1341.8466097544806,8,0.0
106240,530,27.710872,225,True,970.0348679054393,2,0.0
106332,531,28.391116,225,True,922.0446564157767,6,0.0
106476,532,32.374953,225,True,1065.398130120545,8,0.4
106920,533,37.023186,225,True,1261.7274267552502,7,0.0
107140,534,29.224864,225,True,981.7945654113701,7,0.8
107232,535,34.116548,225,True,1178.2619216248818,6,0.2
107376,536,29.13839,225,True,1009.5356186816873,5,1.0
107820,537,27.630993,225,True,954.0397301506605,2,0.0
108040,538,37.783821,225,True,1293.752840430856,7,0.0
108132,539,31.943208,225,True,1120.1283055969275,4,1.0
108276,540,37.021077,225,True,1234.4430614464754,9,0.0
108604,541,6.53263,141,False,674.1052142128121,7,1.7999999999999998
108720,542,26.330454,225,True,946.8181726373016,0,0.2
109032,543,30.42844,225,True,1030.7376192146353,6,0.6000000000000001
109176,544,36.793959,225,True,1263.7583762667505,8,0.2
109504,545,37.695058,225,True,1332.6023077664013,6,0.6000000000000001
109620,546,37.001084,225,True,1304.0433648414055,8,1.2
109932,547,30.267569,225,True,1055.5027671877492,4,0.8
110076,548,29.677141,225,True,1055.8856335041228,6,3.400000000000001
110404,549,26.771073,225,True,953.242919826431,2,0.6000000000000001
110520,550,31.840532,225,True,1022.4212665141858,9,0.0
110832,551,40.054404,225,True,1338.976143186887,9,0.0
110976,552,39.693115,225,True,1340.5245827101403,9,0.6000000000000001
111304,553,27.664017,225,True,908.9606830348825,5,0.0
111420,554,27.035864,225,True,943.0345612002577,2,0.0
111732,555,21.287953,225,True,788.318127251501,1,1.7999999999999998
111876,556,29.642354,225,True,1008.8941523016017,6,0.4
112184,557,-1.187868,113,False,526.0852787821555,3,5.600000000000002
112204,558,35.897693,225,True,1262.3077326242615,4,0.0
112320,559,36.155953,225,True,1307.83812291093,7,3.0000000000000004
112604,560,-2.758811,71,False,355.2475669585883,1,0.0
112776,561,28.795046,225,True,1018.2018501026521,1,0.0
113084,562,28.231959,225,True,948.4783788094123,6,0.0
113104,563,36.848064,225,True,1254.722552496096,8,0.8
113504,564,34.739263,225,True,1199.170524054603,5,0.0
113676,565,22.600632,225,True,784.8252610767956,0,0.0
113892,566,16.818401,202,False,1082.3360311036759,5,0.0
114004,567,34.695416,225,True,1211.8166461760193,5,0.4
114404,568,36.954405,225,True,1278.9761960500487,5,0.0
114576,569,27.707407,225,True,995.4962853754487,0,0.0
114792,570,24.840984,225,True,938.4393570884447,3,3.2000000000000006
114904,571,27.611018,225,True,914.8407005769172,5,0.0
115304,572,37.713999,225,True,1309.3599444909696,7,0.0
115476,573,30.109074,225,True,1021.962978886992,8,1.5999999999999999
115692,574,20.590552,225,True,790.8220825139565,1,2.6
115804,575,37.868242,225,True,1322.729671262182,5,0.0
116204,576,40.116865,225,True,1333.4746156187844,11,0.0
116376,577,32.155457,225,True,1119.0182710384947,4,0.0
116592,578,29.002085,225,True,995.2833900809535,6,0.8
116704,579,37.584688,225,True,1323.3875041215356,4,0.0
117048,580,9.292407,168,False,843.6962782560004,1,0.0
117104,581,34.910288,225,True,1195.6115252476352,7,0.0
117492,582,35.641857,225,True,1215.2742855765046,8,0.0
117604,583,20.937308,225,True,745.4923316589343,0,0.2
117700,584,-4.795628,52,False,299.3748744676577,1,0.8
117948,585,22.211501,225,True,786.8600550741974,0,0.0
118004,586,35.720985,225,True,1247.2393826742373,4,0.0
118504,587,40.941478,225,True,1334.459115571944,13,0.0
118600,588,37.961441,225,True,1256.8576298126982,9,0.0
118848,589,39.561095,225,True,1343.2437911830425,9,0.6000000000000001
118904,590,22.052082,225,True,825.283274100382,3,2.8000000000000003
119196,591,4.287421,149,False,665.096828421608,0,0.0
119228,592,-0.549916,95,False,427.6033551000294,2,0.0
119404,593,33.279647,225,True,1144.7858633709689,5,0.0
119564,594,3.061718,92,False,541.668737363666,5,0.0
119804,595,36.805676,225,True,1269.8270252997327,6,0.0
120128,596,37.511455,225,True,1286.858182521868,6,0.0
120304,597,34.488929,225,True,1209.9571448647966,4,0.0
120464,598,39.732544,225,True,1274.901771189776,13,0.0
120704,599,35.86156,225,True,1248.8623847883168,5,0.0
121028,600,21.699397,225,True,775.9758786618559,1,0.4
121204,601,35.843005,225,True,1252.1201896104458,4,0.0
121364,602,24.962859,225,True,863.3143696211589,1,0.0
121604,603,31.406263,225,True,1057.8505164470776,5,0.0
121928,604,36.376206,225,True,1242.2482570203197,6,0.0
122104,605,31.840609,225,True,1140.0243770458642,2,0.0
122264,606,27.815741,225,True,951.8296227135638,4,0.4
122504,607,31.336342,225,True,1087.853688488377,4,0.0
122828,608,30.743251,225,True,1110.5300496024101,2,1.0
123004,609,26.829102,225,True,965.1640899756171,2,0.6000000000000001
123164,610,34.953137,225,True,1209.3254984044993,10,1.9999999999999998
123316,611,-6.268018,38,False,214.079268729638,1,0.0
123404,612,25.096741,225,True,900.6696200086849,4,1.4
123728,613,35.182329,225,True,1204.0931748461544,6,0.0
123904,614,35.829292,225,True,1135.5716906358844,13,0.0
124132,615,-3.75105,57,False,316.3580162029791,1,0.0
124216,616,30.771521,225,True,1042.8608453845256,5,0.4
124304,617,29.188582,225,True,1049.9432755259118,4,2.4
124628,618,34.406357,225,True,1153.8542609875794,7,0.2
124932,619,-0.396513,76,False,448.9394851827051,1,0.0
125032,620,27.098272,225,True,916.7308831718958,3,0.0
125116,621,28.116893,225,True,958.275733883348,3,0.0
125204,622,38.157384,225,True,1291.8953753006022,9,0.6000000000000001
125832,623,30.707222,225,True,1098.6888830310504,2,0.6000000000000001
125932,624,36.755652,225,True,1229.4260774680165,8,0.0
126016,625,39.561419,225,True,1326.4567443339265,9,0.0
126104,626,33.170226,225,True,1158.0090408149754,10,1.4
126732,627,38.160906,225,True,1267.236258106248,12,0.8
126832,628,26.98877,225,True,918.7508035003091,3,0.0
126916,629,28.255598,225,True,1031.0239173230977,3,0.4
127004,630,31.378784,225,True,1107.1513767238625,3,0.0
127152,631,0.020669,105,False,488.0267771009326,0,0.0
127732,632,29.140071,225,True,1024.0028566104133,3,0.8
127816,633,30.846654,225,True,1107.4661401007215,2,0.0
127904,634,35.519147,225,True,1213.5658892595634,7,0.0
128052,635,31.283325,225,True,1070.5330186067613,4,0.0
128376,636,-0.906907,118,False,465.3237048964718,1,1.0
128632,637,31.94253,225,True,1084.901199883992,9,1.4
128716,638,33.459021,225,True,1203.1608510700794,4,1.4
128928,639,-2.08188,74,False,363.12480292898886,4,0.0
128952,640,29.725708,225,True,1038.6283114950438,2,0.0
129276,641,24.876374,225,True,869.4549768629113,3,1.2
129616,642,28.983733,225,True,1009.7493278725206,3,0.0
129828,643,27.229361,225,True,904.3744352261883,6,0.0
129852,644,34.152269,225,True,1151.6907747469245,6,0.0
129868,645,8.138876,148,False,766.3550559581977,3,0.0
130516,646,36.948801,225,True,1295.5520301904498,4,0.0
130728,647,30.927005,225,True,1111.4802084557991,3,0.0
130752,648,30.314752,225,True,1047.7900884045876,5,0.2
130768,649,27.505686,225,True,949.0274267343759,2,0.0
130840,650,-10.785407,22,False,115.78372024711507,0,1.5999999999999999
131416,651,37.753322,225,True,1335.7328807123827,5,0.0
131628,652,25.170638,225,True,895.6255264060603,5,2.6
131668,653,27.366385,225,True,938.6554142817824,3,0.0
131740,654,33.830431,225,True,1183.6172241910194,5,0.0
132316,655,28.059443,225,True,968.7777295751825,7,1.0
132528,656,28.125294,225,True,948.211756604032,5,0.6000000000000001
132568,657,31.034265,225,True,985.3706007502344,9,0.0
132640,658,33.511304,225,True,1169.2521475825797,4,0.0
132876,659,-3.491116,59,False,342.7553781685781,1,0.0
133132,660,10.292244,141,False,825.2897754402024,5,0.4
133216,661,30.262313,225,True,1059.292534420047,2,0.0
133428,662,27.931489,225,True,974.0595599530604,2,0.0
133492,663,-1.418089,69,False,398.4764481522409,2,0.0
133776,664,20.377538,225,True,695.9015161246987,0,0.0
134032,665,28.282045,225,True,1013.6818145535065,4,0.8
134328,666,26.072232,225,True,914.0892874749541,2,0.0
134392,667,34.604651,225,True,1216.9860250503252,3,0.0
134676,668,27.709403,225,True,945.9761095070814,5,0.2
134800,669,3.893618,118,False,606.1447210690292,3,0.4
134932,670,30.809844,225,True,1085.1937616928108,3,0.0
135072,671,0.818488,99,False,489.53951380352055,2,0.0
135292,672,25.559245,225,True,871.1697887554562,2,0.0
135700,673,27.2651,225,True,941.0039983849178,3,0.2
135832,674,22.68157,225,True,789.6627965833932,1,0.0
135972,675,22.762216,225,True,807.2886222965269,1,0.4
136192,676,27.670532,225,True,925.2212844992102,5,0.0
136600,677,27.057137,225,True,988.6854859150803,3,1.9999999999999998
136732,678,27.810607,225,True,978.0242717599615,2,0.4
136872,679,23.207569,225,True,809.1027537971822,0,0.0
137092,680,30.573016,225,True,1060.5206248264876,6,1.2
137500,681,36.381418,225,True,1256.0567249325159,7,0.8
137632,682,30.93432,225,True,1038.172812982982,5,0.0
137772,683,37.740297,225,True,1264.0118991582858,8,0.0
137992,684,34.402811,225,True,1194.5124501400464,4,0.0
138232,685,4.269618,115,False,589.1847376026403,5,0.2
138400,686,28.189125,225,True,976.3649929335752,2,0.0
138532,687,30.027546,225,True,1061.1018204840639,4,1.2
138544,688,-3.41956,78,False,335.2175982040699,1,0.0
138892,689,31.661071,225,True,1052.8428381453568,6,0.0
139300,690,23.996832,225,True,840.6732839159858,0,0.0
139340,691,12.350522,199,False,974.8208807769499,1,0.0
139432,692,35.061824,225,True,1140.8729522794338,9,0.0
139708,693,-2.094434,92,False,382.6226322181358,1,0.0
139792,694,33.792161,225,True,1168.4864422078786,4,0.0
140200,695,21.908692,225,True,791.5476800657063,1,1.5999999999999999
140332,696,28.301796,225,True,950.4718287628023,4,0.0
140608,697,34.382955,225,True,1129.7182019115812,8,0.0
140692,698,32.644625,225,True,1152.9850015197094,3,0.0
141100,699,23.370259,225,True,799.6103469743198,1,0.0
141232,700,25.807192,225,True,913.0876728356498,0,0.0
141328,701,-9.219636,24,False,132.81454750603257,0,0.8
141508,702,32.6167,225,True,1111.8679804644812,5,0.0
141592,703,27.989965,225,True,1045.1986022949136,2,2.1999999999999997
142000,704,26.38878,225,True,947.5512099501022,0,0.0
142228,705,29.770921,225,True,1014.0368237858731,7,1.2
142408,706,23.926227,225,True,882.6490778053842,0,1.5999999999999999
142492,707,26.05642,225,True,907.0567957547419,1,0.0
142900,708,25.033095,225,True,878.1237814744011,4,0.6000000000000001
143128,709,22.830047,225,True,778.0018752535627,1,0.0
143308,710,31.579659,225,True,1054.3863618838213,6,0.0
143392,711,26.891395,225,True,962.8557807028355,0,0.0
143800,712,29.541835,225,True,1030.4733826168338,2,0.0
143896,713,14.73768,192,False,1051.1071957555823,3,0.6000000000000001
144028,714,-4.972047,57,False,299.5181263271345,1,0.4
144208,715,19.731655,225,True,753.2661827267686,1,3.600000000000001
144292,716,31.409553,225,True,1105.182115021395,2,0.0
144796,717,34.003238,225,True,1176.92953384059,4,0.0
144928,718,26.285439,225,True,945.0175639958616,0,0.0
145108,719,36.106323,225,True,1231.4529275498944,6,0.0
145192,720,34.899491,225,True,1177.5796559135697,7,0.0
145696,721,30.048115,225,True,1039.5245926238026,5,1.0
145828,722,27.9733,225,True,903.7320176552328,6,0.0
146008,723,32.993614,225,True,1138.9445668076505,5,0.0
146092,724,27.873588,225,True,990.9435067142158,1,0.0
146596,725,34.266897,225,True,1109.0758898003191,9,0.0
146728,726,21.817183,225,True,753.4873245309273,0,0.0
146908,727,29.958172,225,True,1032.7268656702604,3,0.0
146992,728,28.053193,225,True,939.7277378956232,5,0.6000000000000001
147496,729,26.32871,225,True,908.3484063248493,2,0.0
147628,730,35.341033,225,True,1172.8413222339468,8,0.0
147808,731,31.674538,225,True,1053.3815238654997,6,0.0
147892,732,30.027821,225,True,1109.1128290418237,4,3.400000000000001
148396,733,30.848552,225,True,1014.7420671149068,7,0.0
148476,734,-9.325822,20,False,112.56711219604836,0,0.2
148528,735,31.812828,225,True,1063.7131331559904,6,0.0
148708,736,27.718963,225,True,960.7585055027225,3,0.0
148792,737,25.399339,225,True,896.7735684625418,0,0.0
149376,738,32.553536,225,True,1086.9414580405778,6,0.0
149428,739,28.418089,225,True,993.5235736583281,3,0.0
149608,740,37.80362,225,True,1263.3447849337108,9,0.0
149692,741,37.43,225,True,1249.2000000000025,8,0.0
149956,742,-5.969489,66,False,288.42045820421504,0,1.2
150276,743,27.269408,225,True,918.7763311813485,4,0.0
150328,744,37.358219,225,True,1290.328750956533,6,0.0
150508,745,30.672421,225,True,1053.296832903607,7,1.2
150856,746,31.695442,225,True,1118.217671637076,2,0.0
151176,747,28.799855,225,True,1035.9942036360242,4,0.6000000000000001
151228,748,34.845544,225,True,1176.2217771671098,7,0.0
151408,749,26.441065,225,True,928.842586943754,1,0.0
151756,750,22.597212,225,True,784.6884604332608,0,0.0
152076,751,36.207493,225,True,1206.6997185744622,8,0.2
152128,752,34.108154,225,True,1165.9261453878826,5,0.0
152308,753,27.227298,225,True,888.2919308922083,6,0.6000000000000001
152656,754,30.037516,225,True,1031.1006338657596,6,1.4
152976,755,32.99233,225,True,1096.4932004593106,8,0.0
153028,756,34.743469,225,True,1144.1387435243887,9,0.0
153208,757,32.126461,225,True,1085.8584568791298,5,0.0
153556,758,33.867861,225,True,1177.9144220377857,5,0.0
153876,759,26.475449,225,True,923.8179719813843,1,0.0
153888,760,-1.020203,83,False,441.5918885679523,2,0.4
153928,761,35.229456,225,True,1195.5782499798438,6,0.0
154108,762,27.477556,225,True,948.7022440991675,2,0.0
154776,763,21.579133,225,True,828.7653274526899,2,4.800000000000002
154788,764,37.242853,225,True,1276.114121071736,6,0.0
154828,765,28.350274,225,True,957.2109431896502,4,0.0
155008,766,24.143286,225,True,814.5314241014325,2,0.0
155676,767,29.780533,225,True,992.0213235013782,5,0.0
155688,768,28.335641,225,True,1020.6256480694415,5,1.7999999999999998
155728,769,21.408667,225,True,737.1466775374934,0,0.0
155908,770,24.13298,225,True,809.3191957033655,4,0.8
156576,771,35.250644,225,True,1242.0257724175617,4,0.0
156588,772,24.721242,225,True,860.0496605576161,1,0.0
156628,773,30.549944,225,True,990.7977616910696,7,0.0
156808,774,26.875019,225,True,955.800754477933,0,0.0
157476,775,37.668343,225,True,1264.3337018181392,8,0.0
157488,776,23.18597,225,True,824.2387854780063,3,2.1999999999999997
157528,777,21.319827,225,True,744.7930940238475,0,0.0
157708,778,25.148747,225,True,853.9498887171064,3,0.6000000000000001
158376,779,30.747383,225,True,1080.295313898719,2,0.0
158388,780,26.051793,225,True,906.8717398013785,1,0.0
158428,781,38.402711,225,True,1338.5084342684645,5,0.0
158608,782,35.636896,225,True,1229.4758426685994,6,0.0
159276,783,25.093148,225,True,886.1259112659054,0,0.0
159288,784,25.268879,225,True,859.5551729688852,2,0.0
159328,785,32.544165,225,True,1152.1665988352438,6,1.9999999999999998
159508,786,25.81526,225,True,881.4103934145685,2,0.0
160176,787,35.493856,225,True,1196.5542293049093,8,0.4
160188,788,30.180753,225,True,1053.6301064963345,3,0.0
160228,789,29.266946,225,True,989.0778239394378,5,0.4
160268,790,-9.580479,23,False,119.9808280830307,0,0.2
160408,791,20.583441,225,True,704.1376418836239,0,0.0
161088,792,24.273734,225,True,952.5493711836621,0,4.200000000000001
161128,793,22.8314,225,True,814.8560191150341,3,2.4
161168,794,26.79043,225,True,938.0172071412776,4,0.8
161308,795,25.691346,225,True,871.6538436230844,3,0.2
161988,796,24.427203,225,True,864.2881226561453,0,0.0
162028,797,30.384357,225,True,1017.7742957820076,5,0.0
162068,798,30.995919,225,True,1025.4367565449652,6,0.0
162208,799,22.876978,225,True,779.8791300956586,1,0.0
162888,800,34.749178,225,True,1219.567110256838,4,0.0
162928,801,24.054486,225,True,833.3794299511133,1,0.0
162968,802,27.974628,225,True,981.385131333423,2,0.0
163108,803,24.305974,225,True,837.0389668421403,1,0.0
163788,804,38.637269,225,True,1311.8907645847466,10,1.7999999999999998
163828,805,30.37864,225,True,1076.7456116294302,2,0.0
163868,806,30.284789,225,True,1068.1915724538685,2,0.0
164008,807,27.891754,225,True,902.070175518993,7,0.2
164688,808,32.884733,225,True,1156.1893255019618,5,0.4
164728,809,37.081335,225,True,1260.0534036926401,7,0.0
164768,810,35.769121,225,True,1239.5648366339574,6,0.0
164908,811,24.487093,225,True,860.2837064536757,0,0.0
165588,812,23.903794,225,True,804.9517561466678,2,0.0
165628,813,33.779901,225,True,1152.7960325439499,5,0.0
165668,814,28.867466,225,True,1018.6986259070579,2,0.0
165808,815,32.962749,225,True,1152.9099421761848,4,0.4
166088,816,2.69718,115,False,573.4871906698177,1,0.0
166388,817,3.410415,145,False,582.0165810123849,3,0.2
166488,818,26.322647,225,True,962.5058833895866,3,2.4
166568,819,29.417402,225,True,1021.4960962510486,3,0.2
166988,820,31.045544,225,True,1079.42176646794,6,1.7999999999999998
167288,821,33.096938,225,True,1141.4775352056467,4,0.0
167320,822,-5.591865,83,False,313.12539520080463,1,3.0000000000000004
167388,823,21.303696,225,True,737.7478593748729,0,0.2
167468,824,26.984974,225,True,969.798946167688,2,1.4
168188,825,25.439573,225,True,890.3829260134046,2,0.0
168220,826,34.840887,225,True,1197.6354873197574,6,0.0
168288,827,27.605388,225,True,981.8155158509512,1,0.0
168368,828,33.972625,225,True,1185.3050199464842,4,0.0
169088,829,30.087888,225,True,1053.9155018921633,2,0.0
169120,830,31.893211,225,True,1060.5284431557966,6,0.0
169188,831,29.225052,225,True,1057.802072314376,1,0.0
169252,832,-8.309268,33,False,166.02926566021665,0,0.0
169268,833,22.690061,225,True,790.0024532704058,3,1.7999999999999998
169988,834,34.311112,225,True,1190.8444745839229,4,0.0
170088,835,28.625494,225,True,968.2197682559381,4,0.0
170152,836,29.603537,225,True,1032.9414967865061,2,0.0
170168,837,25.275665,225,True,911.0265949684924,1,0.0
170888,838,35.356079,225,True,1203.8431697941032,6,0.0
170988,839,31.697418,225,True,1085.496731868238,4,0.0
171052,840,32.031287,225,True,1099.6514695288479,4,0.0
171068,841,32.531908,225,True,1158.0763134885487,2,0.0
171788,842,39.171648,225,True,1329.2659353569725,8,0.0
171888,843,21.714843,225,True,749.393731652571,0,0.0
171952,844,36.148505,225,True,1247.54021064359,5,0.0
171968,845,29.416603,225,True,963.0641376235487,6,0.0
172688,846,32.419692,225,True,1151.987669582375,4,0.0
172788,847,26.427159,225,True,923.4863510959431,2,0.0
172852,848,31.89389,225,True,1056.5555889845268,7,0.0
172868,849,24.586578,225,True,885.0631245121504,3,1.4
173588,850,35.094769,225,True,1160.5907623355251,11,1.7999999999999998
173688,851,33.278683,225,True,1139.1473190502616,5,0.0
173752,852,36.545081,225,True,1220.2032356855098,10,1.0
173768,853,35.950579,225,True,1218.0231403269609,7,0.0
173964,854,-0.323918,94,False,474.2432808586352,0,0.0
173992,855,-5.86973,60,False,262.0108057036807,0,0.4
174588,856,33.407567,225,True,1124.3026659281632,6,0.0
174668,857,34.068947,225,True,1155.557862810872,6,0.0
174864,858,35.499552,225,True,1206.3820765145479,6,0.0
174892,859,36.162159,225,True,1291.2863723652458,3,0.0
175488,860,26.210624,225,True,871.6249455354312,4,0.2
175568,861,34.699103,225,True,1206.3641121272872,4,0.0
175764,862,36.124527,225,True,1184.9810995429038,9,0.0
175792,863,28.435984,225,True,1005.4393671190514,3,0.0
176116,864,-3.312324,88,False,355.5070345363324,0,0.0
176388,865,34.017469,225,True,1162.2987593649723,5,0.0
176468,866,31.972688,225,True,1115.7075161404714,4,0.0
176692,867,31.203099,225,True,1098.5239688015904,3,0.0
177016,868,23.073464,225,True,803.7385728495067,0,0.0
177136,869,11.989381,187,False,936.3752323638512,2,0.0
177368,870,28.860268,225,True,955.2107274832449,5,0.0
177432,871,7.965219,185,False,773.8087661163236,2,0.2
177916,872,28.016718,225,True,994.2687308514996,2,1.0
178036,873,24.494907,225,True,830.1962626333648,2,0.0
178268,874,27.600968,225,True,937.6387010603166,3,0.0
178332,875,23.527558,225,True,845.9023018385076,2,1.7999999999999998
178572,876,3.450777,164,False,613.2310636077755,1,0.4
178936,877,22.483109,225,True,764.124360956389,1,0.0
179168,878,32.008453,225,True,1145.1381267382658,4,1.4
179232,879,27.669461,225,True,993.9784207204561,0,0.0
179472,880,23.723773,225,True,826.5509359720011,1,0.0
179836,881,28.400194,225,True,975.2077560493315,3,0.0
180068,882,22.569009,225,True,773.9603748651548,1,0.0
180116,883,4.641828,161,False,664.8731087678188,3,1.5999999999999999
180132,884,33.019168,225,True,1161.5667263514629,4,0.4
180704,885,20.983392,217,False,1215.3356772402526,8,0.6000000000000001
180968,886,34.636585,225,True,1202.2634025546686,4,0.0
181016,887,29.443855,225,True,1052.1541800637287,3,0.0
181032,888,27.989942,225,True,910.7976847122911,6,0.0
181604,889,38.252736,225,True,1257.3094544117948,10,0.0
181868,890,35.694101,225,True,1202.1640330852906,10,1.4
181916,891,23.248354,225,True,845.9341756750919,1,1.4
181932,892,35.810381,225,True,1258.0152441441019,5,0.0
182504,893,29.928897,225,True,1074.7558769654229,1,0.4
182768,894,39.114677,225,True,1334.1870994210408,8,0.6000000000000001
182816,895,32.902595,225,True,1147.303818486715,5,0.0
182832,896,27.358361,225,True,975.1344251806895,0,0.0
183404,897,28.023436,225,True,1022.5374596566967,2,0.0
183668,898,33.420509,225,True,1126.4203472523664,7,0.6000000000000001
183716,899,25.639039,225,True,905.5615530498524,1,0.6000000000000001
183732,900,32.964635,225,True,1152.9853809044798,3,0.0
184304,901,26.887819,225,True,941.1127440671969,3,1.0
184568,902,26.997672,225,True,943.9068992599236,5,1.4
184616,903,35.947131,225,True,1265.8852229288027,7,0.0
184632,904,31.48955,225,True,1108.3820183138496,2,0.0
185204,905,22.442348,225,True,762.4939085595522,1,0.0
185468,906,35.998104,225,True,1264.724151837925,4,0.0
185516,907,30.276878,225,True,1043.8751160015936,3,0.0
185532,908,26.15735,225,True,927.0939823038486,0,0.0
186104,909,27.265134,225,True,940.2053527471419,2,0.0
186120,910,4.239599,163,False,657.5839413891049,1,0.6000000000000001
186416,911,33.46498,225,True,1180.9991826035953,4,0.0
186432,912,39.129303,225,True,1319.5721009674126,8,0.0
187004,913,32.358279,225,True,1128.7311777355144,3,0.0
187020,914,20.143706,225,True,765.7482347825014,0,2.4
187212,915,-4.013528,52,False,304.2588620798201,1,0.0
187316,916,28.213117,225,True,993.3246613471326,1,0.0
187332,917,23.984188,225,True,824.16753763213,1,0.0
187920,918,32.561815,225,True,1100.0725912925946,7,0.6000000000000001
188112,919,32.235944,225,True,1061.4377458513118,8,0.2
188216,920,30.630163,225,True,966.8065104120269,10,0.0
188232,921,26.580391,225,True,910.4156282670426,6,1.2
188820,922,31.13827,225,True,1023.1308028572632,9,0.4
189012,923,26.228698,225,True,931.547925957502,1,0.0
189116,924,20.127563,225,True,690.7025363850685,0,0.2
189132,925,25.679973,225,True,859.9989246589341,3,0.0
189720,926,25.726297,225,True,889.0518782299046,2,0.0
189884,927,12.111279,188,False,918.8511585457711,9,3.0000000000000004
189912,928,37.30429,225,True,1289.7715956039883,6,0.0
190016,929,26.885563,225,True,956.2225391575241,0,0.0
190472,930,0.480832,147,False,546.4332748708225,0,1.2
190620,931,40.053117,225,True,1330.9246901110455,10,0.0
190812,932,36.540889,225,True,1233.635571490549,7,0.0
190916,933,26.24885,225,True,867.5540145900236,6,0.6000000000000001
191372,934,39.401134,225,True,1266.4453547268631,12,0.0
191520,935,29.024162,225,True,998.5664788208755,7,1.4
191660,936,9.3328,212,False,847.7119898624778,5,2.8000000000000003
191816,937,35.897871,225,True,1199.9148260913694,9,1.0
192272,938,35.226458,225,True,1161.858327830084,8,0.0
192420,939,25.696302,225,True,918.2520645712364,4,1.5999999999999999
192560,940,35.681268,225,True,1269.650732663773,7,1.7999999999999998
192716,941,25.29538,225,True,860.6152092118919,2,0.0
193172,942,28.546622,225,True,965.0648891519875,4,0.0
193320,943,31.019447,225,True,1073.577875652497,3,0.0
193460,944,28.537113,225,True,1003.0845096343974,2,0.0
193616,945,31.310246,225,True,1022.8098260402144,7,0.0
194072,946,24.590328,225,True,860.413116215032,2,0.4
194220,947,32.552252,225,True,1101.2900955091945,7,0.0
194360,948,35.844147,225,True,1192.9658738630474,8,0.0
194516,949,29.104398,225,True,948.9759390557213,6,0.0
194716,950,1.366098,124,False,521.0439116752157,1,0.0
194972,951,33.088151,225,True,1139.5260572580391,5,0.0
195260,952,29.877408,225,True,1058.2963081831986,2,0.0
195416,953,32.306792,225,True,1125.0716926189898,3,0.0
195616,954,28.92365,225,True,978.5460005077057,5,0.8
195872,955,33.186964,225,True,1124.278563254607,6,0.2
196160,956,32.686102,225,True,1079.4440807007527,11,2.1999999999999997
196316,957,29.581501,225,True,1060.8600203552014,2,0.4
196516,958,22.781534,225,True,776.0613677743743,1,0.0
196772,959,34.099376,225,True,1145.5750385652973,7,0.4
197060,960,34.85033,225,True,1246.0131807327925,3,0.0
197216,961,20.67661,225,True,752.664414196403,0,1.5999999999999999
197416,962,22.128268,225,True,765.9307288712075,0,0.0
197672,963,32.761965,225,True,1160.8785803558285,2,0.0
197860,964,6.78989,161,False,733.195582945029,2,0.0
197960,965,35.975983,225,True,1145.4393229401362,11,0.0
198316,966,29.816842,225,True,1025.4736822710952,3,0.0
198572,967,23.540439,225,True,828.8175484022088,0,0.0
198760,968,32.968716,225,True,1120.3486386054747,5,0.0
198860,969,31.200523,225,True,1127.2209014383288,1,0.0
198876,970,10.143021,140,False,813.7208338928624,5,0.2
199472,971,31.513265,225,True,1021.3305815710805,8,0.0
199660,972,31.794148,225,True,1042.9659343615594,8,0.0
199760,973,31.919672,225,True,1147.9868715011057,1,0.0
199776,974,27.872418,225,True,1016.4967047025384,2,1.5999999999999999
200372,975,29.3403,225,True,1041.611988936485,2,0.0
200560,976,30.63155,225,True,1010.0619967837633,7,0.6000000000000001
200660,977,35.624365,225,True,1225.774619322865,5,0.0
200676,978,22.026136,225,True,793.8454364984359,2,2.6
201272,979,31.724833,225,True,1071.3933269986842,5,0.0
201460,980,28.229853,225,True,929.9941051320375,5,0.0
201560,981,34.875153,225,True,1155.8061315788063,10,0.2
201576,982,36.893136,225,True,1294.1254420315413,4,0.0
202172,983,37.375193,225,True,1268.6077348356794,8,0.8
202360,984,28.704348,225,True,996.9739108740607,2,0.0
202460,985,19.793309,225,True,717.3323604855746,0,1.4
202476,986,27.00122,225,True,942.4488028124963,2,0.0
203072,987,35.853965,225,True,1218.9585873301562,6,0.0
203260,988,28.002988,225,True,984.9195034834502,1,0.0
203360,989,35.42781,225,True,1233.1123810631152,5,0.6000000000000001
203376,990,28.210429,225,True,999.6171713606304,1,0.0
203972,991,21.746338,225,True,766.6535125412042,2,1.9999999999999998
204160,992,27.616831,225,True,917.4732330599538,5,0.0
204260,993,31.570644,225,True,1097.2257455286513,3,0.0
204276,994,22.912446,225,True,765.2978274583904,2,0.0
204384,995,-8.07642,31,False,157.74319488726655,0,0.0
204872,996,31.515694,225,True,1037.427774516506,7,0.0
205060,997,27.814961,225,True,993.3984356368996,0,0.0
205176,998,26.785999,225,True,924.2399596274968,3,0.8
205284,999,27.193656,225,True,968.5462376811038,0,0.0
205772,1000,31.728159,225,True,1069.9263709374773,5,0.0
205960,1001,37.128568,225,True,1255.5427355088832,7,0.0
206076,1002,37.467892,225,True,1292.3156787087673,6,0.0
206184,1003,36.678803,225,True,1178.352110127793,11,0.0
206672,1004,30.145842,225,True,1006.6336656511903,5,0.0
206860,1005,34.432796,225,True,1195.7118515790257,4,0.0
206976,1006,29.503609,225,True,1020.9443683693196,4,0.4
207084,1007,37.163792,225,True,1287.3516856466704,5,0.0
207572,1008,24.580959,225,True,816.0383763252437,3,0.0
207760,1009,22.352126,225,True,774.885057298299,0,0.0
207876,1010,32.130159,225,True,1151.606368636495,1,0.0
207984,1011,28.480069,225,True,1010.4027521615067,1,0.0
208472,1012,19.593996,225,True,693.3598410917855,0,1.2
208660,1013,35.126914,225,True,1142.6765571134433,9,0.0
208776,1014,24.441942,225,True,832.8776983882374,2,0.0
208884,1015,26.059677,225,True,938.387087516938,1,0.0
209372,1016,26.921694,225,True,957.6677569963804,0,0.0
209560,1017,27.186636,225,True,920.2654596570203,3,0.0
209676,1018,29.878932,225,True,1079.157274895506,1,0.8
209784,1019,26.883482,225,True,940.1392769898346,1,0.0
210272,1020,34.360215,225,True,1209.6085884392555,4,0.6000000000000001
210460,1021,32.214237,225,True,1073.3694749062292,6,0.0
210576,1022,22.7527,225,True,784.5080128712036,1,0.4
210684,1023,33.036517,225,True,1107.0606863970784,6,0.0
211172,1024,28.571966,225,True,1007.6786202567039,1,0.0
211360,1025,25.777444,225,True,865.4977665708413,3,0.0
211476,1026,30.224021,225,True,1022.5608354496355,5,0.2
211584,1027,25.854223,225,True,914.9689333786921,0,0.0
212072,1028,26.248648,225,True,941.9459259332216,0,0.0
212260,1029,23.481164,225,True,829.6465640096649,0,0.4
212332,1030,-3.360547,65,False,345.5781012163195,1,0.4
212376,1031,33.779407,225,True,1190.376280925544,3,0.0
212484,1032,34.046699,225,True,1181.8679483119608,4,0.0
213160,1033,27.783803,225,True,966.5521262238667,2,0.0
213232,1034,39.434406,225,True,1346.17624747639,7,0.0
213276,1035,32.550009,225,True,1083.6003565456313,7,0.0
213384,1036,25.476867,225,True,899.8746647661494,0,0.0
214060,1037,30.308478,225,True,1051.5391184967552,3,0.2
214132,1038,30.371649,225,True,1102.0659768206165,0,0.0
214176,1039,31.436065,225,True,1107.8426116829087,2,0.0
214284,1040,25.35526,225,True,895.0104074492072,0,0.0
214960,1041,22.463869,225,True,785.7547792916691,0,0.0
215032,1042,37.469676,225,True,1275.5870418338786,7,0.0
215076,1043,29.471834,225,True,986.0733559695436,5,0.0
215184,1044,28.14324,225,True,968.9295948556753,4,0.6000000000000001
215376,1045,-5.432689,48,False,282.692435963123,1,1.0
215860,1046,28.904537,225,True,965.7814979365971,6,0.0
215932,1047,38.833053,225,True,1338.9221073863937,6,0.0
215976,1048,26.013205,225,True,873.3281972733967,3,0.0
216276,1049,29.226416,225,True,1037.0566263292324,5,2.1999999999999997
216760,1050,24.484988,225,True,837.7995251743323,2,0.4
216832,1051,37.283819,225,True,1284.1527503288835,6,0.0
216876,1052,33.231795,225,True,1179.6718041871236,2,0.0
217176,1053,25.40665,225,True,881.0659908073872,1,0.0
217660,1054,39.127336,225,True,1234.6934594266827,14,0.0
217732,1055,25.633208,225,True,890.9283110809438,1,0.0
217776,1056,34.542472,225,True,1152.0988880315986,7,0.0
218076,1057,31.946047,225,True,1128.2418956303236,2,0.0
218272,1058,8.526264,135,False,791.4505415548283,2,0.0
218560,1059,32.322529,225,True,1093.7011597925211,5,0.0
218676,1060,34.718682,225,True,1222.3472720022814,3,0.0
218976,1061,21.482501,225,True,724.1000592341088,1,0.0
219172,1062,20.331871,225,True,694.0748533659557,0,0.0
219460,1063,36.043726,225,True,1237.749049607297,7,0.0
219576,1064,38.442618,225,True,1324.1047012996414,6,0.0
219876,1065,30.898179,225,True,1041.5271719413827,6,0.8
220072,1066,26.912475,225,True,986.0989994662223,3,3.2000000000000006
220360,1067,26.629996,225,True,945.9998348035069,0,0.0
220476,1068,33.33919,225,True,1166.3675821743273,5,1.2
220776,1069,35.177384,225,True,1215.8953681265157,5,0.0
220972,1070,26.721851,225,True,885.6740292940488,4,0.0
221140,1071,7.973352,195,False,769.3340828622718,2,0.0
221376,1072,33.280614,225,True,1140.0245422482026,5,0.0
221676,1073,34.943136,225,True,1211.3254586084963,5,0.0
221872,1074,34.286517,225,True,1195.460687849612,4,0.0
222040,1075,32.176066,225,True,1165.4426341079184,6,3.800000000000001
222276,1076,33.592524,225,True,1174.9009508111812,6,1.5999999999999999
222576,1077,32.8521,225,True,1153.2840191265927,3,0.0
222624,1078,12.275659,188,False,939.026347651612,3,0.0
222940,1079,21.620572,225,True,745.6228839738828,0,0.0
223176,1080,27.099745,225,True,907.1897895957638,4,0.0
223476,1081,35.233211,225,True,1178.1284429588095,7,0.0
223524,1082,29.203573,225,True,1029.7429223488905,2,0.0
223840,1083,21.630399,225,True,770.0159659000467,0,1.0
224076,1084,23.88075,225,True,826.4300001219196,1,0.0
224376,1085,37.442936,225,True,1240.1174405495735,10,0.6000000000000001
224424,1086,30.549774,225,True,1077.1909710065802,2,0.0
224740,1087,32.191707,225,True,1106.068264168634,8,1.4
224976,1088,28.633404,225,True,1010.1361479847658,1,0.0
225276,1089,25.869821,225,True,853.1928288363083,4,0.0
225324,1090,35.882785,225,True,1189.7114119567732,8,0.0
225640,1091,26.184,225,True,931.3599849291452,1,0.8
225876,1092,25.038737,225,True,884.7494629712123,1,0.0
226176,1093,34.251187,225,True,1089.2474667318415,11,0.6000000000000001
226224,1094,31.521031,225,True,1102.4412519554153,4,0.2
226540,1095,23.892628,225,True,830.1051305386136,1,0.4
226776,1096,22.035174,225,True,819.006962613847,3,3.800000000000001
227076,1097,22.743687,225,True,790.5474851839529,0,0.0
227124,1098,31.062864,225,True,1059.3145557973871,4,0.0
227440,1099,24.777228,225,True,871.8891192925496,0,0.0
227676,1100,22.670775,225,True,787.6310084146417,0,0.0
227976,1101,23.495267,225,True,807.8106661840147,2,0.8
228024,1102,31.858444,225,True,1075.9377776448337,5,0.0
228340,1103,23.291345,225,True,815.6538094144964,1,0.8
228576,1104,40.062618,225,True,1340.9047072039307,9,0.0
228648,1105,-0.564194,77,False,458.23222860395845,0,0.0
228876,1106,29.698575,225,True,989.5430179378079,5,0.0
228924,1107,38.092,225,True,1198.0799958175166,13,0.0
229476,1108,38.829683,225,True,1339.5873025844694,6,0.0
229548,1109,22.427048,225,True,777.8819392140497,0,0.0
229776,1110,31.994974,225,True,1075.798967501522,7,0.4
229824,1111,33.905761,225,True,1155.4304386717263,7,0.0
230284,1112,-1.461267,115,False,475.1493007021754,1,1.4
230376,1113,28.653425,225,True,949.3369923450118,5,0.0
230448,1114,33.072915,225,True,1157.3165919087528,3,0.0
230676,1115,31.426594,225,True,1128.2637639717232,6,1.9999999999999998
231088,1116,10.348196,178,False,788.3278322996212,8,0.4
231184,1117,35.318847,225,True,1231.153887149851,4,0.0
231348,1118,21.903139,225,True,756.9255632110876,0,0.0
231556,1119,-1.797323,93,False,392.90706963988055,1,0.0
231576,1120,23.25059,225,True,823.623586659354,0,0.0
231988,1121,31.923766,225,True,1132.1506500748287,2,0.0
232248,1122,31.531722,225,True,1138.8688764883887,2,0.4
232252,1123,-4.686203,66,False,284.55187256872296,1,0.0
232456,1124,23.354604,225,True,816.5841568143819,0,0.0
232476,1125,26.787816,225,True,926.7126323986804,2,0.0
232872,1126,2.947987,104,False,580.3194861098477,2,0.0
233148,1127,31.562414,225,True,1087.2965501225335,4,0.0
233152,1128,23.202275,225,True,789.690996552566,3,1.2
233376,1129,30.58939,225,True,1016.3756007060363,7,1.0
233772,1130,26.64712,225,True,924.2847818095149,2,0.4
234048,1131,24.910815,225,True,861.2325984609868,1,0.0
234052,1132,23.74568,225,True,813.0272144810297,2,0.6000000000000001
234276,1133,25.578149,225,True,846.325953104714,4,0.0
234672,1134,34.849357,225,True,1180.3742969597074,6,0.0
234948,1135,33.75839,225,True,1112.735615262407,9,0.0
234952,1136,30.33207,225,True,1026.882815805633,5,0.0
235176,1137,33.998891,225,True,1147.9556437042875,7,0.2
235572,1138,21.327889,225,True,733.9155461174032,0,0.0
235580,1139,8.319825,157,False,756.7930094209805,4,0.0
235848,1140,30.805668,225,True,1055.4267369123681,7,1.9999999999999998
236076,1141,27.497527,225,True,947.9010743859326,2,0.0
236472,1142,27.214667,225,True,921.3866657260189,3,0.0
236480,1143,38.955733,225,True,1314.229322557885,8,0.0
236748,1144,36.968962,225,True,1255.558460379908,7,0.0
236976,1145,25.252735,225,True,903.7094012223758,0,0.0
237372,1146,27.271957,225,True,930.0782986220192,3,0.0
237380,1147,27.392955,225,True,902.9181994148153,5,0.0
237648,1148,25.361899,225,True,874.4759469791084,2,0.0
237876,1149,29.978516,225,True,1035.1406588914538,3,0.0
238272,1150,33.416872,225,True,1187.0748825484234,3,0.0
238280,1151,32.658188,225,True,1131.9275101955354,6,1.4
238548,1152,25.113307,225,True,826.1322953887695,4,0.2
238776,1153,31.368208,225,True,1025.1283122811283,7,0.0
239172,1154,26.97008,225,True,961.2032021636078,1,0.0
239180,1155,30.452107,225,True,1058.8842924627456,5,1.5999999999999999
239448,1156,28.950412,225,True,965.2164893771483,5,0.2
239676,1157,28.727752,225,True,1014.7100966627945,1,0.0
239944,1158,-2.201286,67,False,383.1485629586814,1,0.2
240072,1159,24.868013,225,True,872.3205351915067,1,0.0
240080,1160,27.163044,225,True,895.3217570426409,5,0.0
240348,1161,27.336383,225,True,927.8553053976118,3,0.0
240420,1162,-10.075103,18,False,98.59588147213731,0,0.4
240844,1163,27.363245,225,True,927.3297977012994,3,0.0
240972,1164,35.517927,225,True,1192.7170935664549,7,0.0
240980,1165,37.647523,225,True,1259.5009372665604,8,0.0
241048,1166,-9.703751,19,False,102.24994949785946,0,0.4
241320,1167,29.841789,225,True,973.6715708509132,7,0.0
241744,1168,29.118954,225,True,975.1581476948775,6,0.8
241880,1169,33.017975,225,True,1090.3190060012043,7,0.0
241948,1170,33.564393,225,True,1191.3757115220878,2,0.0
242220,1171,35.757936,225,True,1242.3174524799874,5,0.4
242644,1172,27.230339,225,True,942.8135480889305,3,0.6000000000000001
242780,1173,27.15303,225,True,958.9211955948929,1,0.0
242848,1174,22.712458,225,True,773.2983364601973,1,0.0
243120,1175,34.444076,225,True,1184.9630349748832,5,0.0
243544,1176,21.777088,225,True,816.6835008191854,2,4.000000000000001
243604,1177,5.740936,121,False,642.437441214491,5,0.2
243680,1178,29.054318,225,True,978.9727058534409,4,0.0
243748,1179,26.4176,225,True,938.3039817854165,0,0.0
244444,1180,34.500792,225,True,1201.6316746564057,5,0.8
244504,1181,29.636666,225,True,1035.0666207807092,3,0.4
244580,1182,27.711296,225,True,989.2518510882826,0,0.0
244648,1183,30.958083,225,True,1056.7233130155137,5,0.2
245344,1184,28.375397,225,True,1006.2158978778959,1,0.0
245404,1185,28.637761,225,True,963.1104482318738,4,0.0
245480,1186,26.902214,225,True,892.8885595436111,4,0.0
245548,1187,37.313211,225,True,1293.328442958813,5,0.0
246244,1188,30.070319,225,True,1037.212744473524,6,1.4
246304,1189,31.246862,225,True,1125.8744739759923,5,2.6
246380,1190,29.642095,225,True,1048.8837991181158,9,4.000000000000001
246448,1191,24.064242,225,True,827.3696697176435,3,0.6000000000000001
246664,1192,-1.306906,71,False,402.92376804597984,2,0.2
247144,1193,29.290474,225,True,1049.2189638361115,6,3.800000000000001
247204,1194,27.699563,225,True,956.7825292370696,2,0.0
247348,1195,30.0623,225,True,1031.291990568425,4,0.0
247564,1196,35.313804,225,True,1163.7521680575287,9,0.6000000000000001
248044,1197,35.140903,225,True,1192.0361054625173,6,0.0
248104,1198,23.236316,225,True,795.8526537395342,1,0.0
248248,1199,30.443718,225,True,1018.5487211458251,5,0.0
248464,1200,25.181759,225,True,859.2703588509521,3,0.8
248944,1201,31.857421,225,True,1099.0968463012982,4,0.0
249004,1202,35.653812,225,True,1256.5524825551765,4,0.0
249148,1203,27.494803,225,True,928.5921282492147,4,0.4
249364,1204,23.590166,225,True,813.2066405649998,5,2.6
249404,1205,-4.912103,64,False,289.11587428470716,1,0.6000000000000001
249844,1206,31.309142,225,True,1102.765697275854,2,0.0
249904,1207,32.203852,225,True,1119.3540616866803,4,0.6000000000000001
250264,1208,32.390905,225,True,1152.4362018358065,2,0.0
250304,1209,23.914328,225,True,837.3731065484194,0,0.0
250744,1210,36.835443,225,True,1218.2177040290549,10,0.0
250804,1211,22.310892,225,True,773.2356805078034,0,0.0
251164,1212,27.927272,225,True,965.8908942640871,2,0.0
251204,1213,22.176479,225,True,767.8591688284575,0,0.0
251644,1214,32.67109,225,True,1154.0436049124633,3,0.6000000000000001
251704,1215,32.544569,225,True,1120.9827791550529,4,0.0
252064,1216,30.530366,225,True,1114.8146200673682,0,0.0
252104,1217,24.733765,225,True,881.350613525964,1,0.4
252544,1218,29.021537,225,True,1016.861460317228,2,0.0
252604,1219,37.953965,225,True,1272.5585891192059,8,0.0
252964,1220,30.368963,225,True,983.5585013220611,7,0.0
253004,1221,27.493155,225,True,964.5261964246995,1,0.0
253444,1222,33.833851,225,True,1179.754053135258,5,0.0
253504,1223,29.186878,225,True,1038.6751056175444,2,0.0
253864,1224,30.307468,225,True,1051.49871073223,3,0.0
253904,1225,31.760558,225,True,1077.6223196269057,5,0.0
254004,1226,0.879994,125,False,523.9997430113326,2,1.4
254344,1227,25.153161,225,True,870.9264364637952,1,0.0
254764,1228,31.739371,225,True,1071.9748228243216,5,0.0
254804,1229,23.80426,225,True,848.9704144870734,4,2.8000000000000003
254904,1230,33.152814,225,True,1174.912579695973,4,1.0
255116,1231,0.19554,88,False,488.62159632378007,3,1.9999999999999998
255244,1232,36.168326,225,True,1269.9330468165326,4,0.2
255704,1233,32.599137,225,True,1122.3654686465507,4,0.0
255804,1234,31.883234,225,True,1105.7293474491544,4,0.0
256016,1235,39.783087,225,True,1345.7234980034486,8,0.0
256144,1236,31.627973,225,True,1168.3189190775201,5,3.2000000000000006
256396,1237,-8.791134,63,False,234.75465516387203,0,4.400000000000001
256604,1238,20.580734,225,True,742.4293785065572,0,1.5999999999999999
256704,1239,34.309732,225,True,1190.789272805312,4,0.0
256916,1240,22.911057,225,True,820.4422912662446,4,3.600000000000001
257296,1241,35.173968,225,True,1258.958705143349,3,0.0
257504,1242,29.246289,225,True,971.4515517774946,5,0.0
257604,1243,37.248234,225,True,1289.1293674785466,6,0.0
257816,1244,30.513465,225,True,1053.3385960326518,3,0.0
258196,1245,22.75671,225,True,775.0684176829391,1,0.0
258404,1246,23.248254,225,True,828.3301682482092,2,1.9999999999999998
258504,1247,31.912389,225,True,1101.295540864397,5,1.0
258716,1248,30.04868,225,True,1052.3471812535936,2,0.0
259096,1249,26.040237,225,True,912.809468930471,1,0.0
259304,1250,26.922199,225,True,927.2879559752957,2,0.0
259404,1251,23.564162,225,True,823.3664766672775,0,0.0
259616,1252,30.562958,225,True,981.7183393427551,8,0.2
259996,1253,28.791363,225,True,1046.854517249669,1,1.0
260204,1254,31.220349,225,True,1097.6139481775326,2,0.0
260304,1255,31.034008,225,True,1064.5603365781349,6,0.0
260516,1256,38.28502,225,True,1269.8007915582543,9,0.0
260896,1257,27.512086,225,True,933.2834385737622,3,0.0
261104,1258,33.592673,225,True,1118.9069006534673,7,0.0
261204,1259,28.290703,225,True,1002.8281297466949,1,0.0
261416,1260,31.41338,225,True,1062.1351970824421,7,1.2
261528,1261,0.899402,158,False,517.5760883091186,0,0.0
261764,1262,-0.802861,87,False,432.68557357546933,2,0.4
262004,1263,39.091436,225,True,1335.6574541133627,7,0.0
262104,1264,29.711225,225,True,1025.2489939724073,3,0.0
262428,1265,37.514547,225,True,1269.381877615294,7,0.0
262664,1266,33.310422,225,True,1184.416866452014,4,0.0
262904,1267,24.860935,225,True,811.2373841851472,4,0.0
263004,1268,28.607283,225,True,1025.0913380686104,0,0.0
263068,1269,1.746934,101,False,530.6773559078397,2,0.0
263328,1270,31.619324,225,True,1107.1729465676058,4,0.0
263804,1271,36.754268,225,True,1224.5707295019538,8,0.0
263904,1272,24.191865,225,True,816.4745881125184,2,0.0
263968,1273,30.507985,225,True,1056.3194025852913,4,0.0
264228,1274,25.484436,225,True,919.3774598059763,0,0.0
264704,1275,28.101537,225,True,924.861463263245,5,0.0
264804,1276,22.478729,225,True,779.9491687416021,0,0.0
264868,1277,26.989595,225,True,920.383781175914,3,0.0
265128,1278,28.123771,225,True,993.7508505695819,5,2.8000000000000003
265604,1279,28.222744,225,True,977.709749939735,2,0.0
265704,1280,26.615253,225,True,871.8101243249637,5,0.2
265768,1281,33.823879,225,True,1192.155167885986,5,0.0
266028,1282,28.957466,225,True,991.0986505210176,3,0.0
266504,1283,38.938517,225,True,1333.5406749326407,7,0.0
266604,1284,34.028402,225,True,1137.9360875246807,7,0.0
266668,1285,27.738807,225,True,942.3522852865351,3,0.0
266928,1286,30.003181,225,True,990.5272530877194,6,0.2
267404,1287,23.724969,225,True,820.1987408276257,1,0.0
267504,1288,33.119324,225,True,1157.5729506910538,3,0.0
267568,1289,39.006022,225,True,1332.2408663210472,7,0.0
267828,1290,24.16414,225,True,831.3656037608816,1,0.0
268304,1291,31.621763,225,True,1035.2705233689992,8,0.0
268404,1292,33.885768,225,True,1172.230727524919,4,0.0
268468,1293,34.359751,225,True,1160.7900547727354,6,0.0
268728,1294,25.633239,225,True,896.5295498531739,1,0.0
269052,1295,0.573226,162,False,557.3290207869693,0,0.8
269204,1296,34.069539,225,True,1149.9815739884548,6,0.0
269368,1297,24.25928,225,True,871.9712117420418,3,2.8000000000000003
269628,1298,29.316579,225,True,957.46314546696,6,0.0
269952,1299,26.818298,225,True,921.5319173937983,2,0.0
270104,1300,20.479904,225,True,711.1961421116873,0,0.0
270268,1301,20.204215,225,True,700.1685935769381,0,0.2
270528,1302,32.732816,225,True,1161.3126523368005,4,0.8
270852,1303,33.464281,225,True,1107.3712444685516,7,0.0
271004,1304,32.731454,225,True,1134.0581765983789,4,0.0
271168,1305,23.203631,225,True,816.945235411275,1,1.0
271428,1306,39.008721,225,True,1345.9488463057191,6,0.0
271752,1307,26.233211,225,True,885.328445557531,4,0.8
271904,1308,29.466697,225,True,1012.2678945462619,3,0.0
272068,1309,30.696351,225,True,1014.254038282583,6,0.0
272328,1310,37.870748,225,True,1302.8299283304955,6,0.0
272432,1311,3.872938,132,False,643.7175093136748,0,0.0
272652,1312,31.690033,225,True,1078.0013240429366,6,0.0
272968,1313,34.998144,225,True,1226.325766548519,8,1.7999999999999998
273228,1314,33.217446,225,True,1137.4978362905208,5,0.0
273332,1315,25.270314,225,True,875.6125752265687,1,0.0
273552,1316,34.997876,225,True,1121.5150492992993,10,0.0
273868,1317,33.8839,225,True,1172.1559990824067,4,0.0
274128,1318,23.714582,225,True,798.1832663987298,2,0.0
274232,1319,26.398225,225,True,950.3289954807349,4,3.2000000000000006
274452,1320,32.172176,225,True,1127.687052023302,4,0.6000000000000001
274768,1321,33.087032,225,True,1143.4812849098198,4,0.0
274836,1322,-9.615146,17,False,96.1941644460212,0,0.0
275028,1323,33.148224,225,True,1166.7289789262268,3,0.0
275132,1324,38.676529,225,True,1259.0611584130033,11,0.2
275328,1325,-2.313897,75,False,357.0441054835769,2,0.0
275352,1326,34.441153,225,True,1213.6461091128272,3,0.0
275736,1327,29.413934,225,True,993.3573778997129,4,0.0
276032,1328,36.977147,225,True,1245.4858958475893,8,0.0
276228,1329,28.168873,225,True,990.7549138432448,5,1.4
276252,1330,35.793924,225,True,1230.9569762322326,8,1.7999999999999998
276636,1331,33.720826,225,True,1192.8330333872523,5,1.0
276932,1332,34.035653,225,True,1148.626115402732,6,0.0
277128,1333,31.209768,225,True,1082.7907281800267,3,0.0
277152,1334,37.5169,225,True,1287.876009958909,6,0.0
277536,1335,33.499955,225,True,1157.5981924085108,4,0.0
277832,1336,32.17579,225,True,1091.0315945441907,6,0.0
278028,1337,25.074099,225,True,851.7639558184692,2,0.0
278052,1338,26.011959,225,True,921.2783736584854,0,0.0
278084,1339,5.145458,137,False,608.218309772225,5,0.0
278732,1340,24.377036,225,True,839.8814348589244,1,0.0
278928,1341,35.493148,225,True,1126.1259259701046,11,0.0
278952,1342,30.699164,225,True,1047.1665618657526,5,0.4
278984,1343,30.929348,225,True,1087.5739339552133,5,1.7999999999999998
279632,1344,22.713409,225,True,789.3363509828862,0,0.0
279828,1345,20.97264,225,True,719.7056079910519,0,0.0
279852,1346,29.840107,225,True,1042.4042875752555,2,0.0
279884,1347,33.336409,225,True,1162.2563603173412,4,0.0
280532,1348,23.192033,225,True,765.2813324688964,3,0.2
280728,1349,36.642001,225,True,1271.2800359990792,6,0.8
280752,1350,24.665981,225,True,837.0392516538411,4,1.4
280784,1351,34.177471,225,True,1204.6988377656849,5,1.4
281432,1352,26.802968,225,True,888.9187235731079,4,0.0
281628,1353,25.045065,225,True,852.2026037660953,2,0.0
281652,1354,37.920324,225,True,1288.8129717604093,7,0.0
281684,1355,38.82099,225,True,1321.6395972991236,7,0.0
282332,1356,34.77752,225,True,1161.500790702241,7,0.0
282528,1357,28.843789,225,True,970.5515581882969,4,0.0
282552,1358,39.099374,225,True,1270.374942932419,11,0.0
282584,1359,25.91057,225,True,878.8227928223203,3,0.4
283232,1360,35.42134,225,True,1235.253592708249,4,0.0
283428,1361,29.003351,225,True,976.9340317586882,4,0.0
283452,1362,33.872928,225,True,1158.9171198582844,5,0.0
283484,1363,37.206068,225,True,1253.0427248689707,8,0.0
284132,1364,25.565358,225,True,873.0143351218451,2,0.0
284328,1365,34.120542,225,True,1122.4216945269163,10,0.8
284352,1366,37.12984,225,True,1284.3935849632926,7,0.4
284372,1367,-6.208456,60,False,254.8617434295952,0,0.6000000000000001
284384,1368,38.278854,225,True,1317.5541598879436,6,0.0
285228,1369,30.734029,225,True,1046.1611715710596,4,0.0
285252,1370,36.967645,225,True,1249.105784205045,7,0.0
285272,1371,35.76687,225,True,1250.6747966665853,5,0.0
285284,1372,20.281581,225,True,692.0632425213691,0,0.0
286128,1373,31.351441,225,True,1057.2576532062676,5,0.0
286152,1374,29.134845,225,True,1054.1938178427822,3,1.7999999999999998
286172,1375,32.668355,225,True,1060.334199702414,8,0.0
286184,1376,33.127898,225,True,1135.5159178179938,5,0.0
287028,1377,31.38759,225,True,1079.5036009161804,6,0.6000000000000001
287052,1378,32.985888,225,True,1120.2355343970648,6,0.6000000000000001
287072,1379,28.109208,225,True,1024.3683132057254,0,0.0
287084,1380,28.101348,225,True,942.453931689178,4,0.0
287892,1381,9.52987,205,False,798.7947946219524,4,0.0
287928,1382,32.234028,225,True,1114.1611242978279,4,0.0
287952,1383,33.914562,225,True,1126.1824863502534,7,0.0
287984,1384,30.780174,225,True,985.6069465879341,8,0.0
288404,1385,4.729307,113,False,574.7722603154689,6,0.0
288792,1386,26.753994,225,True,891.7597652318809,5,0.8
288828,1387,21.066136,225,True,766.64545196786,0,0.8
288884,1388,23.430854,225,True,770.8341740334376,3,0.0
289304,1389,28.779923,225,True,1039.9969178534288,1,0.0
289336,1390,3.419432,127,False,602.3772914231567,1,0.0
289692,1391,21.573928,225,True,759.7571272362738,0,0.4
289784,1392,27.25612,225,True,945.4447866499188,4,0.6000000000000001
290204,1393,31.440247,225,True,1021.6098951335716,8,0.2
290236,1394,33.767443,225,True,1181.097733373902,4,0.0
290592,1395,27.564969,225,True,959.3987402153161,2,0.0
290684,1396,30.672335,225,True,1084.4934069941528,3,0.2
291104,1397,27.55872,225,True,955.9488129697465,2,0.2
291136,1398,32.374164,225,True,1096.566579000455,5,0.0
291492,1399,32.087107,225,True,1074.6842961410007,6,0.0
291584,1400,29.278103,225,True,991.124122818615,4,0.0
292004,1401,28.840527,225,True,944.8210626608254,6,0.2
292036,1402,24.943223,225,True,876.9289363939326,1,0.6000000000000001
292392,1403,31.1679,225,True,1017.1160136822243,7,0.0
292484,1404,24.835557,225,True,874.222287089488,0,0.0
292904,1405,37.451511,225,True,1284.4604337475585,6,0.0
292936,1406,32.137915,225,True,1159.9166054942225,5,1.9999999999999998
293292,1407,39.022791,225,True,1331.311634027631,7,0.0
293384,1408,28.625708,225,True,979.4283297497473,3,0.0
293804,1409,32.111523,225,True,1070.8609048174121,6,0.0
293836,1410,36.432708,225,True,1258.1083331153113,5,0.0
294192,1411,35.982778,225,True,1208.9111388584301,7,0.0
294284,1412,24.015668,225,True,809.4267395150246,2,0.0
294704,1413,33.267847,225,True,1116.3138620856776,6,0.0
294736,1414,23.218179,225,True,777.5271691592952,2,0.0
295092,1415,34.482375,225,True,1228.0950063635519,2,0.0
295184,1416,30.312908,225,True,1029.3163129241343,4,0.0
295604,1417,35.871327,225,True,1243.6530648785892,5,0.0
295636,1418,33.720257,225,True,1140.0102729395448,6,0.0
295992,1419,26.509021,225,True,909.1608445253128,2,0.0
296084,1420,28.038547,225,True,955.94189700384,3,0.0
296504,1421,20.976407,225,True,748.6562874430754,0,0.0
296536,1422,37.67258,225,True,1277.303214240173,7,0.0
296580,1423,-11.058569,19,False,97.65724138862493,0,1.9999999999999998
296892,1424,35.975577,225,True,1264.6230988340058,4,0.0
296984,1425,37.913005,225,True,1270.9201952441595,8,0.0
297436,1426,23.878116,225,True,853.5246392886065,2,1.7999999999999998
297480,1427,25.067651,225,True,921.9060425156499,1,1.9999999999999998
297792,1428,37.430517,225,True,1267.6206992661955,7,0.0
297884,1429,36.32961,225,True,1212.3843802030096,8,0.2
298336,1430,26.839391,225,True,1027.1756329783766,4,5.200000000000002
298380,1431,35.588294,225,True,1189.1317602920399,8,0.4
298692,1432,31.372379,225,True,1025.2951446675831,7,0.0
298784,1433,31.312547,225,True,1133.3018612065398,0,0.0
299236,1434,32.716259,225,True,1117.450350732362,5,0.0
299280,1435,34.711239,225,True,1208.449563991171,7,0.8
299592,1436,32.206953,225,True,1014.6781017181725,10,0.2
299684,1437,24.741029,225,True,881.641158140872,2,1.2
300136,1438,31.460146,225,True,1068.805827520283,5,0.4
300180,1439,35.477372,225,True,1188.6948651920166,7,0.0
300492,1440,25.858942,225,True,963.157661693022,0,0.0
300584,1441,34.746171,225,True,1237.0468572283303,3,0.0
300860,1442,-8.296059,69,False,237.75762082531378,0,3.2000000000000006
300980,1443,18.976972,200,False,1176.6788994432513,6,0.8
301036,1444,28.763377,225,True,1000.9350738500266,2,0.0
301392,1445,21.808035,225,True,781.9213880092043,2,1.9999999999999998
301760,1446,27.292843,225,True,975.713734731102,2,0.0
301792,1447,2.762407,100,False,559.2962927200249,2,0.0
301880,1448,33.263999,225,True,1083.3599613051783,8,0.0
301936,1449,34.764789,225,True,1190.5915787343693,6,0.0
302660,1450,22.69873,225,True,788.7491994326936,0,0.0
302692,1451,27.136653,225,True,941.4661127398799,4,0.0
302780,1452,33.81653,225,True,1134.2611944337164,7,0.0
302836,1453,34.82333,225,True,1161.7332047032064,8,0.6000000000000001
303560,1454,30.445647,225,True,1071.4258681601304,3,0.2
303592,1455,25.912268,225,True,893.2907277152704,3,0.2
303680,1456,28.279427,225,True,1038.3770909788457,0,0.8
303736,1457,34.681413,225,True,1181.6565249934515,8,0.0
304444,1458,19.559741,221,False,1215.1896500020484,5,1.2
304492,1459,36.208497,225,True,1181.9398911785388,10,0.4
304580,1460,31.293144,225,True,1138.9257458438651,3,2.1999999999999997
304636,1461,33.969885,225,True,1167.5953998477357,5,0.0
305344,1462,26.498951,225,True,921.5580369345712,2,0.0
305392,1463,30.369957,225,True,1077.998285163791,6,2.8000000000000003
305480,1464,30.417135,225,True,1060.6853947378836,4,0.0
305536,1465,28.179032,225,True,982.3612766750032,2,0.0
306244,1466,31.572244,225,True,1031.6897731390764,7,0.0
306292,1467,29.011187,225,True,1012.4474849440937,4,0.4
306380,1468,36.673543,225,True,1254.1417293161066,6,0.0
306436,1469,33.339178,225,True,1111.9671309836294,7,0.0
306840,1470,5.687941,137,False,706.717627438484,6,2.1999999999999997
307144,1471,31.957098,225,True,1095.0839096053282,5,0.4
307280,1472,26.689142,225,True,964.3656956828484,1,0.0
307336,1473,27.348493,225,True,993.1397105808662,6,4.200000000000001
307740,1474,27.087401,225,True,970.6960501339788,2,1.5999999999999999
307796,1475,-0.497049,115,False,505.7180205687307,2,3.2000000000000006
308044,1476,35.511394,225,True,1224.4557631554958,7,0.2
308180,1477,38.68396,225,True,1286.558398817942,9,0.0
308640,1478,38.326255,225,True,1298.6502120109608,9,1.0
308696,1479,29.868928,225,True,1068.3571289664092,2,0.0
308944,1480,21.215953,225,True,735.8381369972003,0,0.0
309080,1481,36.739567,225,True,1239.982685684011,7,0.0
309540,1482,30.590487,225,True,1118.8194654953536,0,0.0
309596,1483,29.70166,225,True,1053.6664176153859,1,0.0
309844,1484,33.548588,225,True,1171.5435120788861,6,1.5999999999999999
309980,1485,39.782303,225,True,1297.692110511302,11,0.0
310440,1486,26.343211,225,True,886.5284429167618,3,0.0
310496,1487,33.141115,225,True,1156.8445894280921,4,0.0
310520,1488,12.659695,169,False,917.5878168497227,6,0.6000000000000001
310668,1489,-4.731608,57,False,289.13566188952655,2,1.2
310880,1490,32.094358,225,True,1086.174327878195,5,0.0
310996,1491,-1.28232,125,False,495.90720377386765,1,2.6
311420,1492,36.727246,225,True,1289.0898315480558,5,0.0
311568,1493,22.865475,225,True,779.419013757139,1,0.0
311780,1494,28.254618,225,True,1008.5847368930299,2,0.2
311896,1495,29.548912,225,True,1053.1564679531193,1,0.0
312320,1496,33.14955,225,True,1120.3819815955526,7,0.0
312468,1497,24.686283,225,True,842.6513136313404,2,0.0
312680,1498,39.492232,225,True,1318.089289592379,9,0.0
312780,1499,-1.968751,115,False,474.0499572257038,0,3.0000000000000004
312796,1500,36.228033,225,True,1257.9213350537734,5,0.0
313368,1501,30.049888,225,True,1033.1955171249667,7,2.1999999999999997
313580,1502,33.789686,225,True,1169.1874485079652,7,0.0
313680,1503,27.492843,225,True,952.5137360406811,3,0.2
313696,1504,38.132555,225,True,1327.7022186938552,5,0.0
314268,1505,27.080803,225,True,901.6321089605594,4,0.0
314480,1506,39.635248,225,True,1340.6099170511297,9,0.0
314580,1507,33.195104,225,True,1146.204149462742,5,0.4
314596,1508,29.286425,225,True,1066.6570174601952,1,0.0
315168,1509,29.866519,225,True,1041.8607766411837,7,2.1999999999999997
315380,1510,27.398512,225,True,943.1404715175515,3,0.6000000000000001
315480,1511,28.218379,225,True,935.9351737597549,5,0.0
315496,1512,34.862751,225,True,1228.9100471134889,3,0.0
316068,1513,27.994493,225,True,1002.1797244185454,1,0.0
316280,1514,22.234259,225,True,770.1703410471755,0,0.0
316380,1515,34.911208,225,True,1219.6483393576696,4,0.2
316396,1516,29.17551,225,True,1047.0204174509047,2,0.0
316968,1517,36.223788,225,True,1195.351509956296,10,0.0
317180,1518,-8.686107,53,False,237.35571880035468,1,5.000000000000002
317180,1519,20.995656,225,True,749.4262316417576,0,0.0
317280,1520,24.474319,225,True,864.5727772196908,0,0.2
317296,1521,23.2165,225,True,805.459999223526,2,0.4
318080,1522,23.790793,225,True,823.631739298221,1,0.0
318080,1523,27.530856,225,True,974.0342353391252,3,0.0
318180,1524,34.585475,225,True,1181.0189802104842,6,0.0
318196,1525,31.811203,225,True,1107.6481149485526,4,0.0
318980,1526,38.528291,225,True,1322.7316411085399,7,0.0
318980,1527,23.423838,225,True,785.7535288082161,2,0.0
319080,1528,28.993759,225,True,994.1503610359032,3,0.0
319096,1529,34.227098,225,True,1221.0839210612635,2,0.0
319372,1530,-5.278471,73,False,335.26117417445676,0,2.4
319740,1531,9.374309,161,False,808.5723552791751,3,0.0
319880,1532,30.693072,225,True,1098.9228758693916,1,0.0
319880,1533,36.695632,225,True,1218.2252932878964,9,0.0
319948,1534,-5.090039,52,False,261.19845214237216,1,0.0
320272,1535,26.793014,225,True,952.5205762206249,0,0.0
320780,1536,34.022264,225,True,1169.6905464778192,8,2.1999999999999997
320780,1537,27.066071,225,True,963.4428357660506,0,0.0
320848,1538,34.813515,225,True,1178.9405891992255,6,0.0
321172,1539,34.607053,225,True,1127.48211922769,11,1.2
321680,1540,35.093126,225,True,1202.925059189919,6,0.0
321680,1541,30.476157,225,True,1114.2462944279823,1,0.0
321748,1542,29.809184,225,True,1042.7673474944515,2,0.0
322072,1543,22.496263,225,True,787.0505130511151,0,0.0
322580,1544,21.463261,225,True,752.9304430429772,1,0.0
322580,1545,28.860449,225,True,1014.4179556035372,2,0.4
322648,1546,34.173993,225,True,1186.95970376156,5,0.0
322972,1547,38.749949,225,True,1337.997951270865,6,0.0
323480,1548,22.671065,225,True,789.2425912735584,1,0.0
323480,1549,35.295005,225,True,1269.4001925904113,4,0.0
323548,1550,33.145902,225,True,1141.03609348814,5,0.0
323872,1551,30.180988,225,True,1078.4395260605074,1,0.2
323972,1552,7.736476,123,False,727.0590419508958,5,0.2
324380,1553,28.162344,225,True,943.293758252056,4,0.0
324448,1554,30.86077,225,True,1067.2308152583037,3,0.0
324772,1555,32.996645,225,True,1078.2657810364885,8,0.2
324872,1556,28.599185,225,True,944.7674035733282,5,0.0
325280,1557,35.620341,225,True,1260.8136329821832,6,0.0
325348,1558,27.255601,225,True,979.0240418030191,1,1.0
325672,1559,32.171013,225,True,1073.2405172081594,6,0.0
325772,1560,25.492897,225,True,922.1158992129428,3,2.4
326092,1561,15.17548,203,False,1026.219185741846,4,0.0
326248,1562,28.777323,225,True,1014.2929274417925,2,0.0
326572,1563,28.171095,225,True,958.8437962115961,8,3.0000000000000004
326672,1564,33.039104,225,True,1088.7641655096318,9,1.2
326992,1565,35.663474,225,True,1270.538960756428,3,0.4
327148,1566,26.237307,225,True,907.8922954676414,4,1.2
327472,1567,28.242443,225,True,968.8977040421221,5,0.8
327572,1568,31.042411,225,True,1080.8964314997575,3,0.0
327892,1569,38.406303,225,True,1321.0521064378854,6,0.0
328048,1570,31.284406,225,True,1004.1762340360494,8,0.0
328228,1571,-7.985229,45,False,226.99082357153952,0,0.8
328372,1572,28.139568,225,True,971.1827259768481,4,0.0
328472,1573,23.440361,225,True,850.4144378852479,4,1.7999999999999998
328792,1574,30.55887,225,True,1105.5547863648135,9,4.600000000000001
329128,1575,25.410838,225,True,963.633510139297,6,4.000000000000001
329272,1576,35.760192,225,True,1226.4076823431956,7,0.8
329372,1577,23.171454,225,True,804.4581481114233,1,0.0
329692,1578,28.352956,225,True,970.1182259608586,5,1.4
330028,1579,30.547905,225,True,1047.5161907234667,4,0.0
330172,1580,25.852215,225,True,943.6885977477123,7,5.000000000000002
330272,1581,32.121041,225,True,1102.4416392494772,4,0.0
330592,1582,37.135904,225,True,1235.036177156197,9,0.0
330928,1583,22.41777,225,True,824.7108100783562,0,1.0
331072,1584,27.9495,225,True,1008.3799865955966,6,3.800000000000001
331120,1585,2.205877,132,False,606.6350962609226,3,2.6
331172,1586,29.885655,225,True,1067.426211089935,1,0.0
331828,1587,37.142566,225,True,1240.9026342480697,9,0.0
331972,1588,31.228626,225,True,1113.1450504536479,5,1.7999999999999998
332020,1589,34.762686,225,True,1216.1074452136022,5,0.0
332072,1590,33.641381,225,True,1111.2552566368522,8,0.0
332728,1591,25.594191,225,True,879.7676321077804,6,2.6
332872,1592,32.546898,225,True,1168.275938415959,1,0.0
332920,1593,36.686132,225,True,1219.4452750077216,9,0.0
332972,1594,36.281895,225,True,1268.8758133251954,4,0.0
333628,1595,28.718435,225,True,1019.9374193008364,4,2.1999999999999997
333772,1596,33.304777,225,True,1153.7910840616787,6,0.0
333820,1597,30.943593,225,True,1094.5437284892032,2,0.0
333872,1598,38.151698,225,True,1314.0679116264896,6,0.0
334080,1599,2.431805,113,False,619.6722126016566,1,0.0
334672,1600,29.576759,225,True,1001.4703726395092,4,0.0
334720,1601,31.481857,225,True,1044.074289607142,7,0.6000000000000001
334772,1602,31.01485,225,True,1057.3939865172883,4,0.0
334980,1603,30.919074,225,True,1099.9629768511782,2,0.0
335572,1604,34.985337,225,True,1153.8134833499698,12,2.1999999999999997
335620,1605,21.121717,225,True,751.268691859349,1,1.0
335672,1606,20.735233,225,True,710.209300258023,0,0.0
335880,1607,33.074904,225,True,1125.3961441166934,5,0.0
336472,1608,24.961245,225,True,837.6497873008386,3,0.0
336520,1609,24.822956,225,True,826.5182425264281,3,0.0
336572,1610,37.184224,225,True,1272.1689633235064,9,1.0
336780,1611,35.288411,225,True,1149.1364404589544,9,0.0
337372,1612,24.682241,225,True,835.2896420209374,2,0.0
337420,1613,36.85085,225,True,1247.6340117414238,8,0.0
337472,1614,37.783043,225,True,1297.7217097031084,6,0.0
337680,1615,33.126989,225,True,1153.0795442724234,6,0.0
338272,1616,37.401285,225,True,1303.2513907976468,8,1.2
338320,1617,30.275362,225,True,1026.2144728300023,5,0.0
338372,1618,31.92945,225,True,1052.377999725088,7,0.0
338580,1619,28.636898,225,True,963.0759091902919,4,0.0
339172,1620,36.235665,225,True,1221.4266191646775,7,0.0
339220,1621,27.843266,225,True,1008.1306486504025,0,0.0
339272,1622,24.255087,225,True,891.0034886042927,0,0.0
339480,1623,29.567989,225,True,1038.719567744075,2,0.0
339944,1624,16.873509,193,False,1078.9403586279955,5,0.0
340120,1625,33.544741,225,True,1080.189653070156,9,0.0
340172,1626,27.985127,225,True,1007.4050698636875,1,0.0
340380,1627,36.428633,225,True,1243.5453273784847,6,0.0
340608,1628,4.525692,109,False,583.4276801406793,5,0.0
340844,1629,36.177879,225,True,1198.315144613091,9,0.0
341020,1630,27.059996,225,True,953.5998378225663,1,0.0
341280,1631,39.781488,225,True,1312.0595098822787,11,0.6000000000000001
341508,1632,26.764871,225,True,885.7948521510536,6,1.0
341744,1633,32.804209,225,True,1147.3683486617215,3,0.0
341920,1634,33.871011,225,True,1066.040426687925,11,0.0
342180,1635,22.127269,225,True,825.0907726151138,2,2.8000000000000003
342408,1636,32.745011,225,True,1145.8004567522598,3,0.0
342644,1637,29.440438,225,True,1064.0175340518376,3,2.1999999999999997
342772,1638,14.707854,213,False,991.5141796136356,9,2.1999999999999997
342972,1639,5.262983,141,False,670.5193001185557,7,3.800000000000001
343064,1640,-6.158323,73,False,235.26707586167163,0,0.0
343080,1641,36.952596,225,True,1296.5038344575332,4,0.0
343408,1642,-3.76768,86,False,342.09279717203094,0,0.0
343544,1643,25.550208,225,True,965.2083224101088,4,5.000000000000002
343872,1644,30.82808,225,True,1094.7231847518487,2,0.0
343980,1645,35.786405,225,True,1224.2562119183417,6,0.0
344308,1646,34.315956,225,True,1143.0382555840106,7,0.0
344444,1647,37.470402,225,True,1243.6160988504357,9,0.0
344512,1648,6.385309,160,False,763.4123406807769,2,1.9999999999999998
344704,1649,6.759936,181,False,719.1974313219473,2,0.0
345156,1650,13.203118,178,False,925.7247057782618,6,0.0
345208,1651,36.618558,225,True,1291.942327509576,4,0.4
345412,1652,32.099444,225,True,1092.7777675291554,5,0.0
345604,1653,32.981333,225,True,1169.6533246870522,2,0.0
345940,1654,17.165858,196,False,1069.0343273057683,8,0.6000000000000001
346108,1655,28.873145,225,True,1014.9258111400761,4,0.0
346232,1656,-8.411406,31,False,166.74374638687846,0,0.4
346312,1657,27.602134,225,True,986.4853557474464,0,0.0
346504,1658,29.325855,225,True,1032.2341948067328,3,0.0
346840,1659,36.01594,225,True,1219.0375861699945,8,0.0
347132,1660,31.242734,225,True,1072.9093550720645,8,1.4
347212,1661,28.126972,225,True,973.0788670905681,2,0.0
347404,1662,31.956363,225,True,1060.6545298482106,7,0.0
347740,1663,37.164003,225,True,1239.3601086638732,8,0.0
348032,1664,24.150386,225,True,856.4154510078758,2,1.2
348112,1665,36.464406,225,True,1275.3762221133388,4,0.0
348304,1666,38.831308,225,True,1331.6523193412686,8,0.4
348640,1667,32.311069,225,True,1082.8427477542054,6,0.2
348932,1668,29.726801,225,True,1005.872035320765,6,1.0
349012,1669,29.209645,225,True,1007.5857912291035,3,0.0
349204,1670,31.705363,225,True,1078.6145030264174,5,0.4
349540,1671,35.614963,225,True,1145.3985043400485,10,0.0
349832,1672,27.612991,225,True,918.1196386361037,6,1.2
349912,1673,31.375681,225,True,1120.6272309353885,1,0.0
350104,1674,24.705458,225,True,860.2183237473598,2,0.0
350440,1675,33.226208,225,True,1075.448333890915,10,0.4
350732,1676,36.231061,225,True,1194.0424435069626,12,1.9999999999999998
350812,1677,28.48548,225,True,1018.6191900315191,1,0.0
351004,1678,36.590242,225,True,1272.409676181071,5,0.0
351340,1679,32.11534,225,True,1066.2135903602857,7,0.0
351632,1680,29.450767,225,True,964.4306728889742,8,1.4
351712,1681,35.642618,225,True,1242.5047228144554,5,0.6000000000000001
351904,1682,23.723835,225,True,829.753392440736,0,0.0
352240,1683,30.594326,225,True,1069.3730276001838,3,0.0
352532,1684,37.953958,225,True,1304.5583152163408,6,0.0
352612,1685,34.424195,225,True,1193.7678155094163,4,0.0
352764,1686,9.933357,215,False,850.9342948515659,2,0.2
353140,1687,37.168834,225,True,1282.7533742893474,7,1.0
353196,1688,5.881731,166,False,735.2692311426963,3,2.8000000000000003
353512,1689,37.132009,225,True,1265.2803448618997,8,0.6000000000000001
353636,1690,-7.67121,31,False,173.9515984440634,0,0.0
353664,1691,36.210063,225,True,1225.2025174380801,7,0.0
354040,1692,32.337804,225,True,1095.9121577468363,5,0.0
354096,1693,31.256531,225,True,1094.2612520129924,4,1.0
354536,1694,27.036149,225,True,959.8459796361167,1,0.0
354564,1695,35.558307,225,True,1207.9322841532285,6,0.0
354940,1696,36.468674,225,True,1179.5469456552623,10,0.0
354996,1697,35.772822,225,True,1258.912889107828,4,0.4
355436,1698,23.704487,225,True,812.9794703876826,1,0.0
355464,1699,31.30002,225,True,1075.2007953527159,4,0.0
355708,1700,15.37177,192,False,1071.6708123842145,6,3.0000000000000004
355896,1701,31.992065,225,True,1104.4825901300214,6,1.5999999999999999
356336,1702,38.381817,225,True,1292.8726998373286,9,0.8
356364,1703,38.36,225,True,1334.4000000000024,5,0.0
356608,1704,28.504108,225,True,964.9643123737246,4,0.0
356796,1705,25.32578,225,True,855.43118335082,5,1.2
356952,1706,5.289404,154,False,669.9761498761679,3,1.0
357264,1707,25.035658,225,True,904.6263266715814,4,1.4
357508,1708,38.320315,225,True,1336.812598797634,5,0.0
357696,1709,39.701519,225,True,1344.060779118207,8,0.0
357852,1710,31.0731,225,True,1052.5240150076538,5,0.0
358164,1711,23.073557,225,True,787.7422942566179,1,0.0
358280,1712,0.075286,107,False,479.0114294377047,2,0.4
358312,1713,-6.564326,37,False,218.22695520028174,0,0.0
358408,1714,26.797391,225,True,915.8956433716071,3,0.4
358596,1715,30.633902,225,True,1106.1560990768498,0,0.0
359180,1716,36.732691,225,True,1255.7076493484278,6,0.0
359212,1717,35.142673,225,True,1235.3069089725172,4,0.0
359308,1718,27.558343,225,True,968.7337271877491,1,0.0
359496,1719,28.372922,225,True,998.9168631696768,1,0.0
360080,1720,23.825633,225,True,833.8253056252063,0,0.0
360080,1721,5.229283,146,False,694.7713234810867,4,2.8000000000000003
360112,1722,29.153784,225,True,1015.751377147714,2,0.0
360208,1723,33.862787,225,True,1116.911478829883,8,0.4
360980,1724,28.544044,225,True,982.5617765266725,4,0.4
360980,1725,31.773775,225,True,1023.7510017509187,8,0.0
361012,1726,25.820935,225,True,896.8373934560432,3,1.0
361108,1727,25.704719,225,True,851.3887714570074,4,0.0
361324,1728,-4.654335,86,False,341.82661749632234,0,1.9999999999999998
361880,1729,32.06959,225,True,1137.9836028233058,5,2.1999999999999997
361912,1730,26.462144,225,True,891.285746329731,3,0.0
362008,1731,33.204068,225,True,1184.9627079803304,5,1.9999999999999998
362224,1732,28.457275,225,True,1003.0910091777005,1,0.0
362780,1733,29.567278,225,True,996.291110556715,5,0.0
362812,1734,32.418751,225,True,1163.1500455315736,1,0.0
362908,1735,28.833836,225,True,986.1534423236185,3,0.0
363124,1736,30.190381,225,True,1022.8152243580107,6,1.2
363680,1737,30.988473,225,True,1104.3389083583456,1,0.0
363712,1738,21.594111,225,True,760.5644570430088,1,0.6000000000000001
363808,1739,25.556868,225,True,839.8747391686861,4,0.0
364024,1740,31.937863,225,True,1142.3145193225214,1,0.0
364580,1741,34.905383,225,True,1168.2153057887917,8,0.4
364612,1742,27.272206,225,True,914.0882375034219,4,0.0
364708,1743,31.684401,225,True,1100.1760201948005,3,0.0
364828,1744,-6.299509,54,False,254.41962854928943,2,2.4
364924,1745,27.934588,225,True,942.1835248894474,4,0.0
365480,1746,27.995795,225,True,975.0318166618731,2,0.0
365608,1747,35.503538,225,True,1156.9415053813937,10,0.6000000000000001
365728,1748,22.022181,225,True,761.6872435398764,0,0.0
365824,1749,22.203583,225,True,784.9433343515948,1,0.6000000000000001
366040,1750,3.300478,140,False,598.4191183909563,1,0.0
366056,1751,-4.056865,82,False,384.12540035686743,1,3.400000000000001
366508,1752,28.739043,225,True,919.1617145189907,7,0.0
366724,1753,31.574064,225,True,1054.1625763103407,6,0.0
366940,1754,22.308701,225,True,773.1480292027793,0,0.0
366956,1755,24.776695,225,True,902.2678091507221,2,2.6
367408,1756,28.02829,225,True,941.1316122205021,6,0.6000000000000001
367624,1757,37.357309,225,True,1279.8923768676173,6,0.0
367840,1758,36.405674,225,True,1216.2269710455716,10,1.5999999999999999
367856,1759,24.611319,225,True,818.0527629383607,3,0.0
368308,1760,33.592212,225,True,1162.0884844305333,4,0.0
368524,1761,37.157663,225,True,1256.7065372906231,7,0.0
368740,1762,39.779175,225,True,1315.1669949515444,10,0.0
368756,1763,32.911851,225,True,1134.874039371272,5,0.0
368896,1764,-2.732442,93,False,398.7023063830936,0,0.6000000000000001
369208,1765,26.104011,225,True,915.3604456882931,1,0.0
369640,1766,36.046485,225,True,1228.2594070090804,6,0.0
369656,1767,26.886062,225,True,966.6424817057789,1,0.6000000000000001
369796,1768,28.756253,225,True,999.0501351186692,2,0.0
370108,1769,26.746661,225,True,962.6664315737517,0,0.0
370528,1770,21.624119,222,False,1258.5647597117372,6,0.0
370556,1771,22.86721,225,True,774.6884135958735,2,0.2
370696,1772,25.882954,225,True,893.7181556880198,2,0.0
371008,1773,25.6412,225,True,903.2480021891026,1,0.0
371080,1774,6.610174,131,False,716.4069693352019,3,0.0
371428,1775,36.430953,225,True,1266.038113713445,5,0.0
371596,1776,26.465757,225,True,915.4302994220423,3,0.0
371908,1777,29.042546,225,True,948.9018498226792,8,0.6000000000000001
371980,1778,31.455066,225,True,1111.802646305885,3,0.0
372328,1779,36.86251,225,True,1181.7003911607903,11,0.0
372496,1780,26.06522,225,True,869.008786969642,4,0.4
372808,1781,21.340822,225,True,734.4328910661575,0,0.0
372880,1782,24.704112,225,True,844.964483216223,2,0.0
373072,1783,8.015845,144,False,728.6338177591872,5,0.0
373192,1784,-3.992707,96,False,328.291701352789,0,0.0
373228,1785,33.234109,225,True,1072.5643572188428,9,0.0
373780,1786,36.355559,225,True,1264.6223620606702,5,0.0
373952,1787,9.634991,220,False,909.3996525696198,8,6.800000000000003
374092,1788,20.953733,225,True,718.9493251011297,0,0.0
374128,1789,34.562119,225,True,1157.684743129374,7,0.0
374680,1790,33.391253,225,True,1107.6501250589104,8,0.0
374852,1791,35.493831,225,True,1227.7532211118842,5,0.0
374992,1792,27.68414,225,True,994.5655983770889,0,0.0
375028,1793,36.365641,225,True,1257.825646005485,5,0.0
375152,1794,0.369748,118,False,531.5899187688394,2,2.8000000000000003
375752,1795,27.557285,225,True,1014.2914080647599,2,0.6000000000000001
375892,1796,38.153211,225,True,1230.9284430213097,11,0.0
375928,1797,32.349657,225,True,1080.3862726682182,7,0.0
376052,1798,28.306334,225,True,987.4533593787385,2,0.0
376652,1799,39.143204,225,True,1336.128159489936,7,0.0
376792,1800,24.20577,225,True,817.8307948089366,3,0.6000000000000001
376828,1801,31.254751,225,True,1113.3900584410258,2,0.0
376952,1802,33.969936,225,True,1136.3974301671092,7,0.0
377552,1803,33.423285,225,True,1160.9313855520345,4,0.0
377692,1804,35.484135,225,True,1208.165392796202,9,0.4
377704,1805,14.710081,188,False,1010.8032443397974,5,0.0
377728,1806,27.20893,225,True,953.9571940723877,2,0.2
378452,1807,26.200776,225,True,912.8310300181217,1,0.0
378592,1808,27.242817,225,True,970.5126714793157,0,0.0
378604,1809,31.195938,225,True,1075.8375056290497,4,0.0
378628,1810,31.896949,225,True,1067.8779580865503,6,0.0
379352,1811,35.202123,225,True,1168.8849173315125,8,0.0
379492,1812,24.858705,225,True,881.5481902329391,0,0.0
379504,1813,31.665027,225,True,1048.2010992060455,7,0.0
379528,1814,26.243763,225,True,856.1505276502453,5,0.0
380024,1815,7.984653,130,False,769.786135162941,2,0.0
380252,1816,21.438232,225,True,778.3292889262332,3,3.400000000000001
380392,1817,26.646639,225,True,937.0655761265343,2,0.0
380428,1818,21.536699,225,True,742.267978591655,0,0.0
380924,1819,31.603282,225,True,1084.1312774556013,6,1.2
381152,1820,37.284107,225,True,1245.7642843077415,8,0.0
381292,1821,27.741259,225,True,958.4503473641498,2,0.0
381328,1822,35.730036,225,True,1231.601422321799,5,0.0
381824,1823,30.61549,225,True,1065.4196148820884,4,0.0
382052,1824,28.684071,225,True,937.7628360846054,6,0.2
382192,1825,26.082012,225,True,903.2804710433793,2,0.2
382228,1826,34.895912,225,True,1231.0364906583413,3,0.0
382724,1827,27.444112,225,True,946.5644910030614,2,0.0
382952,1828,33.057787,225,True,1155.911497041744,4,0.6000000000000001
383092,1829,31.513186,225,True,1048.5274350051764,6,0.0
383128,1830,27.371229,225,True,950.0491588347402,2,0.0
383624,1831,24.797131,225,True,872.685232528529,0,0.0
383852,1832,29.380746,225,True,973.629847001896,6,0.0
383992,1833,27.445868,225,True,986.6347273770989,2,1.4
384028,1834,26.648946,225,True,951.5578447318744,2,0.0
384524,1835,40.091889,225,True,1290.8755406786045,14,1.0
384752,1836,28.631518,225,True,1005.26073016644,5,1.2
384892,1837,31.911546,225,True,1065.2618446361612,6,0.0
384928,1838,23.757789,225,True,885.5115703626811,0,0.6000000000000001
385424,1839,38.198184,225,True,1258.3273407202355,12,0.0
385652,1840,36.255815,225,True,1176.6325953811402,10,0.2
385792,1841,29.895689,225,True,1043.0275635844334,3,0.0
385828,1842,28.751149,225,True,1003.6459503957265,4,0.8
386216,1843,-0.617615,106,False,472.0954154510832,0,0.6000000000000001
386324,1844,33.90128,225,True,1160.0512047128523,5,0.0
386552,1845,36.075223,225,True,1232.608906228274,7,0.0
386728,1846,24.107878,225,True,851.5151255436942,0,0.0
387116,1847,33.970894,225,True,1108.435746646036,9,0.2
387224,1848,39.463211,225,True,1299.3284252245421,10,0.0
387452,1849,36.020543,225,True,1177.6217037775918,10,0.6000000000000001
387628,1850,38.30353,225,True,1324.941195101036,6,0.0
388016,1851,29.816696,225,True,990.2678288243358,6,0.2
388124,1852,30.986161,225,True,1113.8464403083435,4,1.7999999999999998
388352,1853,34.230244,225,True,1140.409753079327,8,0.4
388528,1854,31.068404,225,True,1075.5361590821394,3,0.0
388916,1855,25.741268,225,True,891.2507124980871,2,0.0
389024,1856,32.116007,225,True,1087.040292061109,6,0.6000000000000001
389252,1857,33.124594,225,True,1157.7837613408929,3,0.0
389428,1858,30.26791,225,True,1075.5163905454228,1,0.0
389816,1859,36.34165,225,True,1168.0659897920696,14,1.7999999999999998
389924,1860,35.545936,225,True,1213.8374530113829,6,0.0
390152,1861,30.608959,225,True,1095.5583672180123,1,0.0
390328,1862,29.642407,225,True,992.8962806260151,6,0.4
390716,1863,26.024749,225,True,940.9899647009713,1,0.2
390824,1864,40.562549,225,True,1328.9019701575135,11,0.0
391052,1865,26.157089,225,True,911.083564961006,1,0.0
391228,1866,19.575845,225,True,724.6338109601086,0,1.5999999999999999
391616,1867,29.3224,225,True,996.095991568151,4,0.0
391724,1868,28.191226,225,True,1058.049031312024,4,3.600000000000001
391952,1869,31.037551,225,True,1090.3020287365093,2,0.0
392128,1870,26.785126,225,True,912.2050275906199,4,1.0
392516,1871,28.67966,225,True,1024.7864092087796,1,0.0
392624,1872,21.954179,225,True,758.9671609607071,0,0.0
392852,1873,31.841212,225,True,1107.248470166316,3,0.0
393028,1874,31.515559,225,True,1105.422373581419,3,0.4
393416,1875,23.686378,225,True,786.6551006255254,3,0.0
393524,1876,35.150601,225,True,1214.8240299889603,5,0.0
393752,1877,37.413277,225,True,1273.3310913406904,7,0.0
393892,1878,-3.05598,92,False,358.5608155578259,0,0.0
393928,1879,26.104745,225,True,892.9897910188445,2,0.0
394316,1880,28.872232,225,True,1006.0892746442307,3,0.0
394652,1881,23.012787,225,True,785.3114863879639,1,0.0
394792,1882,24.074955,225,True,848.5981997696497,0,0.2
394828,1883,28.928817,225,True,1021.9526852682263,1,0.0
395216,1884,25.691978,225,True,1004.4791217095767,1,4.400000000000001
395552,1885,29.728719,225,True,1037.9487557264092,2,0.0
395692,1886,25.528936,225,True,853.9574424500513,3,0.0
395728,1887,32.189653,225,True,1137.986105662023,2,0.0
396116,1888,25.939092,225,True,876.763677739777,4,0.4
396452,1889,22.93951,225,True,798.3804096012473,0,0.0
396592,1890,37.79176,225,True,1255.6703917199534,9,0.0
396628,1891,33.939539,225,True,1127.9815702266883,7,0.0
397016,1892,38.613805,225,True,1281.3522145545112,9,0.0
397352,1893,30.507023,225,True,1069.0809272124457,2,0.0
397492,1894,36.223823,225,True,1217.7529140326528,10,1.0
397528,1895,36.037342,225,True,1179.0936749725888,9,0.0
397916,1896,37.23891,225,True,1275.956406785238,6,0.0
398252,1897,38.685111,225,True,1316.2044325549018,7,0.0
398392,1898,27.943048,225,True,946.5219229951867,4,0.2
398428,1899,34.056455,225,True,1195.85820164484,3,0.0
398816,1900,36.541553,225,True,1217.6621335734267,8,0.0
399152,1901,31.314362,225,True,1101.3744758796743,2,0.0
399292,1902,32.837002,225,True,1127.080065847665,5,0.0
399328,1903,38.779615,225,True,1291.1846151443715,9,0.0
399708,1904,0.266779,95,False,461.0711643930633,2,0.0
399716,1905,36.691543,225,True,1271.6617078889894,5,0.0
400052,1906,28.825216,225,True,1009.0086463133689,2,0.0
400192,1907,26.440045,225,True,925.601802825639,4,1.5999999999999999
400608,1908,38.595678,225,True,1299.8271384399472,8,0.0
400616,1909,25.131993,225,True,886.0797144264543,0,0.0
400860,1910,-5.333111,63,False,251.4755635514382,1,0.0
400952,1911,32.798001,225,True,1145.5200386233405,3,0.0
401092,1912,38.437403,225,True,1322.2961317678073,8,0.0
401516,1913,21.386568,225,True,744.2627170923172,1,1.0
401760,1914,27.687354,225,True,962.6941433550617,2,0.0
401852,1915,27.071994,225,True,981.2797520798167,0,0.0
401992,1916,35.794213,225,True,1216.5685151176976,6,0.0
402416,1917,32.720014,225,True,1111.2005650619103,5,0.0
402540,1918,-7.366124,31,False,170.15502272518347,1,0.0
402648,1919,5.538177,164,False,687.9270927332336,1,0.0
402660,1920,35.621404,225,True,1139.2561553805613,12,1.0
402752,1921,28.044263,225,True,984.1705163506699,3,1.2
403072,1922,-2.985237,80,False,346.99051971896847,1,0.0
403440,1923,34.581479,225,True,1200.059175606701,5,0.6000000000000001
403548,1924,27.616151,225,True,948.6460575726333,3,0.2
403560,1925,32.263656,225,True,1108.9462592444852,4,0.0
403972,1926,27.711999,225,True,968.4799648381359,2,0.0
404340,1927,36.378145,225,True,1224.7257814214481,7,0.0
404448,1928,25.625159,225,True,929.0063764865668,4,3.600000000000001
404460,1929,31.937125,225,True,1083.8849808955574,5,0.2
404872,1930,33.54577,225,True,1079.4307815459292,9,0.0
405240,1931,34.546607,225,True,1174.6642801042512,6,0.2
405348,1932,26.360694,225,True,924.0277534572667,1,0.2
405360,1933,24.355585,225,True,830.2234054461594,2,0.2
405772,1934,26.034861,225,True,857.3944344255503,4,0.0
406140,1935,25.524175,225,True,874.5670095615792,2,0.2
406248,1936,36.403805,225,True,1224.9522145673086,7,0.0
406260,1937,36.794391,225,True,1288.5756353084967,4,0.0
406672,1938,32.721838,225,True,1127.2735341570256,4,0.0
407040,1939,36.009026,225,True,1247.5610218852066,5,0.2
407148,1940,28.54653,225,True,1006.6611870597553,1,0.0
407160,1941,37.251546,225,True,1281.2618419683058,6,0.0
407572,1942,31.417552,225,True,1090.3020792324842,3,0.0
407940,1943,23.640182,225,True,816.8072806589325,1,0.0
408048,1944,36.932835,225,True,1232.5133925473956,11,1.9999999999999998
408060,1945,38.952023,225,True,1344.48093791158,6,0.0
408472,1946,29.711737,225,True,968.4694859083518,7,0.4
408840,1947,25.324614,225,True,861.7845707752185,2,0.0
408948,1948,34.329695,225,True,1200.3877868674813,7,1.9999999999999998
408960,1949,32.811517,225,True,1063.6606878274956,9,0.6000000000000001
409372,1950,26.231577,225,True,891.6630863880191,3,0.4
409740,1951,24.248885,225,True,850.7554040798805,0,0.0
409848,1952,25.327905,225,True,875.5161934165837,3,1.2
409860,1953,22.344524,225,True,774.5809734182792,0,0.0
410272,1954,30.838537,225,True,1019.1414667926651,6,0.0
410640,1955,38.659745,225,True,1307.189781975681,8,0.0
410748,1956,34.568694,225,True,1161.947764577454,8,0.8
410760,1957,36.598768,225,True,1265.5507375021534,5,0.0
411172,1958,31.766603,225,True,1089.8641249135799,5,0.0
411188,1959,-1.81637,110,False,468.94519811391183,1,3.2000000000000006
411540,1960,27.105242,225,True,885.0096900613617,5,0.0
411660,1961,26.20392,225,True,928.9567852734108,0,0.0
412072,1962,24.200589,225,True,823.2235576666349,2,0.0
412088,1963,31.47056,225,True,1061.2223937058275,5,0.0
412440,1964,38.554236,225,True,1344.569429362336,5,0.0
412560,1965,35.752156,225,True,1200.4862593904732,7,0.0
412652,1966,-7.735772,53,False,227.36911931685427,1,3.0000000000000004
412972,1967,29.072356,225,True,1017.294254273035,2,0.2
412988,1968,35.59082,225,True,1192.432814314424,7,0.0
413460,1969,29.904421,225,True,1083.3768233510982,0,0.0
413552,1970,25.893391,225,True,886.135642194809,4,0.8
413872,1971,23.124591,225,True,832.1836406909597,1,0.0
413888,1972,29.908091,225,True,977.923633145032,7,0.0
414360,1973,22.791911,225,True,803.6764598813495,0,0.0
414452,1974,26.256497,225,True,924.6598748387617,1,0.4
414540,1975,7.628653,167,False,729.9461013003004,4,0.0
414788,1976,25.539529,225,True,879.9811681978429,3,1.0
415260,1977,23.469327,225,True,803.5730899755229,1,0.0
415352,1978,21.275489,225,True,731.8195791219603,0,0.0
415440,1979,28.869572,225,True,1048.3828989833191,0,0.0
415688,1980,26.319992,225,True,901.5996625077266,2,0.0
416000,1981,-0.444379,78,False,421.42485003258,3,0.2
416160,1982,31.982368,225,True,1104.8947374174577,5,0.6000000000000001
416252,1983,38.90155,225,True,1332.0619969005743,8,0.4
416340,1984,38.36315,225,True,1328.9260128033065,7,1.0
416900,1985,27.931513,225,True,988.4605383506905,1,0.0
417060,1986,39.260578,225,True,1331.2231271283717,8,0.0
417152,1987,30.871379,225,True,1090.0551650153952,5,2.1999999999999997
417240,1988,31.964433,225,True,1095.377336780277,4,0.0
417800,1989,37.430934,225,True,1285.237374471264,6,0.0
417960,1990,35.530086,225,True,1207.6034328410642,6,0.0
418052,1991,26.942849,225,True,900.913955566034,4,0.0
418140,1992,34.591355,225,True,1132.4541904748899,10,1.0
418700,1993,21.708424,225,True,766.7369408058648,1,1.4
418860,1994,27.921081,225,True,1032.8432442888502,2,1.9999999999999998
418952,1995,24.39159,225,True,918.0635921975729,0,0.8
419040,1996,27.885313,225,True,963.412503127003,3,0.0
419152,1997,-5.490524,50,False,285.1790304484996,2,1.7999999999999998
419540,1998,7.376902,125,False,743.8760668054933,2,0.0
419600,1999,29.146717,225,True,973.0686907432278,5,0.0
419760,2000,30.697643,225,True,1019.1057233227334,6,0.0
420052,2001,38.842017,225,True,1324.0806866554644,7,0.0
420440,2002,28.33883,225,True,1067.1532046201464,2,2.1999999999999997
420500,2003,31.855521,225,True,1137.420831453881,7,2.4
420660,2004,27.09456,225,True,962.1823881509399,4,1.9999999999999998
420748,2005,-3.317014,77,False,372.91943797563,2,2.4
420952,2006,23.356594,225,True,826.2637769225846,2,0.6000000000000001
421400,2007,24.69914,225,True,837.5656048292951,2,0.0
421476,2008,6.767339,204,False,785.0935758128528,1,1.9999999999999998
421648,2009,27.333387,225,True,990.1354959851703,4,3.0000000000000004
421852,2010,34.488435,225,True,1177.137408670857,6,0.0
422036,2011,-0.66211,97,False,501.5155940200366,3,3.400000000000001
422036,2012,-6.955924,46,False,203.36303580617437,0,0.0
422300,2013,33.893849,225,True,1143.7539785136514,8,1.4
422376,2014,30.698555,225,True,1061.5421944894492,3,0.0
422936,2015,38.681084,225,True,1237.6433488937878,12,0.0
422936,2016,33.852309,225,True,1098.8923652897952,9,0.0
423200,2017,25.642257,225,True,879.2902946102292,2,0.2
423276,2018,23.038815,225,True,826.3526053512712,3,3.0000000000000004
423448,2019,-7.461968,43,False,206.32127212377577,1,1.4
423836,2020,20.825747,225,True,731.4298817895608,0,0.2
423836,2021,30.443565,225,True,1088.942607490022,6,1.9999999999999998
424100,2022,26.520006,225,True,919.2002517568394,6,1.7999999999999998
424348,2023,32.558551,225,True,1179.942039001989,3,1.7999999999999998
424736,2024,29.957757,225,True,1047.1102702786973,2,0.0
424736,2025,37.508781,225,True,1285.9512491270716,6,0.0
424900,2026,-6.749077,41,False,210.83692842417918,0,0.0
425000,2027,22.849139,225,True,799.5655424218103,0,0.2
425248,2028,24.635415,225,True,840.6165843474569,2,0.0
425636,2029,27.593703,225,True,1011.7481110318604,1,1.7999999999999998
425800,2030,23.925939,225,True,857.8375554617164,0,0.8
425900,2031,23.485897,225,True,849.0358603958002,1,1.5999999999999999
426148,2032,36.269474,225,True,1245.1789462478923,7,0.0
426308,2033,0.039995,127,False,559.1997880633628,3,4.200000000000001
426536,2034,24.153983,225,True,862.1593252264904,2,1.4
426800,2035,27.354199,225,True,934.1679601528667,3,0.0
426868,2036,-2.430962,83,False,351.5615193490048,2,0.0
427048,2037,29.027483,225,True,1060.2993349458002,3,2.4
427208,2038,26.76862,225,True,943.5447958463469,3,1.5999999999999999
427700,2039,28.253325,225,True,975.7330054202828,3,0.0
427768,2040,24.135792,225,True,814.2316628737149,2,0.0
427948,2041,25.379795,225,True,852.7918125731017,3,0.2
428108,2042,36.828817,225,True,1278.752672318356,6,0.8
428600,2043,23.985181,225,True,828.2072266455098,2,0.8
428668,2044,38.751858,225,True,1321.2743130400358,7,0.0
428848,2045,33.184841,225,True,1144.993636835071,4,0.0
429008,2046,25.181927,225,True,908.8770650043523,2,1.4
429500,2047,32.82581,225,True,1137.8323899060879,7,1.9999999999999998
429568,2048,28.284996,225,True,980.1998299435793,7,3.0000000000000004
429748,2049,33.964227,225,True,1128.1690974410044,8,0.4
429908,2050,26.01534,225,True,873.413594765138,4,0.4
430400,2051,33.155248,225,True,1085.409911121828,8,0.2
430468,2052,28.277274,225,True,949.490942248159,4,0.0
430648,2053,29.867113,225,True,1009.8845360936377,5,0.2
430808,2054,20.342071,225,True,699.2828553961178,0,0.2
431300,2055,39.612026,225,True,1322.8810204220258,9,0.0
431368,2056,31.348191,225,True,1044.3276401512755,7,0.8
431548,2057,38.965505,225,True,1281.8202190679049,11,0.0
431708,2058,27.804662,225,True,930.5864958583159,5,0.2
432200,2059,34.059303,225,True,1185.5721267484287,5,0.4
432268,2060,30.897309,225,True,1028.692341387503,6,0.0
432448,2061,29.241764,225,True,1103.2705769349614,7,6.800000000000003
432608,2062,32.775084,225,True,1129.4033720030598,4,0.0
433100,2063,28.375655,225,True,951.8262153398018,4,0.0
433168,2064,37.193832,225,True,1256.5532981809674,7,0.0
433348,2065,33.406365,225,True,1113.054618129161,7,0.0
433508,2066,38.502618,225,True,1326.5047084562802,6,0.0
434000,2067,27.24704,225,True,954.6816061303175,1,0.0
434068,2068,26.173731,225,True,878.1492293213867,4,0.6000000000000001
434248,2069,37.83435,225,True,1268.5740154518198,8,0.0
434408,2070,38.874406,225,True,1259.7762208502809,11,0.0
434900,2071,29.23227,225,True,982.0907939585736,8,2.4
434968,2072,28.657028,225,True,953.4811335305551,5,0.2
435056,2073,-8.564138,22,False,127.83446204624374,1,0.2
435148,2074,22.989598,225,True,800.3839050777499,0,0.0
435272,2075,-6.4337,54,False,254.6519831097869,2,2.6
435308,2076,28.595494,225,True,999.0197435433731,2,0.0
435800,2077,37.367205,225,True,1297.0882004715672,5,0.0
436004,2078,7.518197,174,False,793.527870145289,3,2.1999999999999997
436048,2079,27.619728,225,True,1007.9891235414534,7,4.600000000000001
436172,2080,39.114406,225,True,1331.7762464083594,8,0.6000000000000001
436700,2081,25.782566,225,True,936.1026545090433,0,0.0
436904,2082,36.910586,225,True,1258.8234520777078,7,0.2
436948,2083,35.316885,225,True,1155.0753929512498,9,0.2
437000,2084,13.070485,207,False,988.4193877103501,1,0.0
437600,2085,26.316647,225,True,915.8658969655148,3,1.2
437804,2086,35.102925,225,True,1206.5170117802481,5,0.0
437848,2087,29.503985,225,True,1019.3594063639855,3,0.0
437900,2088,29.173771,225,True,1042.950845787379,1,0.0
438500,2089,19.753408,225,True,765.3363326597516,1,4.600000000000001
438704,2090,36.411346,225,True,1274.8538579948959,4,0.0
438748,2091,28.90012,225,True,1036.8047974124968,0,0.0
438800,2092,35.931937,225,True,1255.6774798729111,4,0.0
439320,2093,6.584622,130,False,720.1848865125935,3,0.0
439400,2094,30.591033,225,True,1085.2413001064606,3,0.0
439604,2095,29.006457,225,True,1013.858297267373,3,0.6000000000000001
439648,2096,34.275991,225,True,1165.4396562909083,7,1.0
440220,2097,24.648091,225,True,866.7236547928155,0,0.0
440300,2098,38.078773,225,True,1308.750936726367,6,0.0
440504,2099,38.268338,225,True,1281.9335093249533,9,0.6000000000000001
440548,2100,30.696006,225,True,1060.6402341010535,3,0.0
441120,2101,24.175097,225,True,847.8038832893972,3,1.2
441200,2102,32.343363,225,True,1102.534501761429,6,0.6000000000000001
441404,2103,39.45049,225,True,1329.2195826870834,11,1.7999999999999998
441448,2104,34.535484,225,True,1234.219377849056,6,2.8000000000000003
442020,2105,30.549182,225,True,1031.5672843071416,5,0.0
442100,2106,23.742642,225,True,828.9056817035346,1,0.6000000000000001
442304,2107,35.77867,225,True,1200.7468101188474,7,0.0
442348,2108,31.193259,225,True,1048.5303584293188,8,1.2
442692,2109,0.465157,97,False,469.00626197891734,2,0.0
442920,2110,12.147883,205,False,890.7153398753701,6,0.8
442920,2111,38.119227,225,True,1312.769070740097,6,0.0
443248,2112,26.700758,225,True,908.0303238197027,3,0.2
443592,2113,29.91065,225,True,994.0260117437545,8,1.7999999999999998
443820,2114,29.634102,225,True,1074.164084884148,3,1.9999999999999998
443820,2115,25.583191,225,True,902.5276329375736,2,1.0
444148,2116,34.274324,225,True,1093.3729590189705,11,0.2
444492,2117,38.482892,225,True,1309.7156867113713,7,0.0
444628,2118,3.528279,120,False,623.5311409786402,0,0.0
444720,2119,33.80651,225,True,1197.060418675685,3,0.2
444720,2120,33.009732,225,True,1085.1892752812555,14,4.200000000000001
445392,2121,24.42531,225,True,889.8123964929316,0,0.8
445528,2122,33.189002,225,True,1136.3600622853455,9,2.6
445620,2123,39.352023,225,True,1344.4809379115882,7,0.0
445620,2124,39.994495,225,True,1312.5798007281596,14,1.9999999999999998
445736,2125,-4.82116,52,False,276.7536018387193,1,0.2
446292,2126,23.930528,225,True,854.0211029767386,0,0.2
446520,2127,29.413759,225,True,1036.550349842962,3,0.8
446520,2128,33.92074,225,True,1130.429593072352,9,1.2
446636,2129,35.5381,225,True,1208.7239974166919,6,0.0
447192,2130,37.21288,225,True,1263.7152161028757,7,0.0
447420,2131,37.161256,225,True,1247.2502512168262,8,0.0
447420,2132,23.513182,225,True,882.9272819036023,3,4.000000000000001
447536,2133,27.433764,225,True,989.350574712144,0,0.2
448092,2134,34.062909,225,True,1158.5163551590417,6,0.4
448320,2135,40.023933,225,True,1329.7573143178233,10,0.0
448320,2136,38.183197,225,True,1345.7278694247361,4,0.0
448436,2137,22.017429,225,True,767.8971703823092,2,1.5999999999999999
448876,2138,1.559549,139,False,591.1819563712986,5,4.800000000000002
448992,2139,24.848283,225,True,852.331322841108,2,0.4
449220,2140,30.113376,225,True,989.3350533582984,7,0.6000000000000001
449336,2141,37.172456,225,True,1294.09823439793,8,2.1999999999999997
449776,2142,27.773374,225,True,916.5349533025721,5,0.2
449892,2143,37.973641,225,True,1271.7456478766962,8,0.0
450120,2144,24.769109,225,True,863.5643660159083,2,1.0
450236,2145,20.272798,225,True,744.5119159092951,0,2.1999999999999997
450484,2146,-6.310947,62,False,246.76211919000593,1,1.4
450676,2147,31.191089,225,True,1082.043561769879,3,0.0
450792,2148,26.458795,225,True,912.7517965802483,4,1.0
451020,2149,33.864728,225,True,1129.7891009602613,7,0.0
451128,2150,-8.750845,27,False,130.7661867654699,0,0.0
451384,2151,29.412109,225,True,989.2843635180134,8,2.1999999999999997
451576,2152,39.5165,225,True,1324.6600054071978,10,0.4
451692,2153,36.382803,225,True,1273.7121006903017,4,0.0
452028,2154,36.899615,225,True,1278.3845948681947,5,0.0
452272,2155,-5.156911,61,False,311.3235509003266,1,2.1999999999999997
452284,2156,29.640343,225,True,1111.2137262410984,7,6.400000000000003
452476,2157,31.301949,225,True,1056.0779588219461,8,1.7999999999999998
452592,2158,35.876155,225,True,1241.446189029481,5,0.2
452808,2159,-0.503081,83,False,483.87677878304635,3,3.0000000000000004
452956,2160,-0.282103,91,False,462.3158958148979,2,1.0
453172,2161,37.397406,225,True,1249.496253402811,9,0.6000000000000001
453184,2162,40.644456,225,True,1282.5782547398635,14,0.0
453708,2163,26.925316,225,True,948.2126322634354,1,0.2
453856,2164,29.092402,225,True,980.4960640017232,4,0.0
453956,2165,4.57139,193,False,710.0556055176658,1,0.8
454012,2166,-7.661866,39,False,203.92534143464763,2,2.6
454072,2167,36.931444,225,True,1238.057762171683,8,0.2
454608,2168,35.866547,225,True,1207.4618745477574,8,0.2
454856,2169,24.546024,225,True,888.2409552117335,2,1.7999999999999998
454912,2170,32.514499,225,True,1134.9799702949422,3,0.0
454972,2171,38.576555,225,True,1295.062219836765,10,1.2
455508,2172,31.899182,225,True,1122.367298379966,3,0.0
455592,2173,-10.874668,21,False,112.21328880289002,0,2.8000000000000003
455756,2174,26.198183,225,True,869.5273295371587,4,0.2
455812,2175,35.322377,225,True,1196.8950866520527,7,0.6000000000000001
455872,2176,40.977617,225,True,1344.7046904351996,11,0.0
456492,2177,38.108642,225,True,1293.1456825711584,7,0.0
456656,2178,22.676869,225,True,870.2747601051383,3,4.800000000000002
456712,2179,25.057462,225,True,852.6984673150339,2,0.0
456772,2180,39.378782,225,True,1344.7512912971897,7,0.0
457392,2181,19.075427,225,True,714.2170686345025,0,2.1999999999999997
457556,2182,31.140704,225,True,1067.228159345903,5,0.8
457612,2183,24.906916,225,True,877.0766438563803,0,0.0
457672,2184,23.052647,225,True,809.3058875949296,2,0.6000000000000001
457792,2185,-5.852507,45,False,249.89970149611167,2,1.2
458292,2186,32.703509,225,True,1112.1403625099447,6,0.4
458456,2187,39.382233,225,True,1345.689317701977,7,0.0
458572,2188,28.422252,225,True,995.2900604029878,4,1.2
458692,2189,32.527172,225,True,1112.2868672151299,7,1.4
459192,2190,35.472454,225,True,1172.4981486630386,8,0.0
459356,2191,26.435248,225,True,928.6099077959784,1,0.0
459472,2192,33.055806,225,True,1141.4322483752994,4,0.0
459592,2193,25.271002,225,True,834.0400817948043,5,0.6000000000000001
460092,2194,29.347148,225,True,1013.0859147380202,5,0.6000000000000001
460256,2195,30.848275,225,True,1029.931012067648,7,0.4
460372,2196,33.383897,225,True,1154.555865611288,4,0.0
460492,2197,24.946798,225,True,846.6719330855137,3,0.6000000000000001
460992,2198,28.1458,225,True,979.4319843322644,2,0.2
461156,2199,37.75177,225,True,1248.4708197491768,9,0.0
461272,2200,30.47082,225,True,1058.0328001224852,3,0.0
461392,2201,29.643577,225,True,1018.5430902887165,3,0.0
461784,2202,1.206325,98,False,515.4530076973494,1,0.0
461892,2203,21.79515,225,True,875.8059936842269,3,6.800000000000003
462056,2204,28.640614,225,True,1012.0245751026953,1,0.0
462172,2205,29.06001,225,True,1003.2003991168456,4,1.0
462684,2206,26.348665,225,True,907.5466118285649,2,0.2
462792,2207,39.112227,225,True,1334.8890867444911,7,0.0
462956,2208,29.291672,225,True,1027.6668641630733,4,1.5999999999999999
463072,2209,40.091889,225,True,1342.0755449510225,9,0.0
463584,2210,22.589742,225,True,827.5896673618802,1,2.1999999999999997
463692,2211,32.86207,225,True,1110.482796141312,6,0.4
463856,2212,38.492387,225,True,1326.895492597414,8,0.6000000000000001
463972,2213,27.729324,225,True,924.3729548600909,6,1.2
464380,2214,3.39126,131,False,596.4504094960168,5,2.4
464484,2215,27.365903,225,True,969.0361190653948,5,2.8000000000000003
464592,2216,34.050105,225,True,1186.8041869184885,4,0.2
464872,2217,25.258649,225,True,883.1459574576775,1,0.0
465280,2218,33.490077,225,True,1149.2030879338804,11,3.800000000000001
465384,2219,25.498616,225,True,915.1446590346059,2,1.5999999999999999
465492,2220,36.290493,225,True,1198.01972827601,13,3.0000000000000004
465496,2221,13.389353,156,False,921.174102512409,6,0.0
466180,2222,25.076385,225,True,912.6553847756741,1,1.7999999999999998
466284,2223,39.356062,225,True,1301.4424906092731,10,0.0
466392,2224,41.352978,225,True,1325.3191260305412,15,1.2
466396,2225,37.851787,225,True,1306.8714819346073,6,0.0
467080,2226,39.322936,225,True,1343.3174529966136,7,0.0
467184,2227,23.313146,225,True,813.3258365147453,0,0.0
467292,2228,20.712983,225,True,723.7193316320779,0,0.6000000000000001
467296,2229,32.472142,225,True,1117.2856946389206,5,0.4
467616,2230,-3.371076,80,False,394.75695797423555,3,4.000000000000001
467980,2231,27.90366,225,True,996.9464052539931,0,0.0
468084,2232,30.327549,225,True,1094.701965000576,6,2.8000000000000003
468192,2233,34.079669,225,True,1195.9867490550328,4,0.6000000000000001
468460,2234,5.419321,120,False,659.1728350907038,6,2.4
468516,2235,26.971551,225,True,902.0620412985681,6,1.0
468984,2236,37.558463,225,True,1256.7385040466497,8,0.0
469092,2237,38.815137,225,True,1263.005491942321,14,2.1999999999999997
469360,2238,34.444407,225,True,1162.5762810995639,6,0.0
469416,2239,35.508693,225,True,1237.9477180454628,4,0.0
469656,2240,4.581382,141,False,614.4552843037968,5,1.2
469884,2241,34.638034,225,True,1242.3213577198953,4,0.4
470260,2242,37.491654,225,True,1284.4661431496884,6,0.0
470316,2243,33.738277,225,True,1159.131087397223,6,0.0
470556,2244,38.610586,225,True,1337.223423271968,6,0.0
470784,2245,37.951491,225,True,1320.4596232320687,5,0.0
471160,2246,28.227188,225,True,987.487516504495,3,1.0
471216,2247,30.322589,225,True,1026.5035649413314,5,0.4
471456,2248,24.105904,225,True,867.436140187071,0,0.4
471684,2249,28.831786,225,True,1029.2714456393119,4,1.7999999999999998
471736,2250,-6.339481,70,False,237.62074776787085,0,0.4
471784,2251,5.659566,156,False,732.7826375002678,1,0.0
472116,2252,34.451894,225,True,1170.8757416915614,10,2.4
472584,2253,24.968322,225,True,847.5328842816602,3,0.6000000000000001
472636,2254,35.896535,225,True,1128.6614145877138,13,0.8
472684,2255,30.408697,225,True,1053.9478716198396,5,1.4
473016,2256,21.872964,225,True,803.7185405701305,0,1.9999999999999998
473484,2257,39.808812,225,True,1345.9524949311526,8,0.0
473536,2258,27.400086,225,True,980.0034261251035,1,0.8
473584,2259,39.232548,225,True,1339.701931517417,7,0.0
473916,2260,35.299142,225,True,1209.5656918175405,7,0.4
474384,2261,36.980956,225,True,1303.2382447866003,5,0.6000000000000001
474436,2262,36.392799,225,True,1267.7119559714915,5,0.4
474484,2263,29.157741,225,True,1027.909625544573,3,0.0
474816,2264,21.9618,225,True,768.8720138297383,0,0.4
475284,2265,32.328339,225,True,1110.7335452618045,4,0.0
475336,2266,35.724336,225,True,1182.5734497225785,8,0.0
475384,2267,33.261409,225,True,1110.456354179399,7,0.4
475716,2268,39.213776,225,True,1345.3510336882518,7,0.0
475828,2269,-0.25668,136,False,540.932811081962,1,3.600000000000001
476236,2270,25.209639,225,True,873.1855588962746,6,3.0000000000000004
476284,2271,28.747444,225,True,987.497750936466,3,0.2
476616,2272,25.914248,225,True,907.7699187047137,1,0.0
476728,2273,23.41384,225,True,863.7535992329292,4,4.600000000000001
477100,2274,12.751989,204,False,927.6795654709663,4,0.0
477136,2275,36.628932,225,True,1233.9572732528077,7,0.0
477516,2276,30.019552,225,True,1019.1820886697033,4,0.0
477628,2277,34.128119,225,True,1165.1247493617516,8,1.5999999999999999
477664,2278,-7.675954,37,False,173.76184228651528,0,0.0
477764,2279,5.528232,166,False,717.1292704315069,0,0.6000000000000001
478036,2280,35.159834,225,True,1160.7933487077166,8,0.0
478528,2281,34.129498,225,True,1152.379918560422,6,0.0
478564,2282,26.224639,225,True,971.3855482116537,6,5.000000000000002
478664,2283,35.088652,225,True,1243.5460740034996,3,0.0
478936,2284,34.715891,225,True,1139.835640246532,11,1.5999999999999999
479428,2285,34.846686,225,True,1182.6674503502031,6,0.0
479464,2286,33.552797,225,True,1165.3118604055317,4,0.0
479564,2287,38.258009,225,True,1290.3203699792284,8,0.0
479836,2288,25.598431,225,True,890.3372249223712,2,0.0
480012,2289,1.743427,112,False,580.9370746382081,1,0.2
480328,2290,28.27024,225,True,1018.0096126471369,1,0.2
480364,2291,33.518563,225,True,1136.742507691154,9,1.5999999999999999
480736,2292,40.103219,225,True,1345.7287445742409,10,0.8
480912,2293,38.957436,225,True,1345.4974411196786,6,0.0
481228,2294,38.688208,225,True,1335.5283028399813,6,0.0
481264,2295,33.565497,225,True,1187.4198843786176,5,1.7999999999999998
481636,2296,34.063133,225,True,1192.1253074354445,4,0.0
481812,2297,24.921904,225,True,850.4761403818297,5,1.4
482096,2298,1.983751,115,False,551.3500540795796,1,0.0
482128,2299,30.284135,225,True,1044.965419377183,5,0.6000000000000001
482164,2300,21.924606,225,True,788.1842514562775,0,1.0
482404,2301,10.928781,148,False,869.1512476930102,5,1.0
482996,2302,30.50347,225,True,1073.7387852039915,2,0.2
483028,2303,25.5217,225,True,935.2680020397615,4,3.2000000000000006
483064,2304,29.811711,225,True,1022.8684376724009,5,0.2
483304,2305,36.774388,225,True,1242.1755380265336,8,0.4
483896,2306,34.653867,225,True,1202.9546681495003,5,0.4
483928,2307,32.438648,225,True,1100.74593958806,12,4.200000000000001
483964,2308,30.369755,225,True,1166.7901999891565,8,7.400000000000004
484204,2309,39.670933,225,True,1333.2373105571592,12,1.5999999999999999
484292,2310,-3.782695,82,False,383.89220486276827,0,0.8
484352,2311,2.65719,106,False,571.8876121999144,1,0.0
484548,2312,-4.670354,86,False,345.98582268430914,2,3.0000000000000004
484704,2313,-4.352959,103,False,412.2816484293328,1,4.800000000000002
484796,2314,20.041367,225,True,786.4546777536525,2,5.600000000000002
485252,2315,22.089011,225,True,887.5604441233236,0,2.8000000000000003
485448,2316,38.189327,225,True,1293.1730616162954,10,1.2
485604,2317,36.895991,225,True,1257.439626863415,9,1.0
485696,2318,26.553398,225,True,899.7359040528781,4,0.6000000000000001
486152,2319,29.454455,225,True,1018.9781897839364,3,0.0
486348,2320,35.823659,225,True,1262.5463426230735,4,0.0
486504,2321,28.071643,225,True,950.8657180060768,4,0.4
486596,2322,30.108364,225,True,1179.5345598776653,5,5.200000000000002
486784,2323,4.928667,109,False,638.7466695183671,4,1.0
487020,2324,-5.898472,59,False,245.66111825665166,0,0.0
487052,2325,36.245917,225,True,1225.8366795768848,7,0.0
487404,2326,22.161468,225,True,751.2587293851357,1,0.0
487496,2327,28.603756,225,True,1004.150236576213,2,0.2
487920,2328,25.828477,225,True,897.9390952231029,1,0.0
487952,2329,32.977416,225,True,1147.8966477136933,4,0.0
488304,2330,26.750714,225,True,926.8285534036288,4,1.5999999999999999
488396,2331,35.721833,225,True,1247.273310131733,4,0.0
488820,2332,28.152854,225,True,1043.7141653616304,0,0.0
488852,2333,23.322931,225,True,826.517246064999,1,1.2
489204,2334,24.592357,225,True,870.8942911776285,0,0.0
489296,2335,32.275805,225,True,1059.0322159622729,9,1.0
489720,2336,35.892457,225,True,1204.4982920548687,7,0.0
489752,2337,32.642722,225,True,1125.708895269061,6,0.4
490104,2338,36.698624,225,True,1211.1449592417148,10,0.6000000000000001
490196,2339,30.883236,225,True,1132.1294496039777,2,1.7999999999999998
490620,2340,33.2497,225,True,1111.588014302442,7,0.2
490652,2341,33.609047,225,True,1101.1618928941584,10,1.0
491004,2342,23.028071,225,True,785.9228397343904,1,0.0
491096,2343,30.488226,225,True,1053.9290329119972,5,0.4
491520,2344,39.898691,225,True,1341.54762708227,9,0.0
491552,2345,27.719138,225,True,967.1655086171918,3,0.8
491904,2346,38.583155,225,True,1345.7261968432458,5,0.0
491996,2347,32.224014,225,True,1108.1605777851328,4,0.0
492420,2348,37.333019,225,True,1279.7207558914693,6,0.0
492452,2349,25.414706,225,True,889.3882345159127,4,1.9999999999999998
492804,2350,21.609373,225,True,765.9749214800697,0,0.6000000000000001
492896,2351,29.764,225,True,1071.359990021609,0,0.0
493320,2352,25.123213,225,True,821.7285041049288,4,0.0
493352,2353,25.456702,225,True,851.0680606974622,3,0.0
493704,2354,37.964013,225,True,1267.360538640628,10,0.8
493796,2355,32.666634,225,True,1117.0653759742286,10,3.2000000000000006
494200,2356,4.920131,124,False,643.2052216789118,4,0.0
494220,2357,34.336287,225,True,1145.4514966398838,10,1.9999999999999998
494252,2358,30.610607,225,True,1042.824272337499,5,0.2
494696,2359,22.108314,225,True,752.332562275863,2,0.8
494824,2360,5.125249,143,False,681.8099738533454,2,0.8
495068,2361,23.191793,212,False,1266.871735111467,9,0.0
495100,2362,39.782721,225,True,1345.70884567334,8,0.0
495364,2363,-1.240221,74,False,408.7911671314114,5,2.4
495596,2364,37.588089,225,True,1245.9235474299885,10,0.6000000000000001
495724,2365,35.001988,225,True,1170.4795125809683,7,0.0
496000,2366,26.330696,225,True,870.0278330142773,4,0.0
496264,2367,40.567544,225,True,1334.7017671027775,11,0.0
496496,2368,37.145475,225,True,1270.6189870640042,6,0.0
496624,2369,29.729595,225,True,1065.1838101240137,1,0.2
496712,2370,-9.079233,22,False,122.43068293157899,0,0.2
496900,2371,32.736185,225,True,1123.0473985249464,7,1.0
497164,2372,28.757673,225,True,1003.9069243640597,2,0.2
497396,2373,32.557129,225,True,1219.0851514911656,5,3.800000000000001
497612,2374,33.315514,225,True,1166.2205713955923,3,0.0
497800,2375,28.319731,225,True,961.5892229666829,4,0.2
498064,2376,33.320653,225,True,1133.626111142557,5,0.0
498296,2377,32.721259,225,True,1144.8503484506841,4,0.0
498512,2378,33.59146,225,True,1157.258393818452,5,0.0
498700,2379,34.321566,225,True,1175.262630927822,5,0.0
498964,2380,24.619546,225,True,855.9818398618506,1,0.0
499196,2381,35.830737,225,True,1219.6294914372602,6,0.0
499412,2382,21.587174,225,True,744.2869538752748,0,0.0
499600,2383,18.75034,225,True,766.8136062186245,1,6.000000000000003
499864,2384,33.55638,225,True,1194.2551834973506,3,0.0
500096,2385,32.322212,225,True,1074.4884916238148,11,2.8000000000000003
500312,2386,28.496103,225,True,1036.644108718788,1,0.8
500500,2387,28.309428,225,True,1006.7771320202489,2,0.2
500696,2388,10.318114,208,False,917.5245527378379,3,2.6
500996,2389,40.234406,225,True,1346.176247413966,9,0.0
501212,2390,23.527406,225,True,830.6962257873518,2,1.4
501236,2391,9.888615,184,False,845.1446112414055,2,0.0
501596,2392,26.430205,225,True,980.4082010724701,2,1.9999999999999998
501896,2393,26.248194,225,True,975.5277400615428,1,1.0
502112,2394,34.224571,225,True,1136.9828506130348,12,3.0000000000000004
502136,2395,32.169098,225,True,1097.163903020611,7,1.2
502496,2396,31.85997,225,True,1070.3987934700226,7,0.8
502796,2397,31.113433,225,True,1082.137300645994,6,1.4
503012,2398,20.97752,225,True,761.5008126213929,0,1.2
503036,2399,36.143876,225,True,1240.1550336795635,7,0.4
503040,2400,6.097275,136,False,704.6910101279504,9,4.400000000000001
503248,2401,-8.766776,59,False,242.128969403695,0,3.0000000000000004
503696,2402,35.289806,225,True,1193.1922492217955,7,0.2
503936,2403,28.784836,225,True,980.9934586094655,5,1.2
503940,2404,36.620176,225,True,1208.0070314119685,9,0.0
504040,2405,-1.756624,86,False,411.33502108236826,0,0.0
504148,2406,31.791995,225,True,1100.479812599288,7,2.1999999999999997
504256,2407,-2.802653,79,False,373.4938764870028,4,2.6
504836,2408,36.871932,225,True,1234.0772840498335,8,0.2
504940,2409,35.036465,225,True,1242.258594763181,3,0.0
505048,2410,35.986619,225,True,1224.2647448769612,8,1.0
505156,2411,24.262823,225,True,883.312913850345,5,4.400000000000001
505616,2412,8.357524,195,False,783.9009545455453,3,0.4
505840,2413,37.484886,225,True,1338.5954298825245,3,0.0
505948,2414,34.848482,225,True,1202.7392963454413,5,0.0
506056,2415,34.840942,225,True,1228.0376763018494,3,0.0
506516,2416,32.179497,225,True,1074.3798626334678,6,0.0
506740,2417,36.394773,225,True,1279.790937286548,7,1.4
506848,2418,33.723263,225,True,1142.5305340357831,10,2.1999999999999997
506956,2419,30.12562,225,True,1038.6248054330556,3,0.0
507012,2420,2.413896,124,False,598.955840500809,2,2.1999999999999997
507192,2421,-5.81024,45,False,257.9903820713505,1,0.8
507464,2422,10.613852,181,False,885.3540942158452,2,0.0
507504,2423,6.945181,137,False,728.2072496898065,4,0.8
507748,2424,30.216918,225,True,1055.8767150492063,3,0.0
508092,2425,21.97511,225,True,772.6043810131484,0,0.0
508364,2426,22.01829,225,True,740.7316104167987,2,0.0
508372,2427,-1.757198,70,False,378.51207491051105,2,0.0
508404,2428,30.819574,225,True,1063.9829763732237,4,0.0
508648,2429,34.940575,225,True,1183.222985673251,6,0.0
509264,2430,26.073802,225,True,894.9520939680613,3,0.8
509272,2431,25.953978,225,True,910.9591393847627,3,1.5999999999999999
509304,2432,28.665207,225,True,997.0082894318273,5,1.7999999999999998
509548,2433,34.987604,225,True,1206.7041613905235,5,0.0
510164,2434,36.659924,225,True,1270.3969616962963,6,0.4
510172,2435,39.146876,225,True,1337.0750492304414,7,0.0
510204,2436,25.462629,225,True,894.5051574417516,5,2.8000000000000003
510448,2437,30.321503,225,True,1079.2601336035673,1,0.0
510724,2438,1.0602,130,False,601.6080091658089,2,4.600000000000001
511064,2439,25.66802,225,True,913.9208060153501,5,2.6
511072,2440,37.008511,225,True,1289.9404415103877,5,0.0
511348,2441,37.427861,225,True,1281.9144564007047,7,0.6000000000000001
511624,2442,31.370865,225,True,1087.6346062546381,3,0.0
511860,2443,8.004276,128,False,754.571055177398,3,0.0
511964,2444,31.392547,225,True,1056.5018623458914,5,0.0
511972,2445,32.302399,225,True,1092.8959764936776,5,0.0
512524,2446,30.803238,225,True,999.3295071665964,8,0.6000000000000001
512760,2447,25.818333,225,True,935.9333047137166,0,0.4
512864,2448,34.847053,225,True,1199.4821205367912,5,0.0
512872,2449,35.430034,225,True,1219.6013563559272,5,0.0
513424,2450,34.460705,225,True,1196.8281841630933,4,0.0
513660,2451,30.934607,225,True,1070.1842752541074,3,0.0
513764,2452,32.817339,225,True,1113.4935422148164,5,0.0
513772,2453,26.422916,225,True,964.9166253802957,0,0.8
514324,2454,29.752275,225,True,1074.0910082127166,2,0.0
514560,2455,39.834406,225,True,1346.1762474763518,8,0.0
514664,2456,36.986376,225,True,1250.6550548990635,7,0.0
514672,2457,32.451224,225,True,1113.2489631756016,6,0.0
515224,2458,24.231218,225,True,864.448731757642,3,1.7999999999999998
515460,2459,38.748453,225,True,1290.7381123421897,10,0.8
515564,2460,34.346473,225,True,1157.0589086891691,8,1.2
515572,2461,38.783016,225,True,1321.7206430184174,7,0.0
516124,2462,32.711325,225,True,1094.8529923729043,6,0.0
516360,2463,27.953737,225,True,1010.1494981551018,3,1.5999999999999999
516464,2464,37.57794,225,True,1289.517598484173,6,0.0
516472,2465,21.82259,225,True,803.3035966957107,0,1.7999999999999998
517024,2466,30.17558,225,True,1099.0231991830665,0,0.0
517260,2467,24.96709,225,True,895.4835851367093,0,0.4
517364,2468,30.658987,225,True,1081.559483791953,2,0.0
517372,2469,37.373394,225,True,1311.7357497025137,6,0.0
517924,2470,33.869161,225,True,1187.5664273754037,3,0.0
518160,2471,28.451761,225,True,946.8704316344251,5,0.0
518264,2472,21.994549,225,True,805.381944764611,0,1.4
518272,2473,21.852979,225,True,748.5191725390321,1,0.4
518824,2474,32.689245,225,True,1133.9698036378254,6,1.5999999999999999
519060,2475,39.981169,225,True,1339.24674677829,9,0.0
519164,2476,34.852148,225,True,1217.2859047947404,4,0.0
519172,2477,23.443445,225,True,797.7377949739571,2,0.2
519468,2478,6.761369,161,False,720.0547765374356,2,0.0
519676,2479,3.492013,126,False,589.2805124727815,2,0.0
519788,2480,2.505935,182,False,631.437403974606,0,1.7999999999999998
520064,2481,32.29133,225,True,1116.4532058625,4,0.0
520368,2482,23.834939,225,True,835.7975694475408,2,1.4
520576,2483,21.53939,225,True,753.5755811018178,0,0.0
520688,2484,38.953374,225,True,1342.9349678692074,7,0.6000000000000001
520964,2485,31.8876,225,True,1116.3039980638077,3,0.0
521268,2486,40.152023,225,True,1344.4809379109552,9,0.0
521476,2487,22.767956,225,True,791.5182510912564,0,0.0
521588,2488,23.269587,225,True,853.1834982648186,1,2.4
521864,2489,33.444811,225,True,1130.5924362436886,6,0.0
522168,2490,36.064584,225,True,1267.3833725926988,6,0.4
522376,2491,31.890974,225,True,1156.4389703991055,5,1.7999999999999998
522488,2492,35.646986,225,True,1148.279451922781,11,0.6000000000000001
522764,2493,20.176397,225,True,732.6558738817694,0,1.5999999999999999
523068,2494,27.71109,225,True,982.8435843001741,1,0.4
523276,2495,29.482724,225,True,985.7089779982152,6,0.6000000000000001
523388,2496,36.075843,225,True,1223.8337018035022,8,0.8
523664,2497,22.684755,225,True,788.1902012072599,0,0.0
523968,2498,27.340797,225,True,945.6318864599568,3,0.8
524108,2499,13.843242,208,False,988.9296782079339,6,1.9999999999999998
524288,2500,29.616314,225,True,1030.2525718432637,6,1.9999999999999998
524564,2501,27.001947,225,True,928.8778883853554,2,0.0
524868,2502,23.488825,225,True,839.5529874462588,2,1.5999999999999999
525008,2503,37.556304,225,True,1295.852178007031,6,0.0
525188,2504,38.069825,225,True,1275.59298147167,9,0.6000000000000001
525464,2505,31.133352,225,True,1145.3340926463866,7,4.600000000000001
525764,2506,6.847653,144,False,721.1061384905677,3,0.0
525768,2507,34.517045,225,True,1141.4817937279167,8,0.0
525908,2508,28.874373,225,True,1008.5749375899572,2,0.2
526364,2509,34.006502,225,True,1119.460093870884,8,0.2
526664,2510,38.388959,225,True,1297.958348001846,8,0.0
526668,2511,26.181946,225,True,878.4778226110232,4,0.6000000000000001
526808,2512,25.046118,225,True,869.8447168455709,2,0.2
527244,2513,5.000467,145,False,622.4186701804942,4,0.2
527264,2514,28.511974,225,True,952.4789444667194,5,0.4
527312,2515,0.818643,126,False,503.1457166213652,1,0.2
527568,2516,32.398715,225,True,1083.9485947198928,7,0.0
528144,2517,34.684275,225,True,1172.1710024689614,6,0.0
528164,2518,27.488041,225,True,884.3216396462842,6,0.0
528212,2519,33.566668,225,True,1131.4667362344794,7,0.0
528468,2520,35.590545,225,True,1237.221797059438,5,0.0
529044,2521,25.319728,225,True,915.189103726655,0,0.6000000000000001
529064,2522,33.976769,225,True,1207.0707706126377,4,0.0
529112,2523,27.009315,225,True,945.1726091018925,1,0.0
529368,2524,33.361127,225,True,1192.8450980565872,5,1.7999999999999998
529944,2525,38.235622,225,True,1298.2248865473675,7,0.0
529964,2526,33.05936,225,True,1158.374407828891,5,0.6000000000000001
530012,2527,31.04577,225,True,1026.6308025999624,6,0.0
530188,2528,-4.617191,56,False,307.3123636946905,3,2.1999999999999997
530268,2529,31.138979,225,True,1078.3591422594673,3,0.0
530620,2530,7.872306,152,False,764.492225178599,2,0.0
530844,2531,26.257102,225,True,920.6840620204221,1,0.2
531088,2532,36.377732,225,True,1289.5092721616766,3,0.0
531168,2533,22.910505,225,True,806.8201921742389,0,0.4
531520,2534,27.174685,225,True,906.9873970786632,5,0.8
531744,2535,26.98659,225,True,923.4636076384409,4,0.4
531988,2536,30.442359,225,True,1099.294364361172,7,4.400000000000001
532068,2537,25.810615,225,True,916.4245888623745,1,0.8
532420,2538,30.00541,225,True,1002.6163919419321,7,1.4
532644,2539,29.32733,225,True,1029.0932085214413,4,1.5999999999999999
532792,2540,0.758416,93,False,507.13662419334696,3,1.7999999999999998
532888,2541,20.734357,225,True,748.574284601649,0,1.5999999999999999
532968,2542,33.008611,225,True,1173.1444254225976,6,2.8000000000000003
533544,2543,28.47692,225,True,1011.0767833546606,3,1.5999999999999999
533692,2544,35.862891,225,True,1235.3156574910022,6,0.6000000000000001
533788,2545,33.388361,225,True,1127.5344500198785,8,1.5999999999999999
533868,2546,35.360578,225,True,1250.4231340489673,3,0.0
534444,2547,38.786494,225,True,1328.259750168675,7,0.2
534592,2548,36.593245,225,True,1210.1297813729361,9,0.0
534688,2549,32.783243,225,True,1104.1297355613438,8,1.5999999999999999
534768,2550,36.6233,225,True,1260.1319849622018,7,1.0
534972,2551,8.090182,132,False,769.2072652370227,3,0.0
534988,2552,-7.595451,55,False,177.78197718829574,0,0.0
535492,2553,30.547822,225,True,1046.7128685784226,4,0.0
535588,2554,35.050618,225,True,1201.2247205961153,6,0.0
535872,2555,32.529571,225,True,1141.9828220311979,4,1.0
535888,2556,34.150116,225,True,1109.2046368259853,9,0.0
536392,2557,38.771007,225,True,1328.4402839596105,7,0.0
536488,2558,24.107326,225,True,848.29305117838,1,0.8
536772,2559,23.507451,225,True,869.0980419587715,1,2.4
536788,2560,29.452683,225,True,988.5073340830568,5,0.4
537292,2561,36.855499,225,True,1218.2199487743237,9,0.0
537388,2562,29.963481,225,True,1034.5392359509951,4,0.2
537672,2563,30.120346,225,True,1069.613831548932,1,0.0
537688,2564,39.383219,225,True,1345.7287420638718,7,0.0
538192,2565,25.979176,225,True,900.7670379247772,4,1.7999999999999998
538288,2566,34.967177,225,True,1207.4870850535922,5,0.0
538572,2567,38.846464,225,True,1325.0585484495314,7,0.0
538588,2568,35.16578,225,True,1145.0311832110929,11,0.4
539092,2569,30.709149,225,True,1089.9659684140074,2,0.2
539188,2570,23.088682,225,True,847.547280462112,0,1.7999999999999998
539472,2571,32.669504,225,True,1117.9801553909647,5,0.4
539488,2572,38.00232,225,True,1290.4928019522226,7,0.0
539992,2573,26.139301,225,True,947.1720535658023,1,1.0
540088,2574,24.097674,225,True,880.7069459838988,4,4.200000000000001
540236,2575,6.724747,187,False,738.5898687227248,5,2.8000000000000003
540372,2576,30.416961,225,True,1083.878444745867,1,0.0
540460,2577,2.652566,117,False,570.9026529415296,3,0.8
540988,2578,21.454043,225,True,796.5617125669874,0,2.4
541136,2579,21.933958,225,True,758.1583222430957,0,0.0
541272,2580,37.113945,225,True,1238.9578054046501,8,0.0
541360,2581,26.259381,225,True,937.5752232842683,0,0.0
541600,2582,4.838064,153,False,770.3225698502802,5,7.200000000000004
542036,2583,33.466088,225,True,1158.6435088887883,5,0.0
542172,2584,38.410738,225,True,1292.4295007740961,8,0.0
542260,2585,20.979245,225,True,768.7697965644916,1,2.6
542448,2586,-2.499978,103,False,416.00088823515307,1,1.4
542500,2587,25.054167,225,True,879.7666849588752,2,1.2
543072,2588,39.808812,225,True,1345.9524949527786,8,0.0
543160,2589,39.993211,225,True,1336.5284429588105,9,0.0
543348,2590,36.535915,225,True,1235.0366067815226,7,0.0
543400,2591,33.094784,225,True,1143.7913645773433,7,1.7999999999999998
543452,2592,-8.448286,26,False,147.66854007445954,0,0.2
543972,2593,21.345021,225,True,792.2008315913022,1,3.0000000000000004
544060,2594,29.474532,225,True,1112.5812846791437,1,2.6
544300,2595,36.131618,225,True,1262.8647073034986,4,0.0
544352,2596,32.584661,225,True,1128.1864440227864,4,0.0
544872,2597,38.241654,225,True,1252.066142790367,10,0.0
544960,2598,24.61098,225,True,871.6391848076821,0,0.0
545200,2599,31.947088,225,True,1101.0835350730567,4,0.0
545252,2600,39.556205,225,True,1343.8482080118629,8,0.0
545772,2601,27.208736,225,True,901.949435077232,6,1.2
545860,2602,29.265294,225,True,1059.4117743836969,2,1.4
546100,2603,28.643658,225,True,969.7463009058222,4,0.0
546152,2604,26.754774,225,True,902.1909760102262,5,1.2
546672,2605,31.185621,225,True,1084.224849944319,5,1.2
546756,2606,9.2118,151,False,755.6720078961409,6,0.0
546760,2607,24.069366,225,True,861.1746384534003,2,1.9999999999999998
547000,2608,36.368742,225,True,1216.349671656002,9,1.0
547572,2609,24.959856,225,True,899.9942557021643,0,0.8
547656,2610,30.880725,225,True,1048.8290141826687,5,0.0
547660,2611,25.605985,225,True,856.2393984845671,4,0.6000000000000001
547900,2612,20.733438,225,True,719.7375071349434,0,0.4
548472,2613,28.586492,225,True,976.2596939549508,3,0.0
548556,2614,32.980016,225,True,1106.400628881791,6,0.0
548560,2615,26.825139,225,True,934.6055455531832,5,2.1999999999999997
548800,2616,34.869185,225,True,1237.9674151386926,3,0.0
549372,2617,23.420606,225,True,796.8242395756172,2,0.4
549456,2618,35.043525,225,True,1202.541011098093,7,1.0
549460,2619,30.41616,225,True,1049.4464094640684,3,0.0
549700,2620,21.305722,225,True,768.2288970590084,0,1.2
550272,2621,34.738135,225,True,1191.1253902667672,5,0.0
550356,2622,32.964358,225,True,1167.3743312002807,2,0.0
550360,2623,36.93758,225,True,1219.9032041532469,9,0.2
550600,2624,30.308411,225,True,1061.1364241233118,2,0.0
551004,2625,7.632269,183,False,776.4907769565675,4,2.1999999999999997
551256,2626,24.209828,225,True,817.1931019352637,2,0.0
551260,2627,35.252799,225,True,1194.9119664758337,6,0.0
551500,2628,36.534343,225,True,1262.1737018903723,5,0.0
551904,2629,25.816874,225,True,913.4749568085444,0,0.0
552156,2630,31.13152,225,True,998.0608010027536,9,0.6000000000000001
552160,2631,38.164473,225,True,1314.5789358117427,6,0.0
552388,2632,7.010992,222,False,762.039699818873,0,0.0
552548,2633,3.46549,97,False,577.8195827988648,3,0.0
552804,2634,33.968391,225,True,1101.1356520286026,9,0.2
553056,2635,28.708021,225,True,1004.3208391339203,2,0.2
553288,2636,38.539559,225,True,1311.9823558392886,7,0.0
553448,2637,38.525283,225,True,1325.8113110624845,6,0.0
553704,2638,22.372131,225,True,769.2852373798673,1,0.4
553940,2639,-3.221504,59,False,337.5398557417461,1,0.0
553956,2640,36.662023,225,True,1268.8809376508075,5,0.0
554188,2641,31.553208,225,True,1062.9283349300754,5,0.0
554348,2642,36.917957,225,True,1246.3182963199902,7,0.0
554840,2643,23.792077,225,True,784.4830964529783,3,0.0
554856,2644,36.502932,225,True,1230.5172987058713,7,0.0
555088,2645,30.469275,225,True,1057.9709851868774,3,0.0
555248,2646,27.777234,225,True,895.8893726682115,6,0.0
555740,2647,31.263417,225,True,1088.1366995242101,4,0.8
555756,2648,34.887579,225,True,1153.903144176913,8,0.2
555988,2649,30.183332,225,True,1040.13329484646,3,0.0
556148,2650,26.968855,225,True,943.554194001749,1,0.0
556640,2651,34.180764,225,True,1144.0305473136846,7,0.0
556656,2652,33.915346,225,True,1148.613847382886,6,0.0
556888,2653,30.816662,225,True,1056.666492008263,4,0.0
557048,2654,32.481555,225,True,1092.0622123884273,6,0.0
557540,2655,27.129303,225,True,914.7721168986934,4,0.0
557556,2656,29.479,225,True,978.3600097976046,6,0.6000000000000001
557788,2657,34.411193,225,True,1194.8477227743933,5,0.6000000000000001
557948,2658,39.11163,225,True,1238.865203385118,13,0.0
558440,2659,31.370929,225,True,1103.6371447169508,2,0.0
558456,2660,38.391018,225,True,1328.4407157922224,6,0.0
558688,2661,34.101352,225,True,1187.2540794466986,6,0.8
558848,2662,26.674106,225,True,914.1642517312762,4,0.8
559340,2663,33.489575,225,True,1125.982990789803,6,0.0
559356,2664,35.196101,225,True,1236.644051892139,4,0.0
559588,2665,31.692522,225,True,1102.1008665458262,3,0.0
559748,2666,26.091341,225,True,887.653622422737,3,0.2
560240,2667,29.504607,225,True,1036.1842839240612,4,1.5999999999999999
560256,2668,22.475647,225,True,784.6258974033428,0,0.2
560488,2669,23.340429,225,True,825.6171534604991,2,1.7999999999999998
560648,2670,38.202419,225,True,1333.6967697502323,7,0.8
561140,2671,21.554973,225,True,742.9989219289262,0,0.0
561156,2672,26.968918,225,True,933.1567058725298,2,0.2
561388,2673,25.604896,225,True,864.9958584839792,4,1.0
561548,2674,25.684977,225,True,877.7990725975951,2,0.0
561904,2675,1.795977,89,False,527.8390691764127,2,0.0
562040,2676,38.596941,225,True,1331.0776321273925,6,0.0
562056,2677,24.309454,225,True,877.1781454271222,0,1.0
562288,2678,23.518946,225,True,821.5578221278065,0,0.0
562804,2679,23.22234,225,True,798.4936169134587,1,0.2
562940,2680,35.988884,225,True,1203.555378939885,8,0.4
562956,2681,30.433928,225,True,1055.757135193287,7,2.6
563188,2682,34.062301,225,True,1139.2920574679424,7,0.0
563704,2683,31.275457,225,True,1046.2182734887158,6,0.4
563840,2684,31.890915,225,True,1100.4366106250977,8,2.1999999999999997
563856,2685,39.788929,225,True,1329.957173709512,9,0.0
564048,2686,21.407603,215,False,1284.3041163297994,5,0.6000000000000001
564572,2687,2.450697,179,False,626.8278685492648,0,1.9999999999999998
564604,2688,37.91255,225,True,1334.9019857752414,4,0.0
564740,2689,24.269497,225,True,881.9798918893796,2,2.6
564904,2690,13.105681,214,False,925.827221226973,5,0.0
565472,2691,35.42633,225,True,1204.2531998908153,6,0.0
565504,2692,26.55824,225,True,927.129594305818,1,0.0
565640,2693,23.674285,225,True,819.7714069652932,2,1.0
565804,2694,33.072072,225,True,1194.8828771036792,1,0.0
566372,2695,40.314406,225,True,1322.1762474763914,11,0.2
566404,2696,31.778915,225,True,1105.5565880686654,3,0.0
566540,2697,30.718584,225,True,1077.5433423810487,2,0.0
566704,2698,34.222466,225,True,1175.2986493493613,6,0.4
567272,2699,26.099471,225,True,893.5788578611941,2,0.0
567304,2700,35.348768,225,True,1199.5507180124719,6,0.0
567440,2701,29.503807,225,True,1044.9522777726909,1,0.0
567604,2702,33.349583,225,True,1152.3833219002195,4,0.0
568172,2703,34.898014,225,True,1229.5205725367655,3,0.0
568204,2704,38.80151,225,True,1342.4603968561014,6,0.0
568340,2705,37.010722,225,True,1250.8288954955033,7,0.0
568456,2706,-5.789265,63,False,266.8293924197858,1,1.4
568504,2707,34.184487,225,True,1206.5794777910705,3,0.0
569072,2708,28.212251,225,True,977.2900458852257,2,0.0
569240,2709,27.637889,225,True,970.3155587078431,1,0.0
569356,2710,26.152995,225,True,914.1197976459489,2,0.8
569404,2711,35.205462,225,True,1157.8184783255983,10,1.2
569972,2712,22.912663,225,True,800.5065166183515,1,0.8
570140,2713,33.825352,225,True,1155.4140600615578,6,0.6000000000000001
570256,2714,31.375738,225,True,1060.6295100609564,5,0.2
570304,2715,26.505574,225,True,897.8229623141324,3,0.2
570872,2716,25.525987,225,True,901.8394601864534,0,0.0
571040,2717,25.20808,225,True,889.1232134642967,0,0.0
571156,2718,26.81141,225,True,937.2564106463681,1,0.0
571204,2719,27.629733,225,True,900.3893359157817,6,0.4
571772,2720,38.954375,225,True,1278.9750025981575,10,0.0
571940,2721,35.585828,225,True,1161.8331124887886,9,0.0
572056,2722,34.934169,225,True,1212.5667413130764,5,0.0
572104,2723,36.142565,225,True,1257.7025894029712,5,0.4
572632,2724,7.235642,144,False,784.62569842413,4,3.2000000000000006
572672,2725,26.258577,225,True,905.5430788525653,3,0.8
572840,2726,31.519016,225,True,1109.5606494670128,2,0.0
573004,2727,38.019643,225,True,1311.9857241854002,6,0.2
573532,2728,28.375522,225,True,996.6208930802129,2,0.0
573572,2729,22.654117,225,True,796.5646837285863,0,0.4
573740,2730,36.5882,225,True,1281.1280135629127,4,0.0
573904,2731,36.423964,225,True,1193.7585737826148,9,0.0
574432,2732,26.435901,225,True,891.836036478458,3,0.0
574472,2733,26.428898,225,True,878.755904714508,4,0.2
574640,2734,31.208396,225,True,1065.1358474563358,8,2.6
574804,2735,31.315367,225,True,1083.8146683670943,5,1.2
575332,2736,29.832843,225,True,1027.7137148065137,3,0.0
575372,2737,36.381693,225,True,1268.8677289591542,7,1.7999999999999998
575540,2738,33.458704,225,True,1099.148172693364,9,0.8
575584,2739,-5.043802,53,False,263.8479023575064,1,0.0
575704,2740,33.242482,225,True,1124.8992991499463,6,0.4
576232,2741,23.647878,225,True,818.7151351369241,2,1.0
576440,2742,28.844313,225,True,1091.3725366252152,8,7.400000000000004
576484,2743,32.43456,225,True,1082.1823967528253,6,0.0
576604,2744,29.349395,225,True,1006.7758075060242,3,0.0
577132,2745,32.413789,225,True,1036.5515645077955,10,0.8
577340,2746,26.731008,225,True,950.0403016267842,0,0.0
577384,2747,30.936681,225,True,1111.8672545995528,1,0.4
577504,2748,34.443517,225,True,1164.1406995243492,6,0.0
578032,2749,32.464267,225,True,1051.370688842866,8,0.0
578240,2750,26.544433,225,True,948.9773096706897,0,0.0
578284,2751,24.717736,225,True,911.1094270308008,1,2.4
578404,2752,32.5486,225,True,1151.5439997011222,2,0.0
578932,2753,36.112025,225,True,1223.6810129711212,7,0.4
579140,2754,34.783729,225,True,1204.9491562966982,5,0.4
579184,2755,23.872888,225,True,835.7155007648082,1,0.4
579304,2756,34.595691,225,True,1192.6276252109574,10,2.8000000000000003
579832,2757,30.249745,225,True,996.3897903699378,6,0.0
580040,2758,36.727656,225,True,1247.5062571515996,7,0.0
580084,2759,15.713166,225,True,770.1266379803553,2,12.199999999999989
580204,2760,27.839973,225,True,916.7989099899573,8,1.9999999999999998
580732,2761,28.532444,225,True,974.097773108902,3,0.0
580940,2762,20.853212,225,True,724.5284983481654,0,0.4
580984,2763,24.812794,225,True,863.7117615803163,3,1.5999999999999999
581104,2764,25.639968,225,True,914.398738704449,0,0.0
581632,2765,37.843139,225,True,1252.1255459604617,9,0.0
581840,2766,37.231483,225,True,1261.2593081208279,7,0.0
581884,2767,26.413118,225,True,921.3247256573488,1,0.0
582004,2768,30.393253,225,True,1018.9301288253494,5,0.0
582532,2769,30.938151,225,True,1099.9260277706544,3,1.2
582740,2770,20.973181,225,True,719.7272280681725,0,0.0
582784,2771,24.724396,225,True,869.7758205014488,0,0.0
582904,2772,25.184339,225,True,872.1735429396024,1,0.0
583432,2773,36.532635,225,True,1193.3053953995409,10,0.4
583640,2774,25.080087,225,True,898.4034717103166,0,0.6000000000000001
583684,2775,26.553189,225,True,909.3275599123406,6,2.6
583804,2776,23.685429,225,True,828.2171425157078,0,0.0
584332,2777,26.882184,225,True,924.0873623022737,2,0.0
584540,2778,32.845017,225,True,1151.4006649932226,4,0.6000000000000001
584584,2779,26.957945,225,True,943.1178058723767,1,0.0
584704,2780,33.355573,225,True,1127.0229076878404,6,0.0
585232,2781,37.323211,225,True,1229.7284429588103,9,0.0
585440,2782,37.897226,225,True,1288.689039800206,7,0.0
585484,2783,31.594003,225,True,1096.5601090587602,3,0.0
585604,2784,22.744633,225,True,790.5853089332447,0,0.0
586132,2785,33.564399,225,True,1143.3759480254816,5,0.0
586340,2786,33.571325,225,True,1164.4529974667435,5,0.6000000000000001
586384,2787,25.164276,225,True,868.1710397949348,2,0.0
586504,2788,33.393585,225,True,1173.3433869195715,4,0.0
587032,2789,35.132127,225,True,1180.4850941426484,7,0.0
587240,2790,30.517992,225,True,1054.319664870557,3,0.0
587284,2791,22.73321,225,True,758.1283993221075,2,0.0
587404,2792,37.446847,225,True,1266.673862749642,9,0.6000000000000001
587932,2793,30.320878,225,True,1084.0351180603793,4,2.1999999999999997
588060,2794,16.572891,205,False,1074.115625916878,6,1.0
588184,2795,34.984831,225,True,1137.7932283443952,9,0.0
588304,2796,26.856676,225,True,955.0670357065881,0,0.0
588832,2797,24.740739,225,True,854.42957239976,1,0.0
588960,2798,37.881937,225,True,1285.6774910757977,7,0.0
589084,2799,32.447264,225,True,1099.490556652372,5,0.0
589204,2800,35.255354,225,True,1244.614169437185,3,0.0
589732,2801,36.286414,225,True,1201.0565784733963,9,0.4
589860,2802,36.815926,225,True,1250.237040010641,8,0.2
589984,2803,33.357474,225,True,1179.8989681738976,3,0.0
590104,2804,29.558294,225,True,991.9317468665467,5,0.0
590632,2805,21.553488,225,True,770.1395315630168,1,1.7999999999999998
590760,2806,34.882144,225,True,1158.485774605851,8,0.4
590884,2807,25.310208,225,True,893.2083125453885,0,0.0
591004,2808,31.581438,225,True,1032.0575150670497,7,0.0
591532,2809,23.201489,225,True,807.2595571609347,1,0.6000000000000001
591660,2810,32.204334,225,True,1113.7733609288125,4,0.0
591784,2811,30.626338,225,True,1073.8535342707946,2,0.0
591904,2812,34.875083,225,True,1197.403319405002,5,0.0
592432,2813,36.672675,225,True,1253.3069845886876,6,0.0
592560,2814,27.461202,225,True,915.2480709510282,4,0.0
592684,2815,29.105905,225,True,964.2362059247891,7,0.8
592804,2816,30.322187,225,True,1036.8874885595785,4,0.0
593332,2817,33.90064,225,True,1142.4255921196577,7,0.0
593460,2818,21.42495,225,True,737.7979925882819,0,0.0
593584,2819,34.130501,225,True,1127.6200280597627,10,1.2
593704,2820,30.637482,225,True,1058.2992776291567,3,0.0
593984,2821,-3.686487,70,False,375.74050336984055,1,2.4
594232,2822,28.416138,225,True,995.0455115736966,5,1.4
594360,2823,38.674384,225,True,1331.7753744719603,6,0.0
594484,2824,25.904761,225,True,884.9904456211259,2,0.0
594884,2825,34.225011,225,True,1192.200459889425,4,0.0
595132,2826,25.620171,225,True,912.0068390798099,0,0.0
595260,2827,37.61075,225,True,1274.8300165608534,7,0.0
595384,2828,29.855406,225,True,1043.0162202766662,2,0.0
595784,2829,36.845917,225,True,1233.8366817777278,8,0.0
596032,2830,27.26167,225,True,926.4668142950379,5,1.4
596160,2831,38.6462,225,True,1301.0480012677695,8,0.0
596284,2832,30.156725,225,True,1055.0689851856114,2,0.0
596684,2833,38.650567,225,True,1284.4226729126167,9,0.0
596932,2834,23.204279,225,True,863.3711637493618,3,4.200000000000001
597060,2835,24.443147,225,True,855.3258738255017,1,0.0
597184,2836,34.833131,225,True,1213.3252537942376,5,0.0
597584,2837,24.785892,225,True,872.23568780704,0,0.0
597832,2838,34.571408,225,True,1142.8563001283128,8,0.0
597960,2839,28.467358,225,True,989.0943197458059,2,0.0
598084,2840,22.805532,225,True,793.0212691575157,0,0.0
598484,2841,34.418609,225,True,1136.7443718453765,8,0.0
598640,2842,7.129129,170,False,751.5651777564972,1,0.0
598732,2843,32.655228,225,True,1107.8091181637305,5,0.0
598984,2844,26.961483,225,True,927.2593053544947,2,0.0
599384,2845,30.116801,225,True,1051.0720577450306,9,4.000000000000001
599520,2846,9.650507,197,False,794.0202882689889,5,0.0
599540,2847,26.614268,225,True,945.3707387470581,0,0.0
599884,2848,26.130183,225,True,889.2073270254832,3,0.2
600284,2849,26.074041,225,True,926.961622817897,1,0.2
600420,2850,36.831052,225,True,1226.8420721357334,8,0.0
600440,2851,24.615885,225,True,865.4354140684147,4,2.6
600784,2852,16.323815,225,True,698.5526146380735,0,6.600000000000003
600908,2853,-0.554461,122,False,475.42157469356334,0,0.4
601184,2854,32.258483,225,True,1092.7393041708033,5,0.0
601340,2855,29.506444,225,True,1030.657776321108,3,0.4
601684,2856,29.558912,225,True,967.1564791561852,6,0.0
601808,2857,34.223439,225,True,1123.3375511943505,9,0.4
602084,2858,30.438694,225,True,992.747746235533,7,0.2
602240,2859,37.288273,225,True,1255.5309271964188,9,0.6000000000000001
602584,2860,32.376174,225,True,1166.2469464956212,3,0.6000000000000001
602708,2861,32.34059,225,True,1069.6235943184192,7,0.2
602984,2862,30.774061,225,True,1050.1624310735624,4,0.0
603140,2863,37.737537,225,True,1266.3014644211125,10,1.2
603484,2864,22.385161,225,True,776.2064521218729,0,0.0
603608,2865,38.361989,225,True,1304.8795601501079,7,0.0
603884,2866,33.439152,225,True,1077.5660781965867,9,0.0
604040,2867,25.409691,225,True,903.5876318760234,0,0.0
604384,2868,33.612376,225,True,1130.8950519532605,6,0.0
604508,2869,31.480172,225,True,1061.6068908342804,8,1.2
604784,2870,26.174604,225,True,927.7841748684564,0,0.0
604940,2871,33.96266,225,True,1178.5063910088143,4,0.0
605284,2872,35.148409,225,True,1127.536362713778,10,0.0
605408,2873,37.795409,225,True,1308.6163554285904,6,0.0
605684,2874,24.814453,225,True,857.3781385699194,1,0.0
605840,2875,32.973067,225,True,1143.7226931517316,4,0.0
606184,2876,24.29991,225,True,852.7964177643182,0,0.0
606308,2877,40.068734,225,True,1324.3493755129016,10,0.0
606584,2878,23.601649,225,True,815.2659757883991,1,0.0
606740,2879,26.246607,225,True,898.6642649048808,2,0.0
606992,2880,12.932469,171,False,873.2987459289145,8,0.0
607084,2881,23.666764,225,True,811.4705428930815,1,0.0
607484,2882,30.556983,225,True,1026.2793025234403,5,0.0
607628,2883,0.901439,136,False,608.0575499200081,0,3.0000000000000004
607640,2884,22.784977,225,True,780.9990880282357,1,0.2
607892,2885,38.243992,225,True,1292.1596668308257,8,0.4
608384,2886,35.364249,225,True,1167.3699430174483,8,0.0
608528,2887,35.786461,225,True,1250.6584592284376,4,0.0
608540,2888,25.539175,225,True,886.367010454436,1,0.0
608792,2889,31.358137,225,True,1029.525480660145,7,0.2
609284,2890,26.141347,225,True,944.8538833163313,3,1.7999999999999998
609428,2891,38.927379,225,True,1345.095148955878,6,0.0
609440,2892,26.465144,225,True,939.4057603070657,0,0.0
609692,2893,39.5246,225,True,1301.7840097287785,10,0.0
610184,2894,12.083996,186,False,916.9598569892555,3,0.0
610184,2895,23.158045,225,True,819.9217867581012,0,0.0
610328,2896,21.887357,225,True,757.8942810309056,2,1.4
610592,2897,30.941245,225,True,993.6497927463049,8,0.0
611084,2898,22.021611,225,True,761.6644392832138,0,0.0
611084,2899,27.398124,225,True,976.7249759735507,0,0.0
611228,2900,30.094966,225,True,1070.1986455477713,1,0.0
611492,2901,37.587958,225,True,1246.7183357655572,9,0.2
611984,2902,25.657339,225,True,891.0935791748445,2,0.4
611984,2903,35.352276,225,True,1229.291024895122,7,1.4
612128,2904,36.518202,225,True,1246.3280933754186,6,0.0
612392,2905,36.803329,225,True,1260.1331536067182,6,0.0
612884,2906,31.217585,225,True,1041.503419850647,7,0.4
612884,2907,29.665443,225,True,1037.0177219940592,2,0.0
613028,2908,26.328644,225,True,917.9457732297885,2,0.4
613292,2909,37.612507,225,True,1322.900288209058,4,0.0
613784,2910,37.708448,225,True,1261.937922831104,8,0.0
613784,2911,34.082888,225,True,1165.715534936624,5,0.0
613928,2912,34.134072,225,True,1179.7628882161348,5,0.0
614192,2913,23.732994,225,True,830.1197516186091,0,0.0
614684,2914,33.267123,225,True,1115.484920771592,9,1.4
614684,2915,23.676483,225,True,811.8593249787623,1,0.0
614828,2916,33.03235,225,True,1133.2939802069604,5,0.4
615092,2917,37.001727,225,True,1265.6690779089226,6,0.0
615584,2918,28.847785,225,True,965.9114001728813,5,0.4
615584,2919,27.919591,225,True,955.9836323332356,3,0.0
615728,2920,23.581975,225,True,808.0790011332126,1,0.0
615992,2921,28.323404,225,True,981.7361731725532,2,0.0
616484,2922,32.525681,225,True,1133.8272565751308,3,0.0
616484,2923,38.104271,225,True,1280.1708263722512,9,0.8
616628,2924,33.585944,225,True,1103.4377478704446,8,0.0
616892,2925,33.310014,225,True,1165.200557963376,3,0.0
617384,2926,38.627028,225,True,1337.081120409246,6,0.0
617384,2927,29.514677,225,True,971.7870627810939,6,0.2
617528,2928,27.642271,225,True,959.2908515405422,2,0.2
617744,2929,-2.354635,90,False,417.81458534278386,2,2.6
617792,2930,31.502641,225,True,1061.705624264332,5,0.0
617876,2931,1.146028,123,False,527.4411292965206,0,0.0
618428,2932,26.129588,225,True,943.5835167604289,1,1.4
618644,2933,23.745313,225,True,830.6125218779655,0,0.0
618692,2934,24.996198,225,True,880.6479313188393,0,0.0
618776,2935,37.021172,225,True,1254.4468617016569,8,0.8
619328,2936,35.594005,225,True,1252.5602002740247,4,0.4
619544,2937,28.22547,225,True,929.8188029087655,5,0.0
619592,2938,37.282561,225,True,1247.3024281735607,8,0.0
619676,2939,34.359531,225,True,1135.1812435094394,8,0.2
620228,2940,28.00815,225,True,947.5259885850166,4,0.4
620444,2941,29.788628,225,True,992.3451039460047,5,0.0
620492,2942,26.201491,225,True,912.859656466602,1,0.0
620576,2943,33.284838,225,True,1194.593527270225,4,0.6000000000000001
621128,2944,28.791921,225,True,969.2768360674906,4,0.0
621344,2945,25.871538,225,True,915.6615375594754,0,0.0
621392,2946,39.548569,225,True,1272.3427704753326,12,0.0
621456,2947,-1.044109,82,False,410.23562410351906,4,1.2
621476,2948,29.847466,225,True,1043.4986387033239,2,0.0
622244,2949,24.050418,225,True,900.4167254915913,4,5.000000000000002
622292,2950,32.46057,225,True,1115.2228124207368,4,0.0
622356,2951,28.860274,225,True,987.2109548260544,3,0.0
622376,2952,25.642405,225,True,864.0962152343932,3,0.2
622980,2953,7.187057,184,False,783.4822776330386,3,2.6
623192,2954,32.384439,225,True,1128.177571221017,3,0.0
623256,2955,32.605101,225,True,1121.0040382246543,4,0.0
623276,2956,30.652687,225,True,1051.7074740240387,5,1.0
623880,2957,37.721313,225,True,1246.4525051111336,9,0.0
624092,2958,20.520496,225,True,701.6198491617715,0,0.0
624156,2959,34.983039,225,True,1201.7215599060614,5,0.0
624176,2960,22.374388,225,True,777.3755168941625,2,1.4
624780,2961,29.758931,225,True,1023.157241698844,3,0.0
624992,2962,36.198679,225,True,1239.1471577574748,6,0.0
625056,2963,34.762741,225,True,1160.9096454637229,7,0.0
625076,2964,32.838478,225,True,1131.939111506896,4,0.0
625680,2965,37.02304,225,True,1283.3216189038185,5,0.0
625892,2966,23.394848,225,True,804.5939041806018,3,1.0
625956,2967,22.449225,225,True,786.7689850172301,1,1.0
625976,2968,24.420398,225,True,857.6159150012745,0,0.0
626580,2969,21.749768,225,True,750.7907038233097,0,0.0
626712,2970,12.794107,184,False,865.3642752765613,8,0.0
626792,2971,36.956786,225,True,1155.8714597548396,14,0.8
626856,2972,25.42898,225,True,881.9591858823537,2,0.4
627480,2973,38.552868,225,True,1344.5147067212106,5,0.0
627612,2974,25.116441,225,True,850.2576533244458,4,1.2
627692,2975,27.740566,225,True,974.4226259175737,1,0.0
627756,2976,35.701968,225,True,1230.4787009660222,5,0.0
628068,2977,0.842949,94,False,478.51795434334736,5,1.7999999999999998
628380,2978,25.955998,225,True,931.839920615258,0,0.0
628512,2979,33.543753,225,True,1161.7501047763749,5,0.0
628656,2980,37.750515,225,True,1306.0205964809788,6,0.4
628968,2981,30.959248,225,True,1055.1699302356074,4,0.0
629280,2982,24.158064,225,True,859.922559685863,0,0.0
629412,2983,27.129899,225,True,966.7959589673605,0,0.0
629484,2984,5.730949,129,False,703.6379619217118,4,1.5999999999999999
629556,2985,23.258761,225,True,870.3504578315781,0,1.2
629876,2986,6.455925,116,False,684.6369873156077,4,0.0
630180,2987,24.495207,225,True,861.4082814696826,1,0.2
630384,2988,29.172634,225,True,1035.7053689632728,5,1.9999999999999998
630456,2989,24.489049,225,True,828.3619720178517,3,0.6000000000000001
630776,2990,39.663173,225,True,1340.9269352793276,8,0.0
631080,2991,27.768458,225,True,988.3383328195753,2,0.6000000000000001
631284,2992,27.325268,225,True,941.8107326631086,2,0.0
631356,2993,26.065555,225,True,951.4222068722165,0,0.4
631676,2994,34.223054,225,True,1221.7221701976341,3,0.0
631876,2995,7.787249,199,False,804.2899569319547,0,0.2
632184,2996,31.309304,225,True,1088.3721430161972,4,0.0
632256,2997,25.026555,225,True,881.8622024685847,0,0.0
632576,2998,37.029007,225,True,1241.1602628623468,8,0.0
632776,2999,26.98826,225,True,933.130386281139,2,0.2
632920,3000,-6.391171,36,False,209.95315717707922,1,0.0
633084,3001,23.199294,225,True,792.7717524055552,1,0.0
633156,3002,29.588769,225,True,1000.3507704701308,5,0.6000000000000001
633476,3003,21.412573,225,True,742.1029318118626,0,0.2
633820,3004,29.021199,225,True,994.4479684780401,3,0.0
633984,3005,33.699333,225,True,1183.9733341722786,4,0.0
634056,3006,21.56722,225,True,761.0888005230063,1,1.4
634376,3007,28.536745,225,True,988.6698090068078,4,1.2
634720,3008,22.846664,225,True,794.666569656584,1,0.4
634884,3009,34.13562,225,True,1141.424819351535,9,1.0
634956,3010,30.846325,225,True,1068.253007221243,3,0.0
635276,3011,33.431151,225,True,1118.8460371589836,7,0.0
635620,3012,23.44505,225,True,809.0020061943871,1,0.0
635784,3013,21.943805,225,True,766.5521921617919,1,1.0
635856,3014,29.686406,225,True,1031.4562561226478,3,0.4
636176,3015,28.168338,225,True,976.3335226177835,2,0.0
636520,3016,34.664962,225,True,1204.9984752309456,4,0.0
636684,3017,23.165216,225,True,817.0086442918364,0,0.4
636756,3018,35.251344,225,True,1212.4537446522354,5,0.0
637076,3019,20.779295,225,True,716.7717834813029,0,0.2
637420,3020,35.546464,225,True,1172.2585600547945,9,0.0
637584,3021,34.088721,225,True,1101.1488507571107,9,0.0
637656,3022,31.451567,225,True,1097.26267747759,3,0.0
637976,3023,23.017983,225,True,811.119317377154,1,0.6000000000000001
638320,3024,28.538608,225,True,989.5443355633381,5,1.4
638484,3025,25.263901,225,True,891.356026751879,0,0.0
638556,3026,27.011015,225,True,934.8406104043313,3,0.6000000000000001
638876,3027,29.8279,225,True,1017.1159823681553,6,1.5999999999999999
639100,3028,15.171297,195,False,1057.2518952550913,2,0.0
639384,3029,32.374269,225,True,1102.1707552120292,5,0.2
639456,3030,40.773882,225,True,1286.1552949362845,15,0.6000000000000001
639568,3031,-5.707273,46,False,241.309099330937,1,0.2
639776,3032,29.246979,225,True,993.8791400378898,4,0.0
640000,3033,35.523352,225,True,1189.7340994218862,9,0.8
640356,3034,24.597073,225,True,871.082919522511,0,0.0
640468,3035,29.227673,225,True,954.7069319117259,6,0.0
640676,3036,37.772506,225,True,1299.7002241377313,8,1.2
640900,3037,31.771439,225,True,1073.2575577649532,5,0.0
641256,3038,30.296091,225,True,1067.0436239693395,2,0.0
641368,3039,27.228512,225,True,966.7404780399227,1,0.0
641576,3040,34.790731,225,True,1200.4292223851494,5,0.0
641800,3041,27.776457,225,True,983.8582999113605,1,0.0
642156,3042,22.182309,225,True,768.0923546703254,0,0.0
642268,3043,37.395214,225,True,1271.0085708486072,8,0.6000000000000001
642476,3044,32.18208,225,True,1121.6832193059413,4,0.2
642700,3045,26.389623,225,True,912.3849270109415,2,0.0
642984,3046,7.981739,207,False,864.8695500994654,5,6.000000000000003
643168,3047,19.836419,225,True,690.2567650624671,0,0.2
643376,3048,27.784636,225,True,1019.385428308213,1,0.8
643528,3049,16.265941,207,False,1064.237626250333,7,0.8
643884,3050,26.072157,225,True,918.8862881750163,2,0.6000000000000001
644068,3051,37.725514,225,True,1301.8205425312212,6,0.0
644276,3052,36.9616,225,True,1293.6639821424455,5,0.0
644428,3053,30.619608,225,True,1135.984302712728,4,1.0
644784,3054,33.572748,225,True,1188.509916104917,3,0.0
644928,3055,-8.20928,36,False,196.42879286729203,2,3.2000000000000006
644968,3056,26.818624,225,True,871.9449427228774,7,1.0
645176,3057,22.563802,225,True,783.3520890362599,0,0.0
645328,3058,35.924744,225,True,1238.5897461992936,7,0.0
645828,3059,26.347413,225,True,918.6965113855408,1,0.0
645868,3060,27.59125,225,True,994.0500062798251,1,0.0
646076,3061,33.661794,225,True,1179.271769775201,3,0.0
646228,3062,35.010512,225,True,1246.820474235537,7,1.2
646728,3063,34.614003,225,True,1137.3601084422949,8,0.0
646768,3064,37.634729,225,True,1266.18916591805,9,0.0
646976,3065,26.156667,225,True,936.6666768446898,5,3.0000000000000004
647128,3066,33.37661,225,True,1159.8643945051294,4,0.0
647628,3067,27.537669,225,True,967.906753877128,2,0.0
647668,3068,25.778945,225,True,910.3578136898263,4,2.6
647876,3069,29.219438,225,True,985.5775168452042,4,0.0
648028,3070,35.550621,225,True,1215.6248412644918,9,0.6000000000000001
648528,3071,30.571686,225,True,1098.867459269346,2,0.8
648568,3072,37.622628,225,True,1299.3051388995677,6,0.0
648776,3073,27.827464,225,True,928.2985648614954,6,1.0
648928,3074,21.822215,225,True,768.0886118511823,0,0.6000000000000001
649428,3075,36.906762,225,True,1294.6704905011125,4,0.0
649468,3076,21.144461,225,True,770.5784521541475,1,2.1999999999999997
649676,3077,34.640755,225,True,1190.430199917325,6,0.0
649828,3078,30.344708,225,True,1041.7883055429268,5,0.6000000000000001
650160,3079,7.95359,183,False,846.1435840529157,4,3.800000000000001
650320,3080,-6.371418,40,False,235.54328756115183,0,0.4
650368,3081,29.569263,225,True,1048.3705161681664,1,0.0
650576,3082,29.641852,225,True,1066.4740984729274,0,0.0
650728,3083,36.106045,225,True,1208.24181871484,15,5.000000000000002
651032,3084,2.58346,114,False,592.1384052031863,0,0.0
651220,3085,25.726148,225,True,871.4459030678622,4,0.8
651268,3086,37.368796,225,True,1288.3518552993296,7,1.0
651628,3087,33.562491,225,True,1160.8996363486071,4,0.0
651932,3088,22.62079,225,True,774.4316135622655,1,0.2
652120,3089,38.092424,225,True,1320.496961231387,6,0.0
652168,3090,31.440899,225,True,1123.2359725284514,1,0.0
652528,3091,34.653351,225,True,1170.9340573622903,6,0.0
652832,3092,29.062205,225,True,997.6881906492504,4,0.0
653020,3093,31.702694,225,True,1067.3077773875134,7,1.0
653068,3094,30.029668,225,True,1059.5867286509156,7,3.400000000000001
653428,3095,34.818326,225,True,1205.533033190282,5,0.2
653732,3096,25.588378,225,True,888.3351162397785,1,0.0
653920,3097,33.542016,225,True,1134.480644169248,8,1.5999999999999999
653968,3098,36.81,225,True,1208.4000000000005,9,0.0
654328,3099,40.958431,225,True,1333.5372379975174,13,0.6000000000000001
654632,3100,35.882639,225,True,1266.5055778867013,5,1.2
654820,3101,30.899451,225,True,1074.3780464093124,7,2.6
654868,3102,34.632831,225,True,1170.1132598749318,8,1.0
654904,3103,-1.653128,68,False,386.67488726246984,4,1.2
655228,3104,36.904965,225,True,1179.3986136102985,12,0.0
655720,3105,34.048511,225,True,1170.7404443735604,5,0.0
655768,3106,36.510472,225,True,1251.6188851609459,7,0.8
655796,3107,15.164645,223,False,1035.3858075414105,5,0.8
656128,3108,32.494958,225,True,1084.59833225263,8,1.0
656620,3109,37.902951,225,True,1259.31803608692,9,0.2
656668,3110,36.77295,225,True,1246.1179941035648,7,0.2
656696,3111,23.247397,225,True,804.2958753678527,2,0.6000000000000001
657028,3112,34.993853,225,True,1197.3541394310032,7,0.4
657520,3113,35.275808,225,True,1165.4323090255334,9,0.2
657568,3114,32.468487,225,True,1117.1394679799537,4,0.0
657596,3115,41.092031,225,True,1345.2812297276446,12,0.4
657832,3116,-2.839473,66,False,348.0210920115735,3,1.2
657928,3117,37.351426,225,True,1264.4570203898675,7,0.0
658420,3118,36.487617,225,True,1245.1046904351983,6,0.0
658496,3119,27.290288,225,True,940.411524192491,3,0.6000000000000001
658732,3120,35.661159,225,True,1194.4463717354151,7,0.0
658828,3121,34.952337,225,True,1152.4934679789144,8,0.0
659320,3122,35.030215,225,True,1171.6085927136655,7,0.0
659396,3123,34.588367,225,True,1185.1346827484335,5,0.0
659572,3124,8.725467,186,False,803.4186690346237,5,2.1999999999999997
659632,3125,32.516731,225,True,1119.869248195555,6,0.2
660220,3126,38.227083,225,True,1284.2833175503797,8,0.0
660296,3127,27.084964,225,True,907.3985576409407,4,0.0
660472,3128,29.985281,225,True,989.0112514924892,6,0.2
660532,3129,28.045744,225,True,951.4297798964249,5,1.2
661120,3130,21.786258,225,True,806.6503092667556,3,4.200000000000001
661196,3131,35.345091,225,True,1213.8036214683048,6,0.0
661372,3132,39.66693,225,True,1289.0772053516057,14,1.7999999999999998
661432,3133,34.449597,225,True,1177.183883524122,9,1.7999999999999998
662020,3134,21.384659,225,True,736.1863457506006,0,0.0
662096,3135,35.609779,225,True,1241.1911638650195,4,0.0
662272,3136,39.489466,225,True,1341.9786287395777,9,0.8
662332,3137,30.824482,225,True,1073.779266994066,10,4.400000000000001
662920,3138,21.596124,225,True,771.0449411117118,0,0.8
662996,3139,27.101147,225,True,964.8458868762752,0,0.0
663172,3140,31.91523,225,True,1106.2091971253344,4,0.2
663232,3141,29.726069,225,True,1036.2427586238405,8,3.800000000000001
663820,3142,22.146934,225,True,766.6773650644736,0,0.0
663896,3143,32.479381,225,True,1131.9752429201162,6,1.2
664072,3144,34.189398,225,True,1179.5759349585092,5,0.0
664132,3145,20.313132,225,True,731.7252731773981,0,1.5999999999999999
664720,3146,26.945801,225,True,969.0320242436633,0,0.4
664796,3147,35.377285,225,True,1231.8913810957874,4,0.0
664972,3148,22.124368,225,True,749.7747158478887,1,0.0
665032,3149,26.123159,225,True,925.726364736234,0,0.0
665620,3150,32.547834,225,True,1104.3133530600903,7,1.0
665696,3151,20.939799,225,True,822.3919416586691,0,3.400000000000001
665872,3152,27.772755,225,True,953.3102151305827,8,3.600000000000001
665932,3153,23.523174,225,True,821.7269679051942,0,0.0
666520,3154,33.237375,225,True,1155.89499006817,5,1.0
666596,3155,33.698457,225,True,1155.9382936753655,5,0.2
666772,3156,30.652136,225,True,1058.8854444970857,3,0.0
666832,3157,32.067712,225,True,1138.708491234811,6,2.4
667000,3158,-6.13919,42,False,244.83238673744745,3,2.4
667420,3159,33.191768,225,True,1098.8707174795018,8,0.0
667496,3160,39.103131,225,True,1296.125229680384,11,0.8
667672,3161,35.312248,225,True,1242.0899074613976,4,0.2
667900,3162,22.918084,225,True,832.7233527012891,2,2.8000000000000003
668224,3163,-2.715899,81,False,410.564044198145,4,4.200000000000001
668320,3164,26.128351,225,True,861.9340472982965,4,0.0
668396,3165,38.957545,225,True,1345.5017904140732,6,0.0
668572,3166,23.564525,225,True,843.3810133627996,0,0.8
669124,3167,21.22631,225,True,849.852418648848,5,7.800000000000004
669220,3168,38.159324,225,True,1275.9729416309488,9,0.0
669296,3169,27.436165,225,True,911.0466063904798,6,1.2
669472,3170,35.865602,225,True,1221.0240876920448,6,0.0
670024,3171,26.540902,225,True,910.4360777022039,2,0.0
670120,3172,37.647063,225,True,1277.0825316844202,7,0.0
670196,3173,34.477117,225,True,1115.8846664008188,9,0.0
670372,3174,38.71529,225,True,1280.611590171187,11,0.8
670924,3175,35.140272,225,True,1211.2108835898994,6,0.4
671020,3176,30.535192,225,True,1031.8076952620363,6,0.8
671096,3177,25.158182,225,True,887.1272828611418,0,0.0
671272,3178,28.446207,225,True,993.0482625622251,2,0.0
671824,3179,38.230129,225,True,1299.6051636677853,8,0.6000000000000001
671920,3180,28.017676,225,True,985.5070416013075,1,0.0
671996,3181,29.718439,225,True,1037.5375672864857,2,0.0
672172,3182,28.952279,225,True,1006.8911407770684,2,0.0
672724,3183,22.414712,225,True,782.1884708773648,0,0.2
672820,3184,23.542917,225,True,833.7166936813194,0,0.0
672896,3185,27.158355,225,True,935.1341851503107,2,0.0
673072,3186,38.419342,225,True,1279.9736833095376,9,0.0
673624,3187,36.919675,225,True,1286.3870124233354,6,0.2
673720,3188,37.555119,225,True,1208.604768726726,11,0.0
673796,3189,35.132393,225,True,1174.095709265358,11,2.6
673972,3190,33.134786,225,True,1160.5914378377784,3,0.0
674524,3191,33.688267,225,True,1161.1306657281293,13,4.800000000000002
674620,3192,35.654796,225,True,1169.3918430958538,9,0.2
674684,3193,-7.550972,40,False,219.56112940603725,2,3.0000000000000004
674696,3194,26.108819,225,True,925.1527521979363,0,0.0
674872,3195,22.152505,225,True,789.3001801016026,1,1.5999999999999999
675520,3196,27.600367,225,True,920.8146867528426,4,0.0
675584,3197,27.986455,225,True,941.0582125664926,5,0.6000000000000001
675596,3198,21.631805,225,True,770.0721893221632,0,1.0
675772,3199,33.041402,225,True,1157.6560974604245,3,0.0
676420,3200,27.988992,225,True,966.7596706390605,8,2.6
676484,3201,32.147608,225,True,1108.3043107673043,7,2.1999999999999997
676496,3202,28.060499,225,True,1003.2199414566801,0,0.0
676672,3203,25.813952,225,True,865.3580985760568,3,0.0
676984,3204,-2.717707,78,False,368.09171979337634,1,0.0
677320,3205,20.954033,225,True,722.1613218103428,1,0.8
677384,3206,17.611026,225,True,724.4410268337301,0,5.8000000000000025
677396,3207,30.445624,225,True,1023.4249512315405,7,1.0
677612,3208,-5.698775,54,False,252.84899729273548,0,0.0
677884,3209,31.405022,225,True,1066.6008910077376,10,3.600000000000001
678220,3210,33.534384,225,True,1194.9753479798142,3,0.0
678284,3211,22.343127,225,True,780.9250957021811,0,0.0
678512,3212,38.897434,225,True,1343.0973567327255,6,0.0
678784,3213,27.209246,225,True,959.5698587567197,2,0.4
679120,3214,29.610658,225,True,982.0263270116589,6,0.0
679184,3215,31.960053,225,True,1084.0021326449264,8,1.2
679412,3216,32.09838,225,True,1085.535202647212,5,0.0
679684,3217,35.128357,225,True,1206.7342619924661,5,0.0
679736,3218,8.510016,154,False,781.2006557382751,3,0.2
680084,3219,24.091861,225,True,849.2744541172149,0,0.2
680312,3220,24.307759,225,True,883.5103656519377,0,0.0
680584,3221,28.395833,225,True,927.0333237193618,6,0.0
680636,3222,33.694951,225,True,1155.798043353287,8,1.9999999999999998
680984,3223,30.361065,225,True,1089.6426153118769,5,1.7999999999999998
681172,3224,1.276758,134,False,535.8703360518975,2,1.2
681212,3225,35.336585,225,True,1188.6633964341545,7,0.2
681484,3226,39.222307,225,True,1329.6922881071373,8,0.0
681884,3227,34.612934,225,True,1202.9173676914115,4,0.0
682072,3228,27.780528,225,True,1016.0211195672375,0,0.0
682112,3229,24.569497,225,True,898.7798687648451,4,3.400000000000001
682384,3230,28.494401,225,True,1017.3760501227184,1,0.0
682784,3231,35.030981,225,True,1210.0392568668499,5,0.0
682972,3232,35.672994,225,True,1181.3197724456545,8,0.0
683012,3233,20.726797,225,True,725.8718610593921,0,0.2
683284,3234,35.776599,225,True,1191.0639609663076,8,0.0
683684,3235,36.935306,225,True,1260.6122580053302,8,0.4
683872,3236,35.398711,225,True,1217.548429416659,5,0.0
683912,3237,24.417596,225,True,930.3038295622562,1,2.1999999999999997
684184,3238,34.810234,225,True,1185.209353377932,6,0.0
684584,3239,37.817462,225,True,1338.2984951712747,5,0.0
684740,3240,8.388166,207,False,842.7266436398172,4,3.600000000000001
684772,3241,29.919771,225,True,1048.7908260818044,7,2.4
685084,3242,38.436866,225,True,1306.274657853929,11,0.0
685484,3243,30.503054,225,True,1068.922156493154,3,0.0
685640,3244,33.791272,225,True,1138.0508953908193,6,0.0
685672,3245,35.722593,225,True,1168.9037392427504,11,0.4
685984,3246,34.738318,225,True,1191.1327065867395,5,0.0
686384,3247,29.536643,225,True,1030.2657001025088,2,0.0
686540,3248,37.491357,225,True,1278.0542729267413,9,1.5999999999999999
686572,3249,36.413722,225,True,1248.5488951815178,6,0.0
686804,3250,-2.242685,66,False,380.6926104494428,4,1.9999999999999998
686884,3251,36.998632,225,True,1265.5452732423082,6,0.0
687284,3252,32.443284,225,True,1018.531353209396,10,0.0
687472,3253,29.219509,225,True,998.3803636725079,4,0.0
687704,3254,35.92097,225,True,1224.838804164618,6,0.0
687784,3255,35.351986,225,True,1166.8794551792976,8,0.0
688184,3256,38.580371,225,True,1345.6148395649593,6,0.0
688372,3257,36.725085,225,True,1340.2034118553029,5,0.0
688604,3258,30.708695,225,True,1038.74780237157,6,0.8
688684,3259,36.878644,225,True,1260.745769589615,6,0.0
688836,3260,-7.672534,38,False,210.69865431600329,1,2.1999999999999997
689084,3261,37.788212,225,True,1281.128462030627,7,0.0
689272,3262,33.438426,225,True,1159.9370441010728,4,0.2
689504,3263,22.903135,225,True,784.1254142380699,2,0.8
689736,3264,38.053043,225,True,1308.5217014130462,6,0.0
689984,3265,27.65191,225,True,945.2763876415895,3,0.0
690172,3266,35.558047,225,True,1191.1218858199413,7,0.0
690404,3267,23.33052,225,True,822.8208035366583,1,0.0
690636,3268,32.440291,225,True,1136.8116406393915,5,0.8
690884,3269,36.337302,225,True,1179.0920765620635,10,0.2
691072,3270,36.322658,225,True,1245.7063019320244,6,0.0
691304,3271,24.227627,225,True,891.5050819637454,0,0.0
691536,3272,39.714275,225,True,1341.3710024597754,8,0.0
691572,3273,8.168344,172,False,805.1337619306669,4,1.9999999999999998
691972,3274,33.202235,225,True,1186.4894008016495,2,0.0
692204,3275,23.244084,225,True,807.3633516663581,2,1.2
692436,3276,26.132175,225,True,950.0870070785172,5,2.4
692472,3277,22.987348,225,True,789.8939237815225,1,0.2
692872,3278,22.405723,225,True,791.4289058018974,0,0.6000000000000001
693104,3279,29.599569,225,True,1032.7827624518961,4,0.8
693336,3280,38.549888,225,True,1270.7955101501366,11,0.4
693372,3281,21.74162,225,True,756.8648166478001,0,0.0
693772,3282,35.195926,225,True,1211.0370252519733,5,0.0
694004,3283,21.686102,225,True,777.0440687799787,0,1.2
694148,3284,16.90886,194,False,1094.7544186541604,5,0.4
694236,3285,27.614252,225,True,985.3700718099542,0,0.0
694672,3286,34.662775,225,True,1200.1110110757245,6,0.4
694904,3287,33.943176,225,True,1204.9270336531476,4,0.0
695048,3288,37.957093,225,True,1279.08371290375,10,0.8
695136,3289,19.789136,225,True,705.9654216069084,0,1.4
695572,3290,33.088473,225,True,1125.9389110119005,7,0.6000000000000001
695804,3291,25.782818,225,True,931.312734440259,1,0.0
695948,3292,36.012293,225,True,1178.8917013858245,9,0.0
696036,3293,32.506558,225,True,1104.2623165969662,6,0.0
696472,3294,37.351496,225,True,1334.8598413553855,7,1.0
696484,3295,4.827755,112,False,626.7101988822242,3,0.0
696704,3296,25.747863,225,True,971.514531025281,0,1.0
696848,3297,28.636405,225,True,1053.456199642967,2,0.0
697372,3298,34.250321,225,True,1143.6128263654437,12,1.7999999999999998
697384,3299,25.129557,225,True,897.1822651611214,0,0.0
697604,3300,39.653805,225,True,1338.9522145542392,8,0.0
697748,3301,32.048315,225,True,1089.1326070989958,5,0.0
698152,3302,-2.440035,101,False,410.3985967954195,2,2.1999999999999997
698272,3303,39.30187,225,True,1344.0747922666028,7,0.0
698284,3304,25.550107,225,True,874.0042908296905,3,0.8
698504,3305,31.05319,225,True,1007.7275906829368,8,0.2
698740,3306,-0.006374,114,False,501.3450363403547,3,1.4
699052,3307,31.79384,225,True,1091.75358267285,4,0.0
699172,3308,38.250601,225,True,1345.2240245251687,5,0.0
699404,3309,25.439295,225,True,911.1718017611238,2,0.6000000000000001
699640,3310,26.60658,225,True,881.0631953481497,6,1.0
699952,3311,20.742559,225,True,723.3023484910302,1,1.2
700072,3312,22.435131,225,True,856.6052418969361,0,2.8000000000000003
700200,3313,-7.829618,32,False,185.21527073448306,1,0.4
700304,3314,28.940683,225,True,1022.4273055667552,1,0.0
700540,3315,30.251754,225,True,1058.8701501417395,2,0.0
700852,3316,35.687926,225,True,1236.3170277949598,6,0.4
701100,3317,34.410149,225,True,1190.00595874586,5,0.0
701204,3318,30.593081,225,True,1112.5232435136136,1,0.0
701440,3319,34.080401,225,True,1100.016040011049,10,0.6000000000000001
701752,3320,28.380624,225,True,937.6249642489502,8,1.9999999999999998
702000,3321,31.148969,225,True,1075.5587489040877,4,0.0
702104,3322,32.765549,225,True,1143.421953564311,3,0.0
702340,3323,30.090143,225,True,1047.6057191946604,5,0.0
702652,3324,28.002812,225,True,924.1124870695141,6,0.8
702900,3325,30.951533,225,True,1101.2613102135292,3,1.0
703004,3326,26.198272,225,True,928.7308685674648,0,0.0
703240,3327,35.818211,225,True,1186.3284575705347,8,0.0
703552,3328,21.031071,225,True,747.6428527567869,0,0.8
703800,3329,28.426669,225,True,993.8667403980494,2,0.0
703904,3330,27.663211,225,True,953.7284579714885,3,0.6000000000000001
704140,3331,24.607277,225,True,860.2910917028883,1,0.0
704452,3332,36.277143,225,True,1253.4857269869754,5,0.0
704700,3333,28.444344,225,True,978.5737516119118,3,0.0
704804,3334,23.663907,225,True,809.7562688297273,2,0.6000000000000001
705040,3335,23.998119,225,True,842.3247739866256,3,1.2
705352,3336,23.547584,225,True,822.7033479494685,0,0.0
705600,3337,31.402427,225,True,1104.8970705787801,2,0.0
705704,3338,29.330422,225,True,1039.6168641968184,3,0.4
705940,3339,22.444575,225,True,746.5829966121464,2,0.0
706252,3340,30.987428,225,True,1109.097134306488,5,2.8000000000000003
706500,3341,25.847277,225,True,909.8910687589726,5,2.4
706592,3342,9.669991,163,False,820.3996530702659,3,0.0
706604,3343,36.220857,225,True,1187.2342778077764,9,0.0
707152,3344,37.085461,225,True,1190.6184458547136,11,0.0
707400,3345,30.824983,225,True,1063.3993078182662,4,0.0
707492,3346,34.956983,225,True,1135.8793153066663,9,0.0
707504,3347,25.25077,225,True,890.8308059947119,0,0.0
707512,3348,-8.486979,28,False,158.92082698375293,0,0.0
707656,3349,-6.714259,36,False,212.22963743978107,0,0.0
708052,3350,38.091128,225,True,1255.6451326714046,10,0.4
708392,3351,31.188438,225,True,1031.537503502954,7,0.6000000000000001
708404,3352,36.868521,225,True,1224.3408403459844,9,0.0
708556,3353,21.836245,225,True,765.4498063758904,0,0.0
708952,3354,28.876793,225,True,1010.271701613201,2,0.0
709292,3355,37.099076,225,True,1246.3630468763663,9,0.0
709304,3356,27.095057,225,True,971.0022773337862,0,0.0
709456,3357,28.909958,225,True,1043.5983221569877,0,0.0
709852,3358,41.834406,225,True,1346.176247476389,13,0.0
710192,3359,27.558573,225,True,991.1429335310524,0,0.0
710204,3360,33.463299,225,True,1139.331950563616,5,0.0
710356,3361,35.809652,225,True,1193.1860840327968,8,0.0
710752,3362,29.172992,225,True,1006.1196736617603,3,0.0
711092,3363,34.018196,225,True,1158.3278468410726,6,0.2
711104,3364,22.495688,225,True,775.8275129145884,1,0.0
711256,3365,39.602318,225,True,1336.8927395460314,8,0.0
711652,3366,34.465517,225,True,1178.6206698194628,7,0.4
711992,3367,26.570923,225,True,927.636907436543,1,0.0
712004,3368,26.721426,225,True,928.8570371282049,2,0.4
712156,3369,29.156806,225,True,1021.4722421219426,2,0.0
712552,3370,29.237784,225,True,1050.311364063668,4,1.4
712892,3371,33.695303,225,True,1190.2121184211842,4,0.0
712904,3372,35.38498,225,True,1245.7992023406232,6,0.4
713056,3373,30.888973,225,True,1139.5589343464862,5,1.5999999999999999
713452,3374,32.350448,225,True,1114.0179287407927,6,1.4
713636,3375,4.688564,145,False,677.1425593395218,5,0.8
713792,3376,31.824824,225,True,1092.9929708043733,5,0.0
713804,3377,34.774604,225,True,1183.7841628849083,6,0.0
714352,3378,27.2603,225,True,953.6120101818162,3,0.0
714536,3379,29.05796,225,True,991.9184098579656,4,0.0
714692,3380,26.979475,225,True,966.379019444468,0,0.0
714704,3381,35.988623,225,True,1257.144922731312,4,0.0
715252,3382,37.625533,225,True,1281.8213376554313,7,0.0
715436,3383,26.128929,225,True,916.3571705373256,2,0.2
715592,3384,25.054352,225,True,839.774071332489,3,0.2
715604,3385,31.347725,225,True,1070.7090189736732,4,0.0
716152,3386,26.85669,225,True,939.0675926262393,1,0.0
716336,3387,24.521156,225,True,834.4462587261366,3,0.6000000000000001
716492,3388,30.988019,225,True,1037.1207655631006,6,0.0
716504,3389,31.69406,225,True,1162.9624116140753,0,0.0
717052,3390,37.47092,225,True,1214.0368015644954,15,1.9999999999999998
717236,3391,28.237325,225,True,984.6929992116427,2,0.0
717392,3392,37.000022,225,True,1221.600891712777,11,1.4
717404,3393,31.343728,225,True,1073.7491255672307,5,0.0
717952,3394,36.45257,225,True,1260.5027845401028,5,0.0
718136,3395,26.896737,225,True,969.469495506203,2,0.8
718292,3396,30.318091,225,True,1025.5236545994474,5,0.0
718304,3397,27.704039,225,True,915.3615509643735,5,0.0
718524,3398,-3.442411,58,False,327.9035402515053,1,0.0
718588,3399,-0.599636,113,False,487.21456365414156,3,3.0000000000000004
718852,3400,23.732825,225,True,830.1130194647726,0,0.0
719204,3401,28.912072,225,True,1008.4828660269047,4,1.4
719424,3402,26.423088,225,True,896.1235301247909,3,0.0
719488,3403,38.157389,225,True,1223.0955768328786,12,0.0
719752,3404,37.056098,225,True,1237.4439244311588,8,0.0
720104,3405,24.583048,225,True,883.3219000591816,1,0.4
720324,3406,28.037587,225,True,965.5034813167501,4,0.8
720388,3407,28.951991,225,True,988.4796579098681,5,1.2
720652,3408,32.881059,225,True,1124.0423506945017,5,0.0
721004,3409,29.127518,225,True,1010.7007268339603,3,0.0
721224,3410,24.73662,225,True,870.264817925088,0,0.0
721288,3411,29.393323,225,True,1050.1329169768715,3,1.4
721552,3412,31.468531,225,True,1061.1412581804602,5,0.0
721664,3413,-0.613956,94,False,425.0417699417028,2,0.0
721904,3414,25.377537,225,True,863.9014912071489,2,0.0
722124,3415,27.279175,225,True,917.5669912338576,4,0.4
722452,3416,29.949694,225,True,1062.7877692021912,1,0.0
722564,3417,23.345236,225,True,814.6094358874232,0,0.0
722804,3418,36.388954,225,True,1197.158155374998,14,3.400000000000001
723024,3419,39.022071,225,True,1331.2828388672442,7,0.0
723076,3420,7.800845,128,False,762.4337887550073,2,0.0
723352,3421,31.170473,225,True,1079.6189328914684,3,0.0
723704,3422,35.807559,225,True,1239.5023729237128,7,1.0
723924,3423,30.635976,225,True,1080.6390318182075,4,0.8
723976,3424,31.689018,225,True,1081.160734723272,5,0.0
724252,3425,29.57758,225,True,1006.3031850403313,8,2.4
724604,3426,38.099983,225,True,1299.1993301734833,7,0.0
724824,3427,24.342959,225,True,838.5183454562664,1,0.0
724876,3428,35.253953,225,True,1146.9581152664919,9,0.0
725152,3429,33.102448,225,True,1078.497927728954,8,0.0
725504,3430,30.755332,225,True,1071.0132819593387,3,0.0
725708,3431,18.238136,208,False,1148.7254451664426,4,0.0
725724,3432,31.669557,225,True,1115.5822952743129,2,0.0
726052,3433,39.136124,225,True,1343.8449507250011,8,0.0
726404,3434,37.808409,225,True,1297.9363548054976,6,0.0
726608,3435,31.917807,225,True,1030.3122871334826,8,0.0
726624,3436,26.442044,225,True,890.4817658725376,3,0.0
726952,3437,31.614014,225,True,1153.3605659939544,4,1.0
727304,3438,34.537691,225,True,1183.90764747812,5,0.0
727508,3439,29.361579,225,True,1029.6631630207341,2,0.0
727524,3440,32.16887,225,True,1116.354811937068,5,0.4
727852,3441,35.101848,225,True,1206.4739335300123,5,0.0
728204,3442,34.665471,225,True,1182.618844506162,7,0.0
728404,3443,4.235851,138,False,620.6340246303557,2,0.0
728408,3444,37.212634,225,True,1274.9053702949077,6,0.0
728424,3445,26.684816,225,True,972.1926512501543,3,0.8
729104,3446,33.986555,225,True,1197.0622174450964,6,1.7999999999999998
729304,3447,26.282547,225,True,903.3018741195722,2,0.0
729308,3448,36.43665,225,True,1270.266017387859,5,0.2
729324,3449,40.351193,225,True,1338.0477043504902,10,0.0
730004,3450,34.65471,225,True,1206.9883938718935,4,0.0
730204,3451,30.217533,225,True,1055.9013143933134,4,1.0
730208,3452,31.576448,225,True,1080.6579104730508,4,0.0
730224,3453,35.222585,225,True,1211.3034153184649,5,0.0
730904,3454,34.332234,225,True,1149.289352730308,11,2.8000000000000003
731104,3455,30.214392,225,True,1089.37566494864,0,0.0
731108,3456,38.982618,225,True,1345.7047095033222,6,0.0
731124,3457,32.94413,225,True,1150.5652078000094,3,0.0
731804,3458,36.189232,225,True,1233.9692799711643,8,0.8
732004,3459,32.444275,225,True,1114.5710029227957,4,0.0
732008,3460,26.406999,225,True,965.8799406924031,1,0.4
732024,3461,35.824174,225,True,1248.9669508853322,5,0.0
732704,3462,25.203813,225,True,888.9525259925833,0,0.0
732904,3463,31.518688,225,True,1078.3475135636654,4,0.0
732908,3464,24.514301,225,True,835.7720512692599,3,0.2
732924,3465,33.284514,225,True,1097.780562350265,12,2.6
733580,3466,7.566703,169,False,749.8681296106229,4,1.2
733604,3467,34.850494,225,True,1160.4197500813093,8,0.0
733808,3468,26.651997,225,True,905.2798967972719,3,0.0
733824,3469,24.624899,225,True,857.7959717804279,2,1.0
734480,3470,30.171455,225,True,1090.8581975108996,6,3.600000000000001
734504,3471,35.659456,225,True,1239.1782329806083,5,0.0
734708,3472,31.391227,225,True,1072.4490724012871,4,0.0
734724,3473,27.733586,225,True,927.7434391370314,4,0.0
735316,3474,7.366412,203,False,792.2564821662654,2,1.9999999999999998
735380,3475,24.223692,225,True,833.7476950872699,1,0.0
735608,3476,30.729377,225,True,1045.9750881337065,4,0.0
735624,3477,22.855071,225,True,809.4028520477361,1,1.0
736148,3478,0.813867,131,False,513.3546842626133,1,0.6000000000000001
736216,3479,35.420616,225,True,1248.0246240912438,4,0.0
736280,3480,21.840924,225,True,792.8369508661212,1,1.9999999999999998
736508,3481,27.073555,225,True,915.7421839300607,3,0.0
737048,3482,25.390802,225,True,904.4320816812979,2,0.4
737116,3483,37.424217,225,True,1265.7686752549234,7,0.0
737180,3484,22.156479,225,True,797.4591573734665,0,1.0
737408,3485,23.389821,225,True,830.7928495328363,0,0.6000000000000001
737596,3486,-7.743739,47,False,208.6504441387392,1,2.1999999999999997
737940,3487,17.774213,206,False,1097.3685032492517,6,0.0
737948,3488,35.170985,225,True,1172.4393964651608,9,0.6000000000000001
738080,3489,34.917002,225,True,1193.4800898048024,6,0.2
738400,3490,-3.540802,80,False,371.1679154756853,1,1.9999999999999998
738496,3491,31.87971,225,True,1067.9884000162237,7,0.2
738840,3492,22.561608,225,True,813.6643318609663,2,2.6
738848,3493,26.414195,225,True,937.3678139093888,0,0.0
739300,3494,30.509952,225,True,1005.1980648866092,6,0.0
739396,3495,31.23087,225,True,1078.8347820520053,5,0.4
739740,3496,23.981139,225,True,862.4455456443636,0,0.0
739748,3497,28.66649,225,True,1027.459592757133,0,0.0
740200,3498,27.054558,225,True,948.5823139530985,4,1.7999999999999998
740296,3499,33.870393,225,True,1114.0157352705678,8,0.2
740640,3500,27.837014,225,True,978.2805783071592,1,0.0
740648,3501,25.380818,225,True,857.6327354963505,3,0.4
741100,3502,30.124424,225,True,1037.7769434639763,3,0.0
741196,3503,24.687095,225,True,864.2837844769408,5,2.6
741540,3504,33.056729,225,True,1153.4691633675875,6,0.0
741548,3505,34.878613,225,True,1212.7445146547839,4,0.0
742000,3506,36.352644,225,True,1247.7057771536088,7,0.2
742096,3507,30.113472,225,True,1033.338891262954,4,0.4
742440,3508,30.53905,225,True,1038.3619942913458,4,0.0
742448,3509,27.053134,225,True,962.9253482464267,6,3.0000000000000004
742900,3510,30.733654,225,True,1094.1461493831225,1,0.0
742996,3511,26.395162,225,True,914.2064661593915,2,0.4
743340,3512,37.178832,225,True,1166.3532776032184,14,0.8
743348,3513,39.070413,225,True,1341.2165032292573,7,0.0
743800,3514,31.01978,225,True,1062.3911808183152,5,0.6000000000000001
743896,3515,31.429325,225,True,1123.5729888118867,1,0.0
744240,3516,39.035754,225,True,1272.6301404859319,11,0.0
744248,3517,25.677731,225,True,898.3092265613213,1,0.0
744700,3518,32.919939,225,True,1160.7975469248995,3,0.4
744796,3519,33.903869,225,True,1118.5547476347338,10,1.4
744888,3520,7.756008,160,False,727.840312503346,4,0.0
745140,3521,26.989975,225,True,921.998988897526,4,1.0
745600,3522,33.682555,225,True,1189.7021877776579,5,1.2
745696,3523,30.832559,225,True,1099.702359775103,1,0.0
745788,3524,28.012412,225,True,953.2964670630836,3,0.0
746040,3525,26.908378,225,True,934.7351281442163,2,0.4
746500,3526,26.296883,225,True,916.6753179725288,1,0.0
746596,3527,41.434406,225,True,1346.17624747639,12,0.0
746688,3528,31.166445,225,True,1031.4577828443512,7,0.6000000000000001
746728,3529,-8.280368,57,False,236.78529117633684,0,3.600000000000001
746940,3530,27.098587,225,True,923.1434800790807,3,0.2
747496,3531,37.336986,225,True,1279.8794562365229,6,0.0
747588,3532,34.368628,225,True,1153.1451368265102,9,1.5999999999999999
747628,3533,33.474784,225,True,1158.1913652126382,4,0.0
747840,3534,34.392503,225,True,1210.100133494177,3,0.0
747944,3535,-2.553391,112,False,465.06434933831633,0,3.600000000000001
748488,3536,36.128643,225,True,1255.5457014574877,8,0.6000000000000001
748528,3537,34.167866,225,True,1154.7146426351878,7,0.0
748740,3538,33.814564,225,True,1133.3825778208857,7,0.0
748844,3539,40.931982,225,True,1345.2792748759753,11,0.0
749388,3540,33.876815,225,True,1215.0725875498028,5,0.8
749428,3541,35.059977,225,True,1195.1990899725151,7,0.0
749640,3542,22.441167,225,True,778.4466757435409,0,0.0
749744,3543,31.5041,225,True,1044.9640171670155,6,0.0
750288,3544,26.00938,225,True,940.3752072970196,7,4.800000000000002
750328,3545,37.8175,225,True,1342.299999337255,6,1.5999999999999999
750540,3546,35.781353,225,True,1219.2541345126156,7,0.0
750644,3547,21.017464,225,True,780.6985411340922,2,3.800000000000001
751188,3548,31.911107,225,True,1109.2442628298932,5,1.2
751228,3549,27.971899,225,True,953.2759750803298,3,0.0
751440,3550,23.50831,225,True,801.9323882069291,2,0.0
751544,3551,30.412126,225,True,1117.2850234329198,0,0.0
752004,3552,8.295909,204,False,851.036365775672,3,1.2
752128,3553,36.397418,225,True,1207.8967124801438,9,0.6000000000000001
752340,3554,27.594974,225,True,950.9989599464855,3,0.0
752444,3555,34.684421,225,True,1220.1768264408074,3,0.0
752884,3556,10.737288,189,False,858.2915136358913,6,0.8
752904,3557,32.710573,225,True,1125.2229239696435,4,0.0
752976,3558,-9.446068,18,False,102.95729653259673,0,0.0
753240,3559,34.279458,225,True,1187.9783239272638,4,0.0
753344,3560,24.513949,225,True,898.1579506740095,2,2.8000000000000003
753784,3561,28.607496,225,True,1003.4998279113586,3,0.8
753876,3562,29.241386,225,True,1026.4554325669092,4,1.5999999999999999
754056,3563,-5.308048,68,False,305.2780725904529,2,2.8000000000000003
754140,3564,34.778153,225,True,1165.5261370189705,8,0.6000000000000001
754244,3565,24.336483,225,True,887.8593239367158,5,4.600000000000001
754776,3566,30.002851,225,True,992.9140295478871,8,1.4
754956,3567,39.621383,225,True,1345.655320975245,8,0.0
755040,3568,36.306754,225,True,1237.0701790852613,7,0.6000000000000001
755144,3569,41.288812,225,True,1341.1524695888734,12,0.0
755584,3570,0.211859,110,False,511.6743712807395,3,2.6
755676,3571,36.46729,225,True,1271.4916155926098,5,0.0
755856,3572,35.145192,225,True,1190.6076914177047,8,0.8
755940,3573,35.948796,225,True,1175.5518409994274,9,0.0
756484,3574,30.543181,225,True,1072.1272542525353,2,0.0
756576,3575,28.018055,225,True,977.522194617472,7,3.600000000000001
756756,3576,22.993312,225,True,800.5324773257189,0,0.0
756840,3577,21.901158,225,True,792.0463337146837,0,1.0
757384,3578,31.592068,225,True,1050.0827119724777,7,0.2
757476,3579,22.516599,225,True,789.4639452322497,2,1.2
757656,3580,38.391168,225,True,1344.4467347650211,5,0.0
757740,3581,32.750341,225,True,1122.0136565385792,6,1.0
758284,3582,29.302771,225,True,1021.7108339346978,3,0.4
758376,3583,29.388094,225,True,1030.7237430144953,2,0.0
758556,3584,25.749896,225,True,901.1958352578754,4,2.1999999999999997
758640,3585,29.308385,225,True,1043.5354032961343,5,2.8000000000000003
759184,3586,33.637591,225,True,1115.1036444166239,8,0.6000000000000001
759276,3587,36.408229,225,True,1217.9291568935014,9,0.2
759456,3588,26.257389,225,True,902.2955407649636,3,0.8
759540,3589,36.147856,225,True,1270.714230507971,6,0.6000000000000001
760084,3590,32.702668,225,True,1110.5067024381797,5,0.0
760132,3591,12.760582,214,False,962.4232887902897,7,3.400000000000001
760356,3592,22.262312,225,True,800.0924903696298,2,1.9999999999999998
760440,3593,28.295669,225,True,980.6267685297294,2,0.0
760984,3594,35.319867,225,True,1213.5946782614478,5,0.0
761032,3595,27.198291,225,True,973.5316570260138,4,2.8000000000000003
761256,3596,31.281447,225,True,1092.0578708560101,3,0.2
761340,3597,24.278001,225,True,835.9200212093501,1,0.0
761884,3598,32.406134,225,True,1153.0453610204272,8,2.4
761932,3599,27.684883,225,True,975.3953260550898,3,1.2
762156,3600,26.613349,225,True,990.1339723348499,7,6.200000000000003
762240,3601,28.313476,225,True,981.3390389955264,2,0.0
762784,3602,26.975766,225,True,996.6306268723779,0,1.0
762832,3603,35.269468,225,True,1211.5787052507799,6,0.6000000000000001
763056,3604,40.152023,225,True,1344.4809375784012,9,0.0
763132,3605,-4.670442,87,False,348.3823315275356,1,2.1999999999999997
763140,3606,23.883193,225,True,836.1277280153649,0,0.0
763732,3607,35.117287,225,True,1229.4914926475908,6,1.4
763956,3608,19.747172,225,True,709.0868971033758,0,1.5999999999999999
764032,3609,34.561001,225,True,1172.840059049875,7,0.6000000000000001
764040,3610,37.880825,225,True,1344.8330109671006,6,1.0
764632,3611,31.979858,225,True,1124.7943370761727,3,0.0
764856,3612,31.413622,225,True,1105.3448624022367,2,0.0
764932,3613,35.835705,225,True,1235.8282063642982,6,0.2
764940,3614,25.040904,225,True,853.6361586887115,3,0.8
765532,3615,22.122978,225,True,783.3191213679324,1,1.4
765756,3616,29.086929,225,True,1012.2771477301185,2,0.0
765832,3617,22.630674,225,True,794.026950952541,1,1.0
765840,3618,28.156761,225,True,991.0704578652544,1,0.0
766432,3619,34.954697,225,True,1202.187899224321,6,0.0
766656,3620,26.651937,225,True,940.4774626468795,2,0.8
766732,3621,24.076511,225,True,843.8604322461583,0,0.0
766740,3622,26.488818,225,True,940.3527234766855,0,0.0
767332,3623,25.14965,225,True,889.9859872142231,1,0.8
767556,3624,26.443133,225,True,898.5253028724057,4,1.0
767632,3625,27.195182,225,True,952.6072896766725,1,0.0
767640,3626,25.449461,225,True,903.578455862294,0,0.2
768232,3627,27.226937,225,True,986.6774893510703,1,0.0
768456,3628,22.425606,225,True,813.024226144732,1,1.4
768532,3629,35.509426,225,True,1213.977051280237,9,2.1999999999999997
768532,3630,11.130658,223,False,899.6263322074446,3,0.4
769132,3631,33.971605,225,True,1145.2641813961418,6,0.0
769356,3632,25.991579,225,True,920.463168028095,0,0.0
769432,3633,31.69676,225,True,1051.0704121206304,8,1.2
769432,3634,24.755732,225,True,837.4292803673432,4,1.2
770032,3635,38.733211,225,True,1334.128444576947,6,0.0
770256,3636,38.377295,225,True,1224.6917919226753,12,0.0
770332,3637,29.994269,225,True,1032.5707605708121,3,0.0
770332,3638,35.098494,225,True,1239.9397777310587,5,0.2
770932,3639,38.593087,225,True,1330.1234973547225,6,0.0
771156,3640,20.043502,225,True,720.9400832752858,0,1.5999999999999999
771232,3641,36.004406,225,True,1224.976247356959,6,0.0
771232,3642,37.821038,225,True,1283.2415175667538,7,0.0
771832,3643,23.717773,225,True,830.3109222079343,0,0.0
772020,3644,-6.377881,47,False,273.6847484494724,0,0.6000000000000001
772056,3645,32.383416,225,True,1124.9366586410702,4,0.0
772132,3646,34.757128,225,True,1179.8851340327556,7,0.8
772132,3647,20.442605,225,True,741.7041923426273,0,1.7999999999999998
772136,3648,-7.598168,29,False,165.6732757013731,1,0.2
772440,3649,3.605549,96,False,571.4219594553351,5,0.8
773032,3650,23.92228,225,True,874.4912114519855,4,4.200000000000001
773032,3651,39.441117,225,True,1343.244687758222,8,0.0
773036,3652,24.494174,225,True,849.3669447390112,1,0.2
773340,3653,32.373211,225,True,1127.7284429588158,3,0.0
773932,3654,30.062156,225,True,1026.486246895545,4,0.0
773932,3655,27.841959,225,True,968.8783663517127,2,0.0
773936,3656,32.801755,225,True,1176.870194238562,1,0.0
774240,3657,27.460474,225,True,947.2189721986706,2,0.0
774832,3658,30.942603,225,True,1083.3041101085646,3,0.0
774832,3659,31.117617,225,True,1078.3046808458516,3,0.0
774836,3660,39.013039,225,True,1303.7215706703955,9,0.2
775140,3661,35.296992,225,True,1171.8796667274332,8,0.0
775732,3662,22.438401,225,True,847.1360558595727,3,3.800000000000001
775732,3663,28.409051,225,True,1005.9620219124238,1,0.2
775736,3664,34.060739,225,True,1180.8295670552793,4,0.0
776040,3665,23.523066,225,True,821.7226298171724,0,0.0
776068,3666,0.23422,83,False,475.76878225443215,1,0.0
776356,3667,13.183898,156,False,910.55593325255,7,0.2
776632,3668,32.807774,225,True,1151.5109597779401,4,0.4
776704,3669,11.895977,159,False,882.2390803597946,10,3.0000000000000004
776940,3670,23.566942,225,True,829.8776782029604,0,0.0
777256,3671,24.436406,225,True,885.4562313746708,1,1.7999999999999998
777532,3672,31.578728,225,True,1091.1491157756482,6,1.0
777604,3673,22.622085,225,True,800.0833911615541,1,1.0
777840,3674,28.267158,225,True,915.4863128133911,6,0.0
778156,3675,38.893283,225,True,1342.1313380469833,6,0.0
778432,3676,29.348716,225,True,1007.5486352396999,3,0.0
778504,3677,21.553693,225,True,736.5477073139089,1,0.4
778740,3678,30.272644,225,True,1091.7057465334574,0,0.0
779056,3679,32.665024,225,True,1141.0009761637884,3,0.0
779332,3680,26.687828,225,True,953.1131149849514,0,0.2
779404,3681,21.636036,225,True,760.6414339295516,0,0.6000000000000001
779640,3682,33.268619,225,True,1197.9447629166634,2,0.0
779956,3683,36.982319,225,True,1297.69277410116,4,0.0
780232,3684,25.953692,225,True,918.9476925018739,0,0.0
780304,3685,32.78112,225,True,1142.4448128513764,8,2.1999999999999997
780540,3686,28.5331,225,True,1006.1239919265761,1,0.0
780856,3687,31.62017,225,True,1099.206819501053,3,0.0
781132,3688,30.812561,225,True,1065.3024372643995,5,0.8
781204,3689,38.135595,225,True,1310.2238119814824,6,0.0
781440,3690,28.223915,225,True,1038.5565953941448,2,2.1999999999999997
781756,3691,33.592138,225,True,1144.485526227661,7,1.0
782032,3692,25.595597,225,True,872.6238741676734,2,0.0
782104,3693,23.210864,225,True,871.6345654516795,0,2.6
782340,3694,33.168445,225,True,1159.537796335827,3,0.0
782656,3695,28.444151,225,True,1018.5660537387575,0,0.0
782932,3696,35.419522,225,True,1214.3808971084918,6,0.4
783004,3697,29.317402,225,True,1037.496073095231,1,0.0
783240,3698,26.168861,225,True,879.5544378680522,3,0.0
783556,3699,21.173211,225,True,762.9284271612919,2,2.8000000000000003
783832,3700,26.181425,225,True,848.0569977204755,5,0.0
783904,3701,35.787363,225,True,1165.8945293376105,11,1.2
784140,3702,37.52349,225,True,1218.5395907046945,13,1.7999999999999998
784428,3703,9.452504,218,False,835.7001561056234,3,1.0
784732,3704,30.864435,225,True,1083.3774197166745,2,0.0
784804,3705,24.994011,225,True,862.9604260887929,2,0.6000000000000001
785040,3706,20.386639,225,True,734.6655704950163,0,1.5999999999999999
785328,3707,39.239887,225,True,1330.3954667162047,9,0.6000000000000001
785632,3708,32.929668,225,True,1149.986709188841,3,0.0
785704,3709,34.476372,225,True,1232.6548822502587,4,0.4
785940,3710,21.335839,225,True,734.2335413177996,0,0.0
786228,3711,39.778212,225,True,1344.7284620306295,8,0.0
786532,3712,33.16762,225,True,1095.5047931863974,7,0.0
786604,3713,22.98856,225,True,768.3423857299006,2,0.0
786836,3714,-2.013729,76,False,390.6508202706225,2,0.4
786840,3715,22.046523,225,True,764.2609229239886,2,1.4
787128,3716,32.438214,225,True,1131.1285660504186,3,0.0
787504,3717,31.707314,225,True,1065.0925586372123,6,0.0
787736,3718,32.821961,225,True,1124.8784507272608,5,0.4
787740,3719,32.265031,225,True,1118.6012230338802,4,0.4
788028,3720,35.343639,225,True,1201.7455553842346,10,1.7999999999999998
788300,3721,8.26319,140,False,721.7276192021645,6,0.2
788404,3722,34.112883,225,True,1214.915306242272,2,0.0
788636,3723,25.680822,225,True,882.4328897550286,2,0.0
788928,3724,23.631301,225,True,837.2520200453084,0,0.2
789200,3725,34.703805,225,True,1140.9522145558344,8,0.0
789304,3726,31.430316,225,True,1122.012649016713,1,0.0
789536,3727,23.297726,225,True,790.3090241452187,2,0.4
789828,3728,28.896825,225,True,931.8729800024926,9,1.5999999999999999
790100,3729,31.853262,225,True,1122.9304774496713,2,0.0
790204,3730,38.039472,225,True,1245.5788845378029,10,0.0
790436,3731,28.155325,225,True,947.0129804319345,6,1.4
790728,3732,25.197447,225,True,859.8978765031543,4,1.2
790904,3733,-6.249255,44,False,234.02981703683076,2,1.2
791000,3734,30.838661,225,True,1015.1464375673131,9,1.5999999999999999
791056,3735,10.337999,155,False,865.5199632853169,3,0.0
791104,3736,35.667424,225,True,1227.4969727500356,5,0.0
791236,3737,-7.351751,33,False,193.12994207059432,0,0.0
791652,3738,8.614422,149,False,794.9768885960702,2,0.0
791692,3739,6.478944,114,False,678.3577739653531,4,0.0
791804,3740,39.866504,225,True,1339.4601402493636,9,0.0
791900,3741,32.908595,225,True,1157.1438122678733,3,0.0
792552,3742,25.697076,225,True,913.4830553059821,2,1.2
792592,3743,35.095243,225,True,1179.8097177656173,7,0.2
792704,3744,39.413898,225,True,1342.1559000869738,8,0.0
792800,3745,26.813915,225,True,938.9566163355789,5,2.1999999999999997
793452,3746,28.527249,225,True,967.4899469741042,4,0.4
793492,3747,28.268584,225,True,1020.343351837852,1,1.0
793604,3748,28.509174,225,True,989.1669545856762,2,0.0
793700,3749,36.434404,225,True,1178.1761485667125,10,0.0
794352,3750,40.634406,225,True,1346.1762474711277,10,0.0
794364,3751,14.98144,166,False,990.4576151543331,8,1.0
794392,3752,24.133199,225,True,830.1279564841811,1,0.0
794504,3753,36.798893,225,True,1277.555724962937,6,0.0
795252,3754,26.931638,225,True,958.0655200664369,0,0.0
795264,3755,28.054656,225,True,956.5862422397367,3,0.0
795292,3756,21.623239,225,True,745.7295624995993,0,0.0
795404,3757,25.680794,225,True,917.6317707466451,4,3.0000000000000004
796152,3758,41.339411,225,True,1326.3764421128435,13,0.0
796164,3759,37.662321,225,True,1254.4928324713223,9,0.4
796192,3760,28.209441,225,True,945.177634300914,4,0.0
796304,3761,23.800137,225,True,800.8054966867974,2,0.0
796600,3762,-0.882083,74,False,437.51668577080454,3,0.0
797052,3763,21.929973,225,True,762.7989324539644,3,2.1999999999999997
797064,3764,33.392599,225,True,1122.10394752429,6,0.0
797092,3765,30.703577,225,True,1060.943069981352,3,0.0
797500,3766,37.602504,225,True,1242.5001593547818,9,0.0
797952,3767,33.581049,225,True,1147.241966968325,5,0.0
797964,3768,37.228781,225,True,1290.751249134095,5,0.0
797992,3769,40.097999,225,True,1335.1199548824043,10,0.4
798048,3770,5.585724,137,False,705.028970101305,3,1.9999999999999998
798204,3771,-7.241418,39,False,229.5432886345086,0,1.5999999999999999
798852,3772,27.22773,225,True,929.9092142703423,5,1.4
798864,3773,23.132657,225,True,806.106279663177,0,0.0
798892,3774,33.448779,225,True,1187.5511565222332,2,0.0
799104,3775,22.472218,225,True,779.6887082389285,0,0.0
799752,3776,23.718178,225,True,829.5271130812212,0,0.0
799764,3777,35.538331,225,True,1191.133257221849,7,0.0
799792,3778,30.275263,225,True,1000.6105043078462,6,0.2
800004,3779,38.049117,225,True,1278.7646738022686,9,0.4
800652,3780,22.321938,225,True,773.6775013846961,0,0.0
800664,3781,29.215348,225,True,1017.4139237721447,2,0.0
800692,3782,34.166745,225,True,1114.6697820383852,9,0.4
800904,3783,36.122009,225,True,1226.4803791782442,7,0.4
801008,3784,0.111017,79,False,466.04069043217805,7,3.600000000000001
801048,3785,-6.714119,36,False,212.23522760880633,0,0.0
801124,3786,-2.269457,118,False,449.22170346498774,1,2.8000000000000003
801564,3787,36.761483,225,True,1176.859324568774,11,0.0
801692,3788,12.388784,161,False,914.751361650226,4,0.0
801908,3789,32.286248,225,True,1103.4499257488715,5,0.4
802024,3790,30.957434,225,True,1091.897355391121,3,0.8
802464,3791,25.383034,225,True,843.3213549587526,6,1.7999999999999998
802592,3792,20.980749,225,True,736.0299545571222,0,0.4
802624,3793,13.644557,179,False,964.182270078963,7,1.9999999999999998
802924,3794,35.92236,225,True,1252.0943965936412,9,3.0000000000000004
803364,3795,36.354375,225,True,1254.975001652229,5,0.0
803492,3796,30.439059,225,True,1066.362362277152,2,0.0
803524,3797,33.667609,225,True,1197.9043644641079,5,1.9999999999999998
803824,3798,24.271657,225,True,890.0662988041724,3,3.600000000000001
804264,3799,30.861137,225,True,1086.4454689133695,4,1.4
804392,3800,24.28698,225,True,857.0791964958396,4,2.6
804424,3801,39.247474,225,True,1345.098963707087,10,1.2
804724,3802,28.417236,225,True,970.2894552831731,3,0.0
805164,3803,24.001099,225,True,829.6439773685652,1,0.2
805292,3804,29.195912,225,True,1017.4364960227308,2,0.0
805324,3805,34.327413,225,True,1189.896539454845,5,0.6000000000000001
805624,3806,37.431307,225,True,1241.2522841287155,14,3.0000000000000004
806064,3807,24.82073,225,True,857.6292056552002,1,0.0
806192,3808,37.781041,225,True,1256.0416336621888,9,0.0
806224,3809,33.139798,225,True,1159.9919367045272,3,0.0
806524,3810,33.301585,225,True,1148.8634022816605,5,0.6000000000000001
806964,3811,28.533939,225,True,983.7575799262195,3,0.4
807092,3812,29.364055,225,True,1012.16218473101,4,0.8
807124,3813,21.596182,225,True,754.2472861585466,0,0.4
807424,3814,22.75857,225,True,791.1427966738213,0,0.0
807864,3815,25.353077,225,True,846.9230849235953,3,0.0
807992,3816,24.100865,225,True,844.8345894583827,0,0.0
808024,3817,32.47821,225,True,1073.5284166766414,7,0.2
808324,3818,39.460022,225,True,1334.4008764411465,8,0.0
808764,3819,28.000769,225,True,984.8307496291263,1,0.0
808892,3820,21.24232,225,True,754.492790352494,1,1.5999999999999999
808924,3821,35.523211,225,True,1205.7284429588603,6,0.0
809224,3822,35.889852,225,True,1188.3940840574683,8,0.0
809664,3823,30.774232,225,True,1026.9692705775099,8,1.7999999999999998
809792,3824,39.352776,225,True,1330.1110289712165,10,1.4
809824,3825,36.142545,225,True,1168.1018161504867,10,0.0
809992,3826,-5.425761,42,False,232.5695611664912,2,0.0
810124,3827,28.537472,225,True,958.2988678403478,4,0.0
810364,3828,13.835772,175,False,1028.6308911129854,4,2.4
810692,3829,34.153038,225,True,1171.7215366422702,6,0.8
810728,3830,11.710196,184,False,907.6078564550226,6,2.1999999999999997
811024,3831,28.444125,225,True,975.3650063366797,3,0.2
811264,3832,35.832696,225,True,1248.5078318857059,6,1.2
811592,3833,36.821114,225,True,1243.2445613964314,7,0.0
811628,3834,23.854223,225,True,846.9689190992735,4,2.6
811924,3835,33.510597,225,True,1160.4238747655972,4,0.0
812164,3836,26.714087,225,True,885.3634746875957,4,0.0
812492,3837,25.981814,225,True,891.2725694268679,3,0.8
812528,3838,22.86595,225,True,779.4380085725861,1,0.0
812824,3839,33.562914,225,True,1160.9165510595003,4,0.0
813064,3840,23.591148,225,True,803.645934203174,5,2.1999999999999997
813392,3841,26.204308,225,True,912.9723175910424,1,0.0
813428,3842,32.011772,225,True,1110.0708627778522,7,2.4
813724,3843,41.601792,225,True,1338.4716991489936,13,0.0
813964,3844,24.871967,225,True,869.2786809813515,1,0.4
814292,3845,27.287469,225,True,940.2987564972041,2,0.0
814328,3846,36.314767,225,True,1212.5906850958818,8,0.0
814624,3847,32.762935,225,True,1064.91740703684,8,0.0
814864,3848,23.264811,225,True,784.1924507942485,2,0.2
815192,3849,39.034406,225,True,1346.176247349837,6,0.0
815228,3850,38.927594,225,True,1344.3037440809462,6,0.0
815524,3851,34.613729,225,True,1121.3491647595129,12,1.9999999999999998
815764,3852,32.143118,225,True,1120.1247066715177,3,0.0
815952,3853,-6.856289,47,False,267.34843248766947,2,3.600000000000001
816092,3854,30.389363,225,True,1064.3745019982384,2,0.0
816128,3855,25.336658,225,True,878.2663387889086,1,0.0
816208,3856,-9.302711,29,False,166.29155915746014,0,2.4
816424,3857,32.020547,225,True,1131.2218983498315,2,0.0
816456,3858,5.484443,126,False,612.177729453789,6,0.2
817028,3859,27.501444,225,True,1043.2577771538786,1,3.2000000000000006
817108,3860,24.373968,225,True,850.9587395704468,3,1.7999999999999998
817324,3861,33.460375,225,True,1140.8149847085951,5,0.0
817356,3862,29.681705,225,True,1068.0682100119648,0,0.0
817928,3863,33.562819,225,True,1133.7127659259781,6,0.0
818008,3864,32.578268,225,True,1061.5307090822512,8,0.2
818224,3865,31.777567,225,True,1075.9026642227018,6,0.8
818256,3866,30.147108,225,True,1024.2843216658937,4,0.0
818828,3867,36.678791,225,True,1236.751621948521,7,0.0
818908,3868,21.053442,225,True,737.3376646746506,0,0.6000000000000001
819124,3869,27.876205,225,True,883.8481932696025,7,0.0
819156,3870,28.225652,225,True,993.8260918294097,1,0.0
819728,3871,30.065127,225,True,1041.0050664256898,5,0.6000000000000001
819808,3872,33.337533,225,True,1119.1013292901562,6,0.0
820012,3873,8.802999,222,False,870.5199799580032,4,4.200000000000001
820056,3874,22.854305,225,True,796.5722017637299,0,0.0
820628,3875,31.854406,225,True,1074.976243150155,5,0.0
820708,3876,34.99705,225,True,1201.4820118562293,9,2.4
820912,3877,26.229033,225,True,881.9613036981407,3,0.0
820956,3878,32.748452,225,True,1102.738066230428,8,1.5999999999999999
821232,3879,2.250091,131,False,626.0036446410215,0,1.7999999999999998
821528,3880,29.988961,225,True,1048.3584402162064,2,0.0
821812,3881,22.643045,225,True,778.5217975861885,2,1.0
821856,3882,39.555988,225,True,1339.0395338778812,8,0.0
822132,3883,26.178572,225,True,895.9428708923426,2,0.0
822428,3884,27.128236,225,True,932.3294445801143,3,0.6000000000000001
822712,3885,34.8591,225,True,1163.1639868492407,7,0.0
822756,3886,36.476951,225,True,1261.4780264255587,6,0.4
823032,3887,38.301439,225,True,1332.857552302331,5,0.0
823328,3888,23.786565,225,True,840.2626193620638,1,1.0
823612,3889,38.943786,225,True,1339.3514230204923,7,0.0
823656,3890,35.208804,225,True,1225.9521592262536,4,0.0
823932,3891,26.127536,225,True,861.9014556053803,4,0.0
824228,3892,26.584548,225,True,912.1819159142481,2,0.0
824512,3893,35.116667,225,True,1205.4666703620082,5,0.0
824556,3894,26.933252,225,True,953.3300970305011,1,0.4
824832,3895,21.572654,225,True,743.7061730332198,0,0.0
825128,3896,30.72726,225,True,1079.490399584201,2,0.0
825412,3897,32.953011,225,True,1152.5204337798004,3,0.0
825456,3898,26.467574,225,True,892.3029738408345,3,0.0
825732,3899,33.345783,225,True,1102.6313185946406,7,0.0
826028,3900,24.79751,225,True,845.5004052919871,2,0.2
826312,3901,34.783702,225,True,1225.7480979274255,3,0.0
826356,3902,26.221973,225,True,900.878907682174,3,0.8
826632,3903,34.865714,225,True,1211.4285525332803,5,0.6000000000000001
826928,3904,35.213384,225,True,1209.3353501446227,5,0.0
827212,3905,36.622734,225,True,1235.3093588203274,7,0.0
827256,3906,26.579108,225,True,895.9643162240745,3,0.0
827532,3907,31.508613,225,True,1072.3445330772129,5,0.4
827828,3908,26.837483,225,True,934.2993040159133,4,1.7999999999999998
828112,3909,26.07231,225,True,923.6924162444082,0,0.0
828156,3910,27.327717,225,True,959.5086954850826,1,0.0
828432,3911,26.61132,225,True,914.8527943181768,5,1.9999999999999998
828728,3912,25.818975,225,True,913.5589941538863,0,0.0
829012,3913,29.186259,225,True,1016.2503615243804,2,0.0
829056,3914,23.486096,225,True,843.4438482028359,2,1.7999999999999998
829332,3915,32.028878,225,True,1064.3551156479211,8,1.2
829628,3916,23.195928,225,True,818.2371087423489,0,0.4
829912,3917,39.299084,225,True,1343.9633594085726,7,0.0
829956,3918,30.80888,225,True,1081.9552042789542,2,0.0
830232,3919,31.322293,225,True,1069.6917264104268,4,0.0
830528,3920,36.113211,225,True,1245.3284429588107,5,0.0
830812,3921,32.585214,225,True,1105.808550001801,5,0.0
830856,3922,28.807234,225,True,988.2893527829856,5,1.2
831132,3923,27.994976,225,True,952.5990519442885,3,0.0
831428,3924,20.942083,225,True,752.083312684691,0,1.4
831712,3925,26.017337,225,True,921.4934677388928,0,0.0
831756,3926,32.80752,225,True,1130.7007835163959,4,0.0
832032,3927,36.774406,225,True,1271.7762474902452,5,0.0
832328,3928,33.51363,225,True,1110.9452118904514,11,2.6
832612,3929,28.739074,225,True,966.3629587748242,4,0.0
832656,3930,32.493992,225,True,1065.3596971733627,9,1.2
832932,3931,31.218105,225,True,1047.12419154292,7,1.2
833228,3932,30.309318,225,True,1109.1727076201441,6,4.600000000000001
833512,3933,35.573918,225,True,1159.7567018101736,12,1.9999999999999998
833556,3934,23.848699,225,True,823.5479742197858,1,0.2
833832,3935,27.832289,225,True,946.0915759864765,3,0.0
834128,3936,31.949105,225,True,1056.3642141929267,8,1.0
834412,3937,32.823396,225,True,1113.7358232611273,5,0.0
834456,3938,29.310099,225,True,1053.2039783303735,0,0.0
834732,3939,38.567587,225,True,1264.3034802023958,10,0.0
835028,3940,22.998346,225,True,786.3338356551699,3,1.4
835312,3941,27.24302,225,True,970.5208128905908,0,0.0
835356,3942,21.981734,225,True,804.8693668837279,2,3.2000000000000006
835632,3943,38.641498,225,True,1327.2599105512586,7,0.4
835928,3944,22.085879,225,True,778.6351581743679,0,0.6000000000000001
836212,3945,34.75522,225,True,1088.6088031318332,12,0.4
836256,3946,33.007308,225,True,1105.8923361406155,6,0.0
836532,3947,21.452078,225,True,753.2831195900621,1,1.2
836828,3948,36.944343,225,True,1246.5737018904774,7,0.0
837112,3949,20.991832,225,True,749.2732632934571,0,1.2
837156,3950,37.996942,225,True,1274.2776664333928,8,0.0
837264,3951,-8.694229,27,False,157.03085753755636,0,1.0
837432,3952,35.733211,225,True,1166.1284494522874,9,0.0
837728,3953,23.672278,225,True,854.8911393587041,1,1.7999999999999998
838012,3954,40.296813,225,True,1323.8725164863104,11,0.2
838164,3955,33.558799,225,True,1159.9519781155059,4,0.0
838332,3956,31.82228,225,True,1121.6911965259396,2,0.0
838628,3957,31.247452,225,True,1039.498073321025,7,0.8
838912,3958,20.977342,225,True,734.2936901471926,0,0.6000000000000001
839064,3959,31.803791,225,True,1088.9516279761483,5,0.4
839232,3960,31.072562,225,True,1061.302474781472,4,0.0
839528,3961,3.652776,116,False,612.5110563383166,1,0.0
839528,3962,31.570001,225,True,1031.6000478970855,7,0.0
839812,3963,38.797169,225,True,1331.0867621940647,8,1.0
840132,3964,35.326404,225,True,1230.6561663173802,4,0.0
840428,3965,26.544182,225,True,932.967289044627,5,2.8000000000000003
840428,3966,23.097604,225,True,823.9041545048178,1,1.0
840484,3967,-10.601936,14,False,77.52257132546629,0,0.4
840596,3968,-8.730279,28,False,163.58884873411625,0,0.4
840656,3969,-10.800024,15,False,77.5990483851474,0,1.2
840712,3970,31.462314,225,True,1059.2925529768208,5,0.0
840780,3971,3.70609,162,False,676.2436166867078,1,2.6
841328,3972,36.86745,225,True,1245.8980140425156,7,0.0
841556,3973,32.51825,225,True,1154.3300085464389,4,0.0
841612,3974,27.312954,225,True,941.3181516774282,2,0.0
841680,3975,20.024084,225,True,700.9633407752037,0,0.8
842228,3976,32.133227,225,True,1092.5290600380663,5,0.0
842456,3977,31.604697,225,True,1090.587868359487,6,1.4
842512,3978,28.526644,225,True,989.8657794917763,2,0.0
842580,3979,28.471499,225,True,923.6599556109866,6,0.0
842932,3980,-3.698161,88,False,377.67357470197317,2,2.1999999999999997
843128,3981,23.300302,225,True,796.8120797549882,1,0.0
843356,3982,29.32326,225,True,1026.5303985764872,4,1.0
843412,3983,21.576242,225,True,743.8496750219906,0,0.0
843832,3984,30.077699,225,True,1070.307954293442,1,0.0
843884,3985,6.121315,118,False,680.8526099637793,3,0.0
844028,3986,26.939205,225,True,942.3681905994054,1,0.0
844256,3987,30.613493,225,True,1031.7397085886957,7,1.5999999999999999
844528,3988,8.669332,161,False,805.1732841071359,2,0.0
844732,3989,28.272162,225,True,938.0864720298002,5,0.2
844928,3990,34.132023,225,True,1135.6809333907713,7,0.0
845156,3991,28.965422,225,True,997.8168755228478,3,0.0
845428,3992,33.681303,225,True,1161.6521203973184,6,0.2
845436,3993,13.093652,176,False,958.1460971470356,3,0.0
845828,3994,25.494051,225,True,876.5620509564842,4,1.2
846056,3995,27.067166,225,True,899.4866289560734,4,0.0
846328,3996,34.846759,225,True,1164.2703485246107,7,0.0
846336,3997,24.371224,225,True,823.648955006719,2,0.0
846728,3998,24.778905,225,True,839.9561970790664,2,0.0
846956,3999,26.956288,225,True,947.8515074987783,2,0.6000000000000001
847228,4000,25.57921,225,True,894.3684189276314,3,1.5999999999999999
847236,4001,27.611563,225,True,969.2625015076624,1,0.0
847628,4002,24.47822,225,True,864.7288199107729,1,0.6000000000000001
847756,4003,-8.36262,32,False,179.89518223034702,0,1.4
847856,4004,23.693423,225,True,812.5369267659594,1,0.0
848128,4005,32.180264,225,True,1104.0105653317528,4,0.0
848136,4006,24.388347,225,True,824.333897335795,2,0.0
848656,4007,33.678445,225,True,1083.9377913954836,9,0.0
848756,4008,26.647436,225,True,898.6974585254966,3,0.0
849028,4009,30.644549,225,True,1058.5819566723953,3,0.0
849036,4010,24.288755,225,True,858.7501939700703,0,0.0
849556,4011,26.960833,225,True,900.0333080199623,4,0.2
849656,4012,28.928546,225,True,1014.7418560109018,3,1.0
849928,4013,27.720851,225,True,950.434027836947,4,0.0
849936,4014,22.796803,225,True,799.8721278358494,0,0.0
850456,4015,28.215278,225,True,1011.8111250580121,0,0.0
850556,4016,32.933785,225,True,1178.951417650253,2,0.0
850828,4017,26.251301,225,True,914.8520592429236,2,0.6000000000000001
850836,4018,33.481453,225,True,1103.2581211204829,8,0.4
851356,4019,25.29663,225,True,844.6651910187893,3,0.0
851456,4020,25.593006,225,True,914.1202370888861,0,0.4
851728,4021,31.201009,225,True,1119.240374969835,4,1.9999999999999998
851736,4022,32.242648,225,True,1069.7059159311002,7,0.4
852256,4023,32.979351,225,True,1137.5740581600412,5,0.4
852356,4024,32.624202,225,True,1161.768073443901,5,2.1999999999999997
852628,4025,29.759158,225,True,1045.5663163501288,5,2.1999999999999997
852636,4026,28.046944,225,True,970.677761391908,2,0.0
853156,4027,31.587603,225,True,1113.104125950701,2,0.0
853256,4028,23.498328,225,True,804.7331008474498,1,0.0
853528,4029,23.330699,225,True,820.4279536458382,0,0.0
853536,4030,20.10371,225,True,742.5483839165295,0,2.4
854056,4031,37.221779,225,True,1259.2711791409774,7,0.0
854156,4032,30.736339,225,True,1055.8535416225,5,0.8
854428,4033,32.806524,225,True,1100.2609705972664,6,0.0
854436,4034,27.012164,225,True,953.2865417849994,2,1.0
854956,4035,22.964729,225,True,799.3891505991587,0,0.0
855056,4036,33.026123,225,True,1059.4449131831457,9,0.0
855328,4037,24.540447,225,True,835.2178831370511,2,0.2
855336,4038,38.731993,225,True,1303.6797039212374,8,0.0
855856,4039,33.052851,225,True,1095.7140273722107,7,0.2
855892,4040,7.594819,209,False,854.1927779392829,6,6.600000000000003
856228,4041,37.06442,225,True,1254.5768033615227,7,0.0
856236,4042,24.450177,225,True,811.6070873192666,3,0.0
856756,4043,32.774003,225,True,1079.7601093953986,7,0.0
856792,4044,33.563211,225,True,1143.328454171257,5,0.0
857128,4045,30.090325,225,True,1052.413003922848,2,0.0
857136,4046,35.556815,225,True,1247.8725972264206,4,0.0
857656,4047,38.083035,225,True,1314.521392851982,6,0.2
857692,4048,22.285398,225,True,772.2159249163919,0,0.0
858028,4049,35.120848,225,True,1212.0339258156346,5,0.0
858036,4050,29.195447,225,True,968.6178936113549,5,0.0
858556,4051,24.784503,225,True,824.180138766041,3,0.0
858592,4052,33.78108,225,True,1170.443219818313,5,0.2
858928,4053,37.117468,225,True,1250.2987129168187,8,0.2
858936,4054,33.511985,225,True,1157.2793973123266,5,0.6000000000000001
859456,4055,22.533042,225,True,766.1216983027878,1,0.0
859492,4056,38.411904,225,True,1322.8761419767243,6,0.0
859828,4057,21.987371,225,True,750.6948207524922,1,0.0
859836,4058,23.203658,225,True,781.7463042590484,3,0.6000000000000001
860356,4059,21.928039,225,True,757.9215507740219,0,0.0
860364,4060,9.39378,132,False,754.1511902459763,8,1.0
860392,4061,22.240632,225,True,855.2252637883591,2,4.600000000000001
860628,4062,11.280512,200,False,925.620466473893,2,0.0
861256,4063,30.565394,225,True,1071.4157520717058,2,0.0
861264,4064,25.244229,225,True,885.7691444851196,1,0.4
861292,4065,38.243094,225,True,1322.523745458158,6,0.0
861528,4066,29.094413,225,True,970.9765071490597,5,0.0
862156,4067,27.935319,225,True,982.2127485929907,1,0.0
862164,4068,30.648352,225,True,1081.1340840509124,2,0.0
862192,4069,23.885564,225,True,841.0225402384845,0,0.2
862428,4070,22.738074,225,True,796.7229723857456,3,1.7999999999999998
862972,4071,20.834623,204,False,1219.7849064074098,6,0.0
863064,4072,24.002196,225,True,831.2878530575385,1,0.2
863092,4073,23.225901,225,True,814.6360361495151,0,0.2
863328,4074,24.28306,225,True,842.5224106632261,1,0.0
863628,4075,3.291968,141,False,630.8787150697406,2,1.5999999999999999
863872,4076,24.087293,225,True,822.6917229792009,2,0.4
863992,4077,21.749766,225,True,750.7906395445168,0,0.0
864228,4078,30.018002,225,True,1033.520081510532,3,0.0
864456,4079,10.022956,146,False,787.3182548840709,7,0.6000000000000001
864528,4080,29.056946,225,True,1011.077838939678,2,0.0
864892,4081,33.706774,225,True,1149.0709601591475,5,0.0
864904,4082,5.343165,112,False,664.1265972188353,2,0.0
865128,4083,35.927617,225,True,1206.7046780524533,7,0.0
865428,4084,33.094396,225,True,1108.5758224274737,9,1.9999999999999998
865792,4085,36.000288,225,True,1193.6115043292766,8,0.0
865804,4086,29.84257,225,True,1058.5027909115752,1,0.0
866028,4087,26.17126,225,True,902.05038410933,2,0.0
866328,4088,23.741753,225,True,851.2701258365062,1,0.8
866692,4089,23.308458,225,True,849.9383230541312,1,1.4
866704,4090,30.30519,225,True,1077.0075877008767,1,0.0
866928,4091,36.227853,225,True,1219.5141105317684,7,0.0
867228,4092,36.154993,225,True,1182.9997191994203,9,0.0
867592,4093,38.209704,225,True,1319.5881713537588,6,0.0
867604,4094,31.378564,225,True,1087.94255173281,3,0.0
867828,4095,32.475657,225,True,1085.4262913618659,6,0.0
867880,4096,-4.432789,69,False,313.8884584796949,0,0.4
868128,4097,28.702745,225,True,966.5097966064607,4,0.0
868492,4098,25.2679,225,True,891.5160177900163,0,0.0
868728,4099,28.51383,225,True,1005.3532030736978,1,0.0
868780,4100,33.231047,225,True,1170.0418696263168,3,0.0
869028,4101,22.3486,225,True,763.5440014641622,1,0.2
869392,4102,25.156731,225,True,855.0692357262901,2,0.0
869628,4103,20.240904,225,True,690.4361616232036,0,0.0
869680,4104,40.153219,225,True,1344.5287423983768,9,0.0
869928,4105,29.278981,225,True,1019.9592410964349,2,0.0
870292,4106,31.183846,225,True,1072.1538469315014,4,0.0
870528,4107,27.634165,225,True,986.1666147890535,0,0.0
870580,4108,23.171371,225,True,791.6548515453453,1,0.0
870828,4109,23.024134,225,True,852.965358337467,1,2.8000000000000003
871192,4110,28.167784,225,True,961.1113415287646,5,1.4
871428,4111,25.359462,225,True,895.1784610516652,0,0.0
871480,4112,34.39191,225,True,1186.0764079506935,6,1.0
871728,4113,28.2888,225,True,932.3519911471085,5,0.0
872092,4114,23.053417,225,True,802.9366627128572,0,0.0
872328,4115,30.592576,225,True,1013.3030481767269,7,0.8
872380,4116,30.272001,225,True,1061.280042281337,2,0.0
872528,4117,-6.164168,37,False,218.23329372175294,1,0.0
872628,4118,18.612756,225,True,721.3102280455089,0,4.000000000000001
872992,4119,21.347711,225,True,824.3084572323742,2,4.800000000000002
873228,4120,34.013211,225,True,1161.3284429588098,5,0.0
873428,4121,38.712968,225,True,1262.9187071189776,12,1.0
873528,4122,30.665628,225,True,1012.2251110006598,6,0.0
873892,4123,24.288084,225,True,836.3233527761533,1,0.0
874128,4124,24.536871,225,True,862.2748569565224,0,0.0
874328,4125,33.411407,225,True,1235.6562871248643,8,5.600000000000002
874428,4126,19.514069,225,True,752.5627600464952,0,3.800000000000001
874792,4127,27.977553,225,True,950.3021008732251,6,1.5999999999999999
875028,4128,35.603024,225,True,1256.9209457688553,3,0.0
875184,4129,-6.264194,39,False,230.23224115783069,0,0.0
875228,4130,30.494473,225,True,1036.5789390765524,4,0.0
875328,4131,21.174322,225,True,740.5728758736595,1,1.2
875692,4132,31.368146,225,True,1068.325857856546,7,1.7999999999999998
876084,4133,27.013211,225,True,945.3284434082175,1,0.0
876128,4134,25.30165,225,True,892.865986530237,0,0.0
876228,4135,24.035277,225,True,842.2110609783458,0,0.0
876592,4136,35.049223,225,True,1224.3689031558652,5,0.6000000000000001
876984,4137,35.897429,225,True,1210.2971435132818,7,0.2
877028,4138,33.127272,225,True,1087.4908789243236,9,0.8
877128,4139,37.399236,225,True,1265.5694295981275,7,0.0
877492,4140,30.803649,225,True,1048.9459417783542,4,0.0
877884,4141,38.200302,225,True,1284.0120654483844,8,0.0
877928,4142,21.715606,225,True,757.424232385516,1,1.0
878028,4143,32.259855,225,True,1123.1941836658293,3,0.0
878392,4144,23.900156,225,True,836.8062202790497,0,0.0
878784,4145,21.219774,225,True,729.5909607802193,0,0.0
878828,4146,22.94029,225,True,782.4115937712818,1,0.0
878928,4147,31.28621,225,True,1162.6483929619844,3,3.2000000000000006
879292,4148,30.960028,225,True,1071.201119837689,3,0.0
879684,4149,28.4263,225,True,960.2520191216777,4,0.0
879728,4150,33.518768,225,True,1119.1507177034614,8,1.0
879828,4151,29.016413,225,True,992.6565004641998,5,1.2
879960,4152,-0.861571,69,False,398.3371484945492,3,0.0
880192,4153,29.984638,225,True,1000.185512052677,5,0.0
880628,4154,31.393492,225,True,1063.7396600605744,5,0.0
880728,4155,36.02881,225,True,1242.7523922900646,5,0.0
880860,4156,22.51588,225,True,782.2351935597808,0,0.0
881092,4157,27.5141,225,True,933.3640049232697,3,0.0
881288,4158,2.404737,165,False,582.589495654089,0,0.2
881292,4159,-4.241002,50,False,293.5599131581978,2,0.6000000000000001
881628,4160,39.998382,225,True,1342.3352882054714,9,0.2
881760,4161,22.219358,225,True,769.5743375024856,0,0.0
882188,4162,37.607638,225,True,1263.505502979117,9,0.8
882192,4163,22.335047,225,True,811.0018643498695,1,2.1999999999999997
882528,4164,29.712464,225,True,976.4985784171004,8,1.2
882660,4165,31.847616,225,True,1091.5046378762513,4,0.0
883088,4166,35.380563,225,True,1240.02253362402,4,0.0
883092,4167,26.144797,225,True,910.5918628788177,1,0.0
883428,4168,26.938158,225,True,894.3263382277853,4,0.0
883560,4169,35.797596,225,True,1169.503823324033,9,0.0
883988,4170,36.587128,225,True,1265.8851299577095,5,0.0
883992,4171,27.22193,225,True,989.6771999252983,2,1.5999999999999999
884328,4172,35.814823,225,True,1217.3929047375518,6,0.0
884460,4173,35.041851,225,True,1175.2740531979098,8,0.8
884888,4174,31.636971,225,True,1055.0788366503834,7,0.8
884892,4175,22.116231,225,True,765.4492522201745,0,0.0
885228,4176,37.564132,225,True,1210.5652814231353,12,0.8
885360,4177,23.596584,225,True,834.2633403994257,0,0.4
885788,4178,39.797384,225,True,1321.495357430826,12,1.5999999999999999
885792,4179,22.883359,225,True,807.3343426735428,2,1.7999999999999998
886128,4180,34.484353,225,True,1162.5741301370872,7,0.6000000000000001
886260,4181,30.151944,225,True,1062.8777686534731,6,3.0000000000000004
886688,4182,21.496046,225,True,748.6418520925463,1,1.0
886692,4183,33.484998,225,True,1159.399918289619,7,1.7999999999999998
887028,4184,30.477203,225,True,1035.0881015413017,5,0.6000000000000001
887160,4185,29.533639,225,True,1046.1455515986345,1,0.0
887588,4186,31.489042,225,True,1125.961697070064,5,2.1999999999999997
887592,4187,32.364284,225,True,1088.9713770321077,7,0.8
887928,4188,26.938289,225,True,922.3315760812598,5,1.7999999999999998
888060,4189,29.078923,225,True,979.956939924261,4,0.0
888488,4190,31.965621,225,True,1096.2248349465067,4,0.0
888492,4191,28.698332,225,True,1012.73326279206,1,0.0
888828,4192,31.02874,225,True,1091.5496175010499,2,0.0
888960,4193,34.963014,225,True,1184.9205685085458,6,0.0
889024,4194,-4.624855,49,False,289.405781459104,1,0.4
889388,4195,26.354216,225,True,891.7686514463544,3,0.2
889392,4196,29.215641,225,True,937.4256327767794,7,0.0
889860,4197,28.002144,225,True,936.8857593808921,4,0.0
889924,4198,30.845754,225,True,1073.0301637514926,3,0.2
889996,4199,7.373327,151,False,745.3330750121154,7,3.400000000000001
890288,4200,37.783211,225,True,1232.1284429599473,10,0.0
890760,4201,35.512052,225,True,1210.082066494214,7,0.8
890824,4202,24.03061,225,True,846.8244177082731,0,0.2
890896,4203,26.598802,225,True,991.9520904625031,1,2.6
891188,4204,30.480953,225,True,1092.038104368727,4,2.1999999999999997
891660,4205,20.946402,225,True,761.8560600149383,0,1.7999999999999998
891724,4206,37.02299,225,True,1283.31959644469,5,0.0
891796,4207,25.389672,225,True,880.3868726040189,1,0.0
892088,4208,35.997565,225,True,1233.5025821251088,12,4.000000000000001
892560,4209,32.739537,225,True,1142.3814990480823,3,0.0
892624,4210,27.697485,225,True,924.699388733995,4,0.0
892696,4211,30.400261,225,True,1032.8104228970465,4,0.0
892988,4212,30.677383,225,True,1043.895334458186,4,0.0
893460,4213,18.829794,225,True,779.591776380716,2,7.400000000000004
893524,4214,35.474399,225,True,1235.7759463157,4,0.0
893596,4215,23.787288,225,True,997.891511915288,2,8.200000000000003
893668,4216,-6.714001,36,False,212.2399447348903,0,0.0
893888,4217,33.007457,225,True,1153.0982903874587,3,0.0
894228,4218,13.985708,158,False,944.2283257211027,6,0.0
894360,4219,22.008907,225,True,884.3562608564714,4,7.800000000000004
894568,4220,25.968124,225,True,943.5249450863339,4,3.600000000000001
894788,4221,32.883775,225,True,1112.9509924037693,7,1.2
895128,4222,29.255516,225,True,1027.0206274882619,3,0.4
895260,4223,34.702544,225,True,1203.3017539696157,6,1.0
895468,4224,25.961098,225,True,943.243936795232,2,1.7999999999999998
895688,4225,28.465956,225,True,971.438224882861,7,2.6
896028,4226,36.66933,225,True,1261.1731917426941,7,0.0
896160,4227,29.904104,225,True,1028.964141198788,3,0.0
896368,4228,25.015489,225,True,948.6195687947861,0,2.8000000000000003
896400,4229,-2.332015,93,False,372.31939636158677,1,0.0
896588,4230,32.780532,225,True,1172.8212766740803,2,0.0
896992,4231,20.292944,208,False,1215.7177539078893,5,0.0
897268,4232,21.085741,225,True,793.0296421090382,2,4.200000000000001
897300,4233,32.025408,225,True,1070.6163226806266,6,0.2
897488,4234,32.007378,225,True,1063.4951036456118,8,1.2
897892,4235,21.097824,225,True,863.9129773365694,0,5.8000000000000025
898168,4236,25.889015,225,True,877.9605959144023,3,0.4
898200,4237,28.480863,225,True,988.0345189775992,3,0.6000000000000001
898388,4238,26.753625,225,True,934.9449964190148,4,1.9999999999999998
898792,4239,33.540128,225,True,1177.605122090104,5,1.4
899068,4240,30.171215,225,True,986.8485974684672,7,0.4
899100,4241,38.861395,225,True,1281.6557887737613,14,2.6
899288,4242,20.160748,225,True,720.8299197800848,0,1.4
899692,4243,36.003612,225,True,1216.9444935489382,12,3.600000000000001
899740,4244,-0.020958,113,False,470.36167144902265,3,1.5999999999999999
899940,4245,-6.316464,50,False,256.94142941850714,3,3.2000000000000006
899968,4246,24.103844,225,True,849.7537447558461,0,0.2
900000,4247,25.70861,225,True,926.7444051979546,1,1.4
900592,4248,19.30235,225,True,772.8940023429066,0,5.000000000000002
900840,4249,38.823211,225,True,1337.7284429588103,6,0.0
900868,4250,30.612998,225,True,1097.3199206196682,6,3.600000000000001
900900,4251,38.362016,225,True,1309.6806201612708,7,0.2
901492,4252,38.683025,225,True,1333.7209875009898,6,0.0
901740,4253,41.460009,225,True,1345.6003473679298,14,1.2
901768,4254,32.782958,225,True,1093.7183374953693,8,1.2
901800,4255,38.966455,225,True,1344.2581860879259,7,0.6000000000000001
902392,4256,35.861692,225,True,1139.2676695597074,12,0.6000000000000001
902640,4257,37.285708,225,True,1293.8283118412774,5,0.0
902668,4258,28.484568,225,True,1047.3827066823396,6,4.800000000000002
902700,4259,36.369592,225,True,1257.1836794111728,5,0.0
903292,4260,35.489351,225,True,1234.7740259258348,7,1.5999999999999999
903540,4261,34.661032,225,True,1147.2412876347385,8,0.0
903568,4262,31.30684,225,True,1058.6735843696883,7,1.0
903600,4263,24.409299,225,True,825.1719688541834,2,0.0
904008,4264,6.318305,117,False,678.3322067629108,6,1.5999999999999999
904192,4265,38.894406,225,True,1324.5762499009916,7,0.0
904468,4266,21.477541,225,True,759.1016373346754,0,0.8
904500,4267,28.693157,225,True,980.526292986478,3,0.0
904908,4268,25.936611,225,True,902.2644549311249,1,0.0
905028,4269,8.560733,132,False,748.0293182084392,6,0.8
905092,4270,35.791682,225,True,1206.8672740906377,7,0.0
905368,4271,29.96573,225,True,1041.029191287552,3,0.4
905808,4272,35.881754,225,True,1189.6701491606618,8,0.0
905928,4273,33.718197,225,True,1135.1278625613722,6,0.0
905992,4274,28.899876,225,True,1020.7950396086874,1,0.0
906268,4275,28.168392,225,True,981.1356947822289,5,2.1999999999999997
906708,4276,28.018116,225,True,1001.5246406642148,0,0.0
906828,4277,21.85729,225,True,772.6915810228172,1,1.4
906892,4278,36.593346,225,True,1278.933856467927,5,0.0
907168,4279,31.858776,225,True,1123.9510336685103,2,0.0
907436,4280,-3.258015,67,False,377.67941459903886,2,2.4
907608,4281,29.281255,225,True,976.8501873492094,5,0.2
907728,4282,36.489199,225,True,1241.167955687186,7,0.4
907792,4283,26.488337,225,True,940.3334694149596,0,0.0
908336,4284,36.997342,225,True,1226.2936809048201,13,2.6
908508,4285,37.402452,225,True,1254.4980847629222,9,0.8
908628,4286,26.164068,225,True,869.7627351022693,4,0.2
908692,4287,23.045035,225,True,805.8013854778494,1,0.8
909236,4288,29.067532,225,True,1016.3012682798342,2,0.2
909408,4289,23.991325,225,True,840.4529982636416,0,0.0
909528,4290,21.753287,225,True,750.9314982868009,0,0.0
909592,4291,22.504215,225,True,755.3686101015701,2,0.0
910136,4292,32.671238,225,True,1115.6495063995467,5,0.0
910308,4293,16.441345,225,True,682.4537988320074,0,6.000000000000003
910352,4294,12.550607,190,False,913.2242661679388,6,0.6000000000000001
910428,4295,26.914608,225,True,893.3843277156332,4,0.0
911036,4296,27.006161,225,True,913.0464531414366,3,0.0
911208,4297,27.672528,225,True,971.7011133830208,1,0.0
911252,4298,37.478405,225,True,1236.7361922154428,9,0.0
911328,4299,32.469049,225,True,1104.3619417745308,10,3.2000000000000006
911936,4300,29.001888,225,True,1032.875528600375,2,1.0
912108,4301,25.686493,225,True,844.2597283524603,4,0.0
912152,4302,20.968286,225,True,754.7314466505593,0,1.2
912228,4303,30.325513,225,True,1075.420522533756,2,0.0
912836,4304,34.788241,225,True,1209.1296282528656,4,0.0
913008,4305,35.266161,225,True,1213.0464390631328,5,0.0
913052,4306,33.648435,225,True,1115.537418048811,7,0.0
913128,4307,35.558807,225,True,1207.9522991689569,6,0.0
913432,4308,-2.110668,106,False,397.1732748532272,0,0.0
913736,4309,32.772578,225,True,1158.103136858373,3,0.0
913952,4310,28.122069,225,True,1036.08274446911,5,4.200000000000001
914028,4311,22.784107,225,True,772.9642758962284,2,0.0
914332,4312,23.09951,225,True,788.78041824157,1,0.0
914636,4313,35.334395,225,True,1262.1758186791217,2,0.0
914852,4314,36.120412,225,True,1181.6164820967565,9,0.0
914928,4315,28.921473,225,True,973.6589089547397,4,0.0
915232,4316,22.290212,225,True,802.80846089905,1,1.5999999999999999
915336,4317,-9.636251,26,False,150.54996036237435,0,1.5999999999999999
915536,4318,33.482654,225,True,1162.5061606493532,5,0.6000000000000001
915752,4319,25.81408,225,True,897.3632013891306,1,0.0
915828,4320,24.355814,225,True,848.632542466232,1,0.4
916236,4321,21.443031,225,True,744.9212473598875,0,0.0
916436,4322,33.452954,225,True,1172.5181762116054,3,0.0
916652,4323,22.896564,225,True,782.2625524254868,1,0.0
916728,4324,30.115087,225,True,987.8034913443264,10,1.7999999999999998
917136,4325,22.223279,225,True,769.7311765933073,0,0.0
917336,4326,34.741458,225,True,1222.4583071703391,3,0.0
917552,4327,28.178312,225,True,975.9324700213429,2,0.0
917628,4328,22.895563,225,True,780.6225384521331,1,0.0
918036,4329,32.668906,225,True,1099.5562431540397,7,0.0
918236,4330,27.667673,225,True,949.1069221920873,3,0.4
918452,4331,24.331943,225,True,854.0777270632973,0,0.0
918528,4332,29.194413,225,True,968.5765073473904,5,0.0
918936,4333,30.727346,225,True,1029.893830367465,5,0.0
919136,4334,24.102546,225,True,844.9018332711353,0,0.0
919352,4335,33.600707,225,True,1120.828280422771,9,0.4
919428,4336,27.488363,225,True,916.3345229495474,4,0.0
919836,4337,24.260066,225,True,835.2026269987689,1,0.0
920036,4338,31.637618,225,True,1091.904738598243,6,1.5999999999999999
920252,4339,33.585074,225,True,1160.2029481068507,4,0.0
920328,4340,31.913359,225,True,1029.3343497547362,8,0.0
920736,4341,30.401473,225,True,1047.2589310307706,5,1.0
920936,4342,32.190616,225,True,1066.0246427097723,7,0.4
921152,4343,35.361312,225,True,1223.2524860574945,5,0.0
921228,4344,25.511788,225,True,885.2715156770796,1,0.0
921500,4345,2.535689,87,False,518.2275694113052,4,0.0
921636,4346,24.064234,225,True,795.3693713458317,3,0.0
921836,4347,28.516401,225,True,1005.4560468912043,1,0.0
921920,4348,-3.430664,71,False,343.57342531945756,0,0.0
922128,4349,24.491715,225,True,860.4686164213092,0,0.0
922400,4350,28.108221,225,True,941.1288368459789,4,0.0
922736,4351,26.869472,225,True,907.5788639664697,3,0.0
922820,4352,36.833143,225,True,1195.7257152425764,10,0.0
923028,4353,25.559635,225,True,903.1854073045063,0,0.0
923300,4354,32.475653,225,True,1115.8261336401606,4,0.0
923636,4355,32.580599,225,True,1153.6239553240666,2,0.0
923720,4356,36.545893,225,True,1248.235721293498,6,0.0
923928,4357,26.608906,225,True,897.9562304558358,3,0.0
924200,4358,24.084323,225,True,826.5729084086015,2,0.6000000000000001
924536,4359,27.987718,225,True,941.1087119625145,4,0.2
924620,4360,30.913119,225,True,1085.3247403118685,3,0.6000000000000001
924828,4361,28.301563,225,True,1029.6625341495321,1,0.8
925100,4362,28.506788,225,True,1027.471523751331,1,0.6000000000000001
925436,4363,26.779126,225,True,940.7650368021277,4,2.1999999999999997
925520,4364,33.133518,225,True,1178.140719445777,6,1.9999999999999998
925728,4365,33.12049,225,True,1125.6195986709195,5,0.0
926000,4366,25.760902,225,True,895.2360646680279,1,0.0
926336,4367,24.570386,225,True,852.4154428970844,1,0.2
926420,4368,30.359536,225,True,1077.5814515117827,6,3.2000000000000006
926628,4369,27.391812,225,True,989.2724739440919,0,0.0
926900,4370,36.568211,225,True,1264.3284562138579,5,0.0
927236,4371,28.843573,225,True,1034.5429040632189,0,0.0
927320,4372,35.300617,225,True,1204.0246870726578,6,0.0
927528,4373,25.522993,225,True,879.3197342846333,2,0.4
927800,4374,26.745017,225,True,979.4006840783866,2,1.9999999999999998
928136,4375,23.65429,225,True,842.9715824909701,0,0.4
928220,4376,29.157245,225,True,1008.6897922749743,4,1.0
928428,4377,30.005458,225,True,999.4183008549207,7,1.2
928700,4378,28.025222,225,True,969.8088995006738,2,0.0
929036,4379,31.356736,225,True,1093.4694472797942,4,0.4
929120,4380,29.694801,225,True,1031.7920593468784,5,1.4
929328,4381,24.442787,225,True,864.9114624203546,2,1.5999999999999999
929600,4382,30.831246,225,True,1082.0498493768696,4,0.0
929936,4383,20.109065,225,True,705.9626053398586,0,0.6000000000000001
930020,4384,24.727676,225,True,853.90703673846,1,0.0
930228,4385,24.025501,225,True,853.0200245520459,0,0.0
930500,4386,22.439947,225,True,768.7978779045143,1,0.0
930836,4387,33.382229,225,True,1131.2891478516735,6,0.4
930920,4388,35.490955,225,True,1242.8382082668518,4,0.0
931128,4389,36.105728,225,True,1231.429135244235,6,0.0
931168,4390,7.928315,167,False,834.7325849084655,3,3.0000000000000004
931368,4391,-5.748558,60,False,306.8576940548994,0,1.5999999999999999
931736,4392,26.997643,225,True,978.3057330927797,3,1.5999999999999999
931820,4393,30.317867,225,True,1103.1146746707764,3,0.4
932068,4394,23.969129,225,True,841.1651415743461,2,1.4
932268,4395,28.61935,225,True,1015.9739896530803,1,0.0
932636,4396,33.881656,225,True,1212.0662349351114,6,0.8
932720,4397,24.21419,225,True,844.5676053473726,3,1.2
932968,4398,27.227148,225,True,1003.4859151058188,2,0.8
933168,4399,23.418729,225,True,886.3491725502072,3,4.800000000000002
933536,4400,22.851386,225,True,792.4554493944036,2,1.2
933620,4401,31.565869,225,True,1111.4347774291982,2,0.0
933868,4402,26.939637,225,True,951.9854939736988,1,0.4
934068,4403,25.732847,225,True,930.9138622008031,2,2.1999999999999997
934436,4404,35.144746,225,True,1208.9898284117785,6,0.0
934520,4405,22.150299,225,True,766.8119481208273,0,0.0
934768,4406,29.444099,225,True,1042.5639604122616,1,0.0
934860,4407,-10.106462,23,False,131.74150342751068,0,1.5999999999999999
934968,4408,37.173824,225,True,1262.1529464923874,7,0.0
935336,4409,27.70165,225,True,924.8659913172312,4,0.0
935420,4410,28.607597,225,True,1015.5038669090382,1,0.0
935560,4411,6.376308,175,False,739.8523158002297,3,1.2
935868,4412,24.393546,225,True,856.541835689183,0,0.0
935908,4413,-2.92252,122,False,380.69920131570575,0,0.4
936236,4414,29.718275,225,True,1053.5309845434303,5,2.6
936460,4415,22.468463,225,True,798.7385245633675,1,1.2
936768,4416,36.123211,225,True,1229.7284429588099,6,0.0
936808,4417,30.849719,225,True,1098.788765525981,1,0.0
937136,4418,38.417617,225,True,1258.3046668336142,10,0.0
937360,4419,29.257548,225,True,979.9019048842174,6,1.0
937668,4420,38.051838,225,True,1325.2735395719556,5,0.0
937708,4421,24.376467,225,True,839.8586684537288,1,0.0
938036,4422,27.892793,225,True,964.511733497721,2,0.0
938260,4423,28.019613,225,True,1001.5845182307432,7,4.400000000000001
938568,4424,33.721451,225,True,1156.058051808397,5,0.2
938608,4425,27.202978,225,True,941.7191075739136,2,0.2
938936,4426,31.617277,225,True,1049.4910671682596,6,0.0
939160,4427,35.908907,225,True,1163.5562746583587,10,0.0
939468,4428,28.4438,225,True,1018.5520000715151,0,0.0
939508,4429,23.24335,225,True,804.133983306333,1,0.4
939836,4430,24.709344,225,True,821.1737718274451,3,0.0
940060,4431,28.179526,225,True,934.3810462095273,5,0.0
940368,4432,26.150168,225,True,961.2067343240728,2,2.1999999999999997
940408,4433,21.483341,225,True,749.7336393799462,0,0.4
940660,4434,16.779001,206,False,1088.7600480818323,4,0.0
940960,4435,23.686419,225,True,857.056772335038,0,1.2
941268,4436,24.654505,225,True,844.5802015053098,2,0.4
941308,4437,20.133844,225,True,705.3537526421883,0,0.8
941560,4438,24.56858,225,True,863.5432087072531,0,0.0
941860,4439,30.3357,225,True,1063.8280119965775,2,0.0
942168,4440,29.598831,225,True,1023.153239523396,3,0.0
942208,4441,27.559385,225,True,983.1754145582051,0,0.0
942276,4442,5.929761,179,False,702.7904434076179,2,0.2
942760,4443,24.968241,225,True,883.5296281236351,3,1.4
943068,4444,28.028613,225,True,960.3445053849716,3,0.2
943108,4445,33.383754,225,True,1153.7501533497348,4,0.0
943176,4446,22.38791,225,True,792.3163812068194,0,0.4
943660,4447,22.584722,225,True,832.1888671105012,4,4.400000000000001
943968,4448,33.253279,225,True,1114.9311562219923,6,0.0
944008,4449,22.899731,225,True,796.7892522755108,0,0.0
944076,4450,28.8434,225,True,1008.93598305467,2,0.2
944560,4451,29.719162,225,True,1002.3664864438304,5,0.0
944868,4452,33.731581,225,True,1164.4632512274598,9,1.9999999999999998
944908,4453,33.943493,225,True,1206.5397165354934,3,0.6000000000000001
944976,4454,22.74735,225,True,801.8940143775885,1,0.6000000000000001
945460,4455,25.8149,225,True,904.5959944443525,3,1.5999999999999999
945768,4456,26.76572,225,True,904.2287824707312,3,0.0
945808,4457,26.067108,225,True,907.4843318529313,1,0.0
945876,4458,24.648616,225,True,892.3446446723974,0,0.8
946360,4459,29.311965,225,True,1035.678611412234,3,0.8
946536,4460,-5.514157,44,False,260.2337267037383,0,0.0
946668,4461,28.008254,225,True,1005.1301676607525,1,0.8
946708,4462,24.851671,225,True,830.0668545177934,4,0.8
946776,4463,27.518883,225,True,955.9553241106205,2,0.0
947436,4464,33.304219,225,True,1068.968744364237,9,0.0
947568,4465,23.080237,225,True,807.2094928620529,1,0.8
947608,4466,35.177432,225,True,1176.697291418874,7,0.0
947676,4467,23.876984,225,True,832.6793616802504,3,0.4
948336,4468,40.179045,225,True,1273.5617877836066,15,0.6000000000000001
948468,4469,30.681859,225,True,1050.4743798152276,4,0.2
948508,4470,37.071684,225,True,1214.8673724995238,10,0.4
948576,4471,24.22164,225,True,859.2655956982846,1,0.8
949236,4472,24.459117,225,True,859.1646694269573,0,0.0
949368,4473,27.953434,225,True,950.9373697429835,3,0.0
949408,4474,36.158797,225,True,1279.9518885256975,3,0.0
949476,4475,32.622821,225,True,1163.312838270197,3,1.0
950096,4476,6.473895,155,False,761.3558039083237,2,2.1999999999999997
950136,4477,36.461953,225,True,1224.0781149300415,9,0.0
950268,4478,29.505144,225,True,1045.0057610476238,1,0.0
950308,4479,25.910678,225,True,874.0271065465474,3,0.2
950568,4480,7.324456,118,False,695.3782288216312,5,0.0
950980,4481,0.021322,103,False,529.6528792113293,1,2.6
951036,4482,18.430541,225,True,752.421653161804,0,5.600000000000002
951168,4483,24.918538,225,True,830.3415218364446,3,0.0
951208,4484,36.084603,225,True,1220.9841271147034,8,0.2
951880,4485,26.84876,225,True,945.1503885171928,3,0.2
951936,4486,32.546944,225,True,1074.677779503781,8,0.8
952068,4487,23.21347,225,True,831.7387929172173,1,0.6000000000000001
952108,4488,34.341548,225,True,1230.4619135118455,2,0.0
952148,4489,-6.861145,53,False,246.35421751990884,1,1.7999999999999998
952780,4490,21.908233,225,True,741.1293136951829,1,0.0
952968,4491,24.150239,225,True,824.4095674449259,2,0.4
953008,4492,21.196894,225,True,731.8757511340211,2,1.2
953048,4493,30.661732,225,True,1091.2692751564728,3,0.8
953680,4494,35.399523,225,True,1179.980937646863,8,0.4
953868,4495,34.305847,225,True,1159.4338902088693,6,0.0
953908,4496,25.302416,225,True,876.8966427290673,1,0.0
953948,4497,37.52852,225,True,1282.7408068397108,10,2.4
954580,4498,26.05846,225,True,923.138414052723,0,0.0
954768,4499,28.307409,225,True,971.4963605788221,3,0.0
954808,4500,29.718941,225,True,1037.5576251614702,2,0.0
954848,4501,23.819717,225,True,830.3886842440184,2,1.2
955480,4502,26.998877,225,True,944.7550915341105,1,0.0
955668,4503,27.124959,225,True,956.1983552925094,1,0.0
955708,4504,31.402746,225,True,1111.3098265032704,2,0.0
955748,4505,26.276504,225,True,927.0601786882557,4,2.4
956380,4506,33.432141,225,True,1091.6856573582218,10,1.4
956568,4507,30.362676,225,True,1064.9070316266052,2,0.0
956608,4508,27.107742,225,True,953.9096835984317,1,0.2
956648,4509,34.136056,225,True,1199.8422472120542,3,0.0
957280,4510,31.193145,225,True,1048.5257881526013,5,0.0
957468,4511,37.342246,225,True,1238.4898444820365,9,0.2
957508,4512,26.3525,225,True,998.8999961166744,2,1.0
957548,4513,27.170414,225,True,887.6165706163486,5,0.0
958180,4514,31.073687,225,True,1027.7474623123096,6,0.0
958368,4515,28.371287,225,True,1002.8514893889242,5,1.5999999999999999
958408,4516,31.575742,225,True,1162.2296669839789,3,1.0
958448,4517,27.150853,225,True,966.834104759215,0,0.0
959080,4518,28.356801,225,True,983.0720266386422,2,0.0
959268,4519,26.434711,225,True,938.1884358487234,0,0.0
959308,4520,26.750288,225,True,902.8115357311051,3,0.0
959348,4521,23.982243,225,True,816.0897146599257,3,1.0
959980,4522,23.723311,225,True,908.13243126522,2,4.000000000000001
960168,4523,27.760832,225,True,911.2332751161932,5,0.0
960208,4524,21.211026,225,True,729.2410226070247,0,0.0
960248,4525,41.92122,225,True,1290.4488080642527,18,0.8
960880,4526,23.399867,225,True,816.7946832547827,0,0.0
961068,4527,23.055042,225,True,787.8016918310204,1,0.0
961108,4528,25.182748,225,True,888.1099196378468,0,0.0
961148,4529,21.827452,225,True,753.8980773663075,0,0.0
961780,4530,26.965026,225,True,949.8010567567615,1,0.0
961968,4531,30.558802,225,True,1072.7520757552047,2,0.0
962008,4532,35.051671,225,True,1159.6668309468655,9,0.8
962048,4533,23.978424,225,True,823.9369502680549,1,0.0
962452,4534,6.151249,168,False,786.8499761890612,0,2.1999999999999997
962868,4535,33.810744,225,True,1161.2297672904356,5,0.0
962908,4536,33.726873,225,True,1086.6749164994626,9,0.0
962948,4537,28.766131,225,True,1031.4452383711387,0,0.0
963352,4538,26.586747,225,True,912.2698756294337,2,0.0
963768,4539,28.885918,225,True,956.2367089206232,5,0.0
963808,4540,28.514063,225,True,1021.3625178415516,0,0.0
963848,4541,33.828846,225,True,1201.9538480263336,2,0.0
964240,4542,4.437285,118,False,579.0913898424271,5,0.0
964252,4543,27.751185,225,True,952.4474104338749,3,0.4
964708,4544,34.46192,225,True,1196.8767858550982,4,0.0
964748,4545,28.99426,225,True,1040.5704061664098,0,0.0
965088,4546,10.625744,212,False,906.6297531465223,0,0.0
965152,4547,32.016667,225,True,1097.4666947031578,4,0.0
965608,4548,26.072936,225,True,891.7174321460559,2,0.0
965648,4549,38.037524,225,True,1292.7009470213561,7,0.0
965988,4550,33.175638,225,True,1127.025534258737,7,1.2
966052,4551,26.106284,225,True,902.6513546397323,3,0.8
966508,4552,27.693805,225,True,998.9522032372333,4,2.8000000000000003
966548,4553,28.384855,225,True,1001.7942182444904,1,0.0
966888,4554,22.34401,225,True,780.9604121976147,0,0.0
966952,4555,32.112731,225,True,1170.109220824847,2,0.0
967408,4556,25.053373,225,True,866.9349138128466,1,0.0
967448,4557,21.018745,225,True,759.9498129914743,0,0.8
967788,4558,27.449648,225,True,977.185925535525,2,1.2
967852,4559,21.488036,225,True,789.9214504654369,2,3.400000000000001
968308,4560,32.884903,225,True,1149.7961322873716,3,0.0
968348,4561,29.701134,225,True,1014.4453722890314,5,1.0
968688,4562,26.279351,225,True,915.9740208468529,1,0.0
968752,4563,35.255056,225,True,1211.8022264250053,5,0.0
969208,4564,24.08641,225,True,822.656418864771,2,0.4
969248,4565,26.647352,225,True,919.4940618152866,6,2.8000000000000003
969588,4566,29.207816,225,True,1005.1126421939036,4,0.8
969652,4567,31.590196,225,True,1064.4078463595324,5,0.0
970108,4568,30.555011,225,True,1018.2004224285761,6,0.4
970148,4569,38.360278,225,True,1287.2111074511813,8,0.0
970488,4570,31.729291,225,True,1069.971630285385,5,0.0
970552,4571,34.188611,225,True,1158.7444307073115,6,0.0
971008,4572,23.388913,225,True,843.5565296352138,2,2.1999999999999997
971048,4573,29.663198,225,True,1001.7279255818162,5,0.6000000000000001
971388,4574,29.971901,225,True,1006.0760461339207,5,0.0
971452,4575,27.717087,225,True,925.483468579137,4,0.0
971908,4576,36.047469,225,True,1211.498740206623,7,0.0
971948,4577,32.741293,225,True,1057.6517011195301,9,0.4
972288,4578,21.96174,225,True,759.269606819721,0,0.0
972352,4579,27.908648,225,True,979.5459108808961,2,0.6000000000000001
972808,4580,35.741746,225,True,1235.2698540001388,6,0.8
972848,4581,21.216646,225,True,771.0658374054719,1,2.4
973188,4582,24.196633,225,True,848.6653378683557,0,0.0
973252,4583,39.101097,225,True,1302.443892227819,9,0.0
973708,4584,27.140596,225,True,960.0238323795159,4,2.4
973748,4585,28.418673,225,True,969.5469019472011,3,0.0
974088,4586,33.281556,225,True,1148.0622433735098,4,0.0
974152,4587,34.663211,225,True,1203.3284436139593,4,0.0
974608,4588,24.889463,225,True,889.1785154030167,4,3.2000000000000006
974648,4589,38.6786,225,True,1269.5440147624595,10,0.0
974988,4590,36.783523,225,True,1256.1409050477478,10,2.6
975052,4591,20.878848,225,True,770.3539342450347,0,1.9999999999999998
975508,4592,22.164514,225,True,816.9805735740658,2,3.400000000000001
975548,4593,25.063276,225,True,916.9310220198631,0,1.4
975888,4594,26.197372,225,True,928.6948822501902,0,0.0
975952,4595,28.43219,225,True,977.287608699871,3,0.2
976408,4596,30.318016,225,True,1044.7206446775547,4,0.6000000000000001
976448,4597,27.656901,225,True,943.8760313146604,6,2.1999999999999997
976788,4598,36.822207,225,True,1193.688280377104,10,0.0
976852,4599,20.325098,225,True,727.4039185739289,0,1.4
977308,4600,35.003712,225,True,1218.5484774205938,4,0.0
977348,4601,36.097617,225,True,1277.5046902752747,3,0.0
977688,4602,24.366249,225,True,839.4499476504568,1,0.0
977752,4603,28.172222,225,True,1033.2888847324539,2,0.0
978208,4604,28.549761,225,True,942.7904418871503,5,0.0
978248,4605,31.031212,225,True,1075.6484862041693,3,0.0
978588,4606,28.096686,225,True,995.0674326911419,1,0.0
978652,4607,32.332379,225,True,1142.895171470262,2,0.0
979108,4608,24.693388,225,True,830.1355130070228,3,0.4
979148,4609,23.772648,225,True,836.5059314479215,2,1.0
979448,4610,9.5677,215,False,885.1080021559353,4,3.2000000000000006
979552,4611,25.459284,225,True,902.3713480099709,1,0.2
980008,4612,35.626987,225,True,1227.4794801967828,5,0.0
980048,4613,28.191749,225,True,973.2699756744994,3,0.0
980348,4614,23.219484,225,True,809.5793480159164,0,0.0
980452,4615,21.810586,225,True,778.8234552801082,0,0.8
980832,4616,-2.363112,95,False,409.4755007406534,0,0.2
980908,4617,29.505547,225,True,1041.0218863228629,2,0.0
980948,4618,29.430507,225,True,1018.0202675180064,5,1.4
981248,4619,24.821379,225,True,873.6551470194927,0,0.0
981732,4620,29.051658,225,True,1010.8663363807921,3,0.6000000000000001
981808,4621,38.238771,225,True,1265.55083922855,10,0.6000000000000001
981848,4622,31.771197,225,True,1054.0478966922906,8,1.2
982148,4623,33.797447,225,True,1179.897870731867,4,0.4
982632,4624,25.248585,225,True,879.5433852382866,1,0.2
982708,4625,28.432788,225,True,975.7115001565905,4,0.8
982748,4626,31.492732,225,True,1054.1092884479217,6,0.4
983048,4627,19.502749,225,True,793.7099424717687,1,6.200000000000003
983532,4628,33.530797,225,True,1142.0318664182455,5,0.0
983604,4629,8.426097,214,False,802.6438806119888,1,0.0
983608,4630,27.455101,225,True,1007.8040503896682,3,3.2000000000000006
983948,4631,26.329012,225,True,959.5604612276375,3,2.8000000000000003
984432,4632,33.042156,225,True,1140.8862242126675,4,0.0
984504,4633,32.583486,225,True,1149.739450311601,3,0.0
984508,4634,24.242531,225,True,836.101240288001,3,1.4
984848,4635,24.926338,225,True,877.8535371148907,2,0.8
985332,4636,28.097463,225,True,988.6985221508507,1,0.0
985404,4637,26.60915,225,True,914.7659888207952,2,0.0
985408,4638,29.056121,225,True,1017.4448580563032,2,0.0
985748,4639,32.21869,225,True,1119.1475972034223,5,1.2
986232,4640,36.520956,225,True,1247.238244541395,6,0.0
986304,4641,32.701964,225,True,1126.4785694966558,4,0.0
986308,4642,35.244618,225,True,1210.5847307570548,5,0.0
986648,4643,27.953048,225,True,966.9219201910719,2,0.0
987132,4644,25.274135,225,True,885.3653811795959,2,0.8
987204,4645,38.174845,225,True,1258.9938082494855,11,0.8
987208,4646,25.343315,225,True,862.5325952446756,2,0.0
987548,4647,35.226848,225,True,1185.8739332976315,7,0.0
987976,4648,8.146127,211,False,884.2450916971673,3,5.200000000000002
988104,4649,31.388265,225,True,1072.3305909916103,4,0.0
988108,4650,26.281759,225,True,932.0703487990254,0,0.0
988448,4651,28.455973,225,True,987.0389051778047,2,0.0
988876,4652,26.40035,225,True,904.8140172748763,2,0.0
989004,4653,33.521635,225,True,1146.465398365784,6,0.8
989008,4654,26.823202,225,True,965.7280797057742,2,0.8
989348,4655,38.164003,225,True,1311.3601084592456,6,0.0
989776,4656,28.089403,225,True,972.3761281411034,2,0.0
989904,4657,29.939867,225,True,1030.3946974149974,3,0.0
989908,4658,25.02933,225,True,865.9731879866133,1,0.0
990248,4659,37.941676,225,True,1320.0670538639906,5,0.0
990388,4660,0.600072,120,False,509.602873440434,3,2.1999999999999997
990676,4661,27.696137,225,True,988.6454680155437,0,0.0
990804,4662,26.402265,225,True,920.8906116812482,1,0.0
991148,4663,37.063319,225,True,1251.3327601311453,7,0.0
991288,4664,23.29191,225,True,806.0763843603752,1,0.4
991576,4665,30.636968,225,True,1047.0787009721553,5,0.8
991704,4666,26.97325,225,True,943.7299852956025,1,0.0
992048,4667,28.587451,225,True,1006.6980499650388,3,1.2
992188,4668,29.013518,225,True,1025.3407359638363,1,0.0
992288,4669,-8.59903,25,False,136.83878835781888,0,0.0
992476,4670,32.020923,225,True,1129.6369301720038,2,0.0
992604,4671,23.557922,225,True,827.91686219191,1,0.6000000000000001
992948,4672,26.671089,225,True,915.6435728130984,2,0.0
993188,4673,23.401595,225,True,824.0638193786017,0,0.0
993376,4674,33.143732,225,True,1164.949279405745,3,0.0
993504,4675,31.139956,225,True,1047.9982444370553,5,0.0
993848,4676,23.986316,225,True,816.252641217005,2,0.0
993852,4677,4.404265,119,False,613.7706159163245,4,0.8
994024,4678,6.293144,209,False,842.9257460849208,5,7.400000000000004
994404,4679,25.633442,225,True,867.7376904923747,3,0.4
994748,4680,26.354554,225,True,907.7821414529762,3,0.8
994752,4681,19.680066,225,True,720.8026358570871,0,2.1999999999999997
994924,4682,21.030568,225,True,741.2227238331391,0,0.8
995304,4683,27.251023,225,True,951.640929985725,4,1.5999999999999999
995336,4684,1.770932,147,False,552.4372707900072,1,0.4
995652,4685,39.373211,225,True,1343.728442958813,7,0.0
995824,4686,30.448585,225,True,1064.3434107010412,3,0.0
996204,4687,36.53313,225,True,1246.1252187891228,7,0.6000000000000001
996236,4688,28.433998,225,True,986.1599339691436,2,0.0
996552,4689,27.108424,225,True,939.5369474950801,3,0.6000000000000001
996724,4690,27.292762,225,True,956.510489116765,1,0.0
997104,4691,22.013005,225,True,761.3202087327575,0,0.0
997136,4692,30.058999,225,True,971.1599689898196,7,0.0
997452,4693,23.312815,225,True,797.3125857839352,1,0.0
997624,4694,27.574205,225,True,951.7682125111601,2,0.0
998004,4695,28.297377,225,True,1003.8950738272813,1,0.0
998036,4696,29.241313,225,True,986.4525356198599,4,0.0
998352,4697,27.213254,225,True,937.3301748205661,2,0.0
998524,4698,34.290389,225,True,1212.4155679230162,5,1.4
998904,4699,34.740245,225,True,1158.4097915717825,7,0.0
998936,4700,30.628767,225,True,1025.950695975891,5,0.0
999252,4701,34.972009,225,True,1231.680345969025,4,0.6000000000000001
999424,4702,28.320739,225,True,997.6295713191141,1,0.0
999804,4703,33.472112,225,True,1157.2844887372967,4,0.0
999836,4704,22.208876,225,True,753.1550425321859,1,0.0
1000152,4705,34.599721,225,True,1207.1888248780874,4,0.0
1000324,4706,27.898733,225,True,955.1493086413734,5,1.0
1000704,4707,33.7338,225,True,1150.151992929686,5,0.0
1000736,4708,33.168457,225,True,1097.138289380934,7,0.0
1001052,4709,28.069237,225,True,971.5694975475872,2,0.0
1001224,4710,23.476285,225,True,787.8513819592374,2,0.0
