seed,scenario,duration,crashed,completed,failed,time_s,distance_m,speed_kmh,overtakes,lane_changes,danger_seconds,return,quality,actions,steps,qualified,score,stars,policy,inference_stride
31200,light,30,False,True,False,30.0,669.8648305075833,80.346247598135,0,0,0.0,19.74662076268958,2.744294256119537,"[0, 0, 0, 74, 76]",150,True,970,2,cal_early_ppo,1
31201,light,30,False,True,False,30.0,750.2600239852084,90.02454051252101,0,0,0.0,21.75650059963021,2.833622248872454,"[0, 0, 0, 82, 68]",150,True,1050,2,cal_early_ppo,1
31202,light,30,False,True,False,30.0,683.3201210420673,81.98478657940998,0,1,0.0,20.063003026051682,2.7592445789356304,"[0, 0, 22, 63, 65]",150,True,983,2,cal_early_ppo,1
31203,light,30,False,True,False,30.0,638.7171667364034,76.668990937346,0,1,0.0,18.947929168410084,2.7096857408182258,"[0, 0, 48, 51, 51]",150,False,939,1,cal_early_ppo,1
31204,light,30,False,True,False,30.0,638.8540495265306,76.68159877559145,0,0,0.0,18.971351238163265,2.7098378328072563,"[0, 0, 0, 76, 74]",150,False,939,1,cal_early_ppo,1
31205,light,30,False,True,False,30.0,644.4780667109892,77.238996639726,0,1,0.0,19.091951667774726,2.7160867407899882,"[0, 0, 1, 68, 81]",150,False,944,1,cal_early_ppo,1
31206,light,30,False,True,False,30.0,637.5441909667741,76.46573747004412,0,0,0.0,18.938604774169356,2.7083824344075267,"[0, 0, 0, 76, 74]",150,False,938,1,cal_early_ppo,1
31207,light,30,False,True,False,30.0,642.2456291853157,77.03243541804254,0,0,0.0,19.056140729632897,2.713606254650351,"[0, 0, 0, 74, 76]",150,False,942,1,cal_early_ppo,1
31208,light,30,False,True,False,30.0,669.6680145784524,80.38916561551467,0,0,0.0,19.741700364461302,2.744075571753836,"[0, 0, 0, 68, 82]",150,True,970,2,cal_early_ppo,1
31209,light,30,False,True,False,30.0,647.5354222573942,77.65436837706703,1,1,0.0,19.56838555643485,2.7394838025082158,"[0, 0, 59, 47, 44]",150,False,983,1,cal_early_ppo,1
31210,light,30,False,True,False,30.0,689.7100114253842,82.74188494927127,0,0,0.0,20.2427502856346,2.766344457139316,"[0, 0, 0, 64, 86]",150,True,990,2,cal_early_ppo,1
31211,light,30,False,True,False,30.0,689.269457299647,82.79106281060731,0,1,0.0,20.211736432491175,2.7658549525551632,"[0, 0, 14, 69, 67]",150,True,989,2,cal_early_ppo,1
31212,light,30,False,True,False,30.0,591.1635106272356,70.88842423289474,0,1,0.0,17.759087765680892,2.656848345141373,"[0, 0, 12, 74, 64]",150,False,891,1,cal_early_ppo,1
31213,light,30,False,True,False,30.0,674.6278492198057,80.94437306738983,0,1,0.0,19.84569623049515,2.7495864991331174,"[0, 0, 9, 65, 76]",150,True,975,2,cal_early_ppo,1
31214,light,30,False,True,False,30.0,608.1652067434932,72.98847333145132,0,1,0.0,18.184130168587327,2.6757391186038815,"[0, 0, 80, 32, 38]",150,False,908,1,cal_early_ppo,1
31215,light,30,False,True,False,30.0,727.0707160791549,87.28254500138752,0,0,0.0,21.176767901978874,2.807856351199061,"[0, 0, 0, 79, 71]",150,True,1027,2,cal_early_ppo,1
31216,light,30,False,True,False,30.0,613.9429822296413,73.71545548083006,0,1,0.0,18.328574555741028,2.682158869144046,"[0, 0, 1, 79, 70]",150,False,914,1,cal_early_ppo,1
31217,light,30,False,True,False,30.0,665.1919299848353,79.80885802047796,0,1,0.0,19.609798249620894,2.7391021444275947,"[0, 0, 5, 67, 78]",150,True,965,2,cal_early_ppo,1
31218,light,30,True,False,True,19.4,452.83515739388713,84.08019092208136,0,0,2.1999999999999997,-1.9991210651528206,0.48848350821543013,"[0, 0, 0, 51, 46]",97,False,192,0,cal_early_ppo,1
31219,light,30,True,False,True,16.6,386.4630022302913,83.88250066480342,0,0,1.9999999999999998,-3.5384249442427187,0.41607000247810144,"[0, 0, 0, 46, 37]",83,False,126,0,cal_early_ppo,1
31200,normal,45,False,True,False,45.0,1020.3239702365413,81.66118313122357,0,1,0.0,28.488099255913536,2.7557955335085493,"[0, 0, 56, 77, 92]",225,True,1320,2,cal_early_ppo,1
31201,normal,45,False,True,False,45.0,794.7149013319861,63.53012648445227,0,1,0.0,22.847872533299658,2.58867770469036,"[0, 0, 133, 41, 51]",225,False,1095,1,cal_early_ppo,1
31202,normal,45,False,True,False,45.0,808.9845406722852,64.69890040597782,0,1,0.0,23.204613516807118,2.5992478079053964,"[0, 0, 81, 66, 78]",225,False,1109,1,cal_early_ppo,1
31203,normal,45,False,True,False,45.0,1133.7276935381192,90.7814930944294,6,1,0.0,33.723192338452975,2.959798291509718,"[0, 0, 113, 82, 30]",225,True,1644,3,cal_early_ppo,1
31204,normal,45,False,True,False,45.0,879.4079929817192,70.29387569204602,0,1,0.0,24.965199824542985,2.651413328134607,"[0, 0, 129, 46, 50]",225,False,1179,1,cal_early_ppo,1
31205,normal,45,False,True,False,45.0,966.2655156966314,77.31872123902328,1,1,0.0,27.53663789241579,2.7357522338493565,"[0, 0, 53, 89, 83]",225,True,1301,2,cal_early_ppo,1
31206,normal,45,False,True,False,45.0,805.541564389687,64.3762696645852,0,1,0.0,23.118539109742166,2.596697455103472,"[0, 0, 55, 78, 92]",225,False,1106,1,cal_early_ppo,1
31207,normal,45,False,True,False,45.0,906.6809127549559,72.5263951337722,0,1,0.0,25.64702281887391,2.671615490929597,"[0, 0, 25, 101, 99]",225,False,1207,1,cal_early_ppo,1
31208,normal,45,False,True,False,45.0,882.5571385880364,70.59545882815189,1,1,0.0,25.443928464700925,2.673746028583731,"[0, 0, 94, 63, 68]",225,False,1218,1,cal_early_ppo,1
31209,normal,45,False,True,False,45.0,805.4318124883207,64.41088259024292,0,1,0.0,23.11579531220802,2.5966161573987563,"[0, 0, 48, 85, 92]",225,False,1105,1,cal_early_ppo,1
31210,normal,45,False,True,False,45.0,889.891947988697,71.20159363610135,0,1,0.8,24.747298699717422,2.6556236651768126,"[0, 0, 73, 72, 80]",225,False,1186,1,cal_early_ppo,1
31211,normal,45,False,True,False,45.0,817.2375068598792,65.33483980172073,0,1,0.0,23.410937671496985,2.605361116192503,"[0, 0, 44, 86, 95]",225,False,1117,1,cal_early_ppo,1
31212,normal,45,False,True,False,45.0,869.7201934345187,69.66163254057415,1,1,0.0,25.123004835862957,2.664237180321866,"[0, 0, 19, 104, 102]",225,False,1205,1,cal_early_ppo,1
31213,normal,45,False,True,False,45.0,734.888122003377,58.72756375345911,0,1,0.0,21.352203050084444,2.5443615718543535,"[0, 0, 50, 74, 101]",225,False,1035,1,cal_early_ppo,1
31214,normal,45,False,True,False,45.0,815.5897263982538,65.19216985011235,0,1,0.0,23.369743159956336,2.6041405380727807,"[0, 0, 84, 68, 73]",225,False,1116,1,cal_early_ppo,1
31215,normal,45,False,True,False,45.0,807.4275851984085,64.55994605714343,0,1,0.0,23.1656896299602,2.598094507554377,"[0, 0, 69, 75, 81]",225,False,1107,1,cal_early_ppo,1
31216,normal,45,False,True,False,45.0,905.3850842548497,72.4206150906319,0,1,0.0,25.614627106371252,2.6706556179665553,"[0, 0, 19, 102, 104]",225,False,1205,1,cal_early_ppo,1
31217,normal,45,False,True,False,45.0,794.5465665462555,63.52758535974824,0,1,0.0,22.843664163656374,2.5885530122564857,"[0, 0, 40, 92, 93]",225,False,1095,1,cal_early_ppo,1
31218,normal,45,False,True,False,45.0,985.1695156671738,78.8151745472184,1,1,0.0,28.00923789167934,2.749755196790499,"[0, 0, 61, 80, 84]",225,True,1320,2,cal_early_ppo,1
31219,normal,45,False,True,False,45.0,799.3901252553808,63.9741567292196,0,1,0.0,22.964753131384526,2.592140833522504,"[0, 0, 155, 34, 36]",225,False,1099,1,cal_early_ppo,1
31200,dense,45,False,True,False,45.0,684.8183371882292,54.754897441134034,0,1,0.0,20.100458429705743,2.507272842361651,"[0, 0, 92, 56, 77]",225,False,985,1,cal_early_ppo,1
31201,dense,45,False,True,False,45.0,779.828717214983,62.325206389014156,0,1,0.0,22.475717930374575,2.577650901640728,"[0, 0, 159, 30, 36]",225,False,1080,1,cal_early_ppo,1
31202,dense,45,False,True,False,45.0,720.6888139656037,57.60699194513476,0,1,0.0,20.9972203491401,2.533843565900447,"[0, 0, 103, 57, 65]",225,False,1021,1,cal_early_ppo,1
31203,dense,45,False,True,False,45.0,692.8557022635548,55.35670869779327,0,1,0.0,20.30139255658887,2.513226446121152,"[0, 0, 138, 29, 58]",225,False,993,1,cal_early_ppo,1
31204,dense,45,False,True,False,45.0,877.946773590126,70.20607755243542,3,1,0.0,26.128669339753152,2.7103309434000935,"[0, 0, 145, 39, 41]",225,True,1283,3,cal_early_ppo,1
31205,dense,45,False,True,False,45.0,881.5781672656785,70.57824381671296,1,1,0.0,25.419454181641964,2.673020864641243,"[0, 0, 48, 90, 87]",225,True,1217,2,cal_early_ppo,1
31206,dense,45,False,True,False,45.0,810.7405537490663,64.8556809882689,1,1,0.0,23.648513843726654,2.6205485583326418,"[0, 0, 136, 47, 42]",225,False,1146,1,cal_early_ppo,1
31207,dense,45,False,True,False,45.0,738.814222624233,59.07451918919604,0,1,0.0,21.450355565605815,2.547269794536469,"[0, 0, 130, 41, 54]",225,False,1039,1,cal_early_ppo,1
31208,dense,45,False,True,False,45.0,726.7539365234181,58.09120993806573,0,1,0.0,21.14884841308545,2.538336249276606,"[0, 0, 74, 68, 83]",225,False,1027,1,cal_early_ppo,1
31209,dense,45,False,True,False,45.0,969.8431802207119,77.56260790537061,2,1,0.0,28.026079505517803,2.758402355719046,"[0, 0, 104, 65, 56]",225,True,1340,2,cal_early_ppo,1
31210,dense,45,False,True,False,45.0,741.1543836220471,59.266511245103466,0,1,0.0,21.50885959055117,2.5490032471274424,"[0, 0, 158, 30, 37]",225,False,1041,1,cal_early_ppo,1
31211,dense,45,False,True,False,45.0,741.4999045668571,59.288153254562054,0,1,0.0,21.51749761417144,2.5492591885680422,"[0, 0, 53, 80, 92]",225,False,1041,1,cal_early_ppo,1
31212,dense,45,False,True,False,45.0,697.2041173306284,55.718555515202894,0,1,0.0,20.410102933265712,2.516447494318984,"[0, 0, 84, 46, 95]",225,False,997,1,cal_early_ppo,1
31213,dense,45,False,True,False,45.0,852.4765697868036,68.1952784923929,1,1,0.0,24.691914244670095,2.6514641257680025,"[0, 0, 35, 93, 97]",225,True,1187,2,cal_early_ppo,1
31214,dense,45,False,True,False,45.0,764.9015235096977,61.1502030063426,0,1,0.0,22.102538087742445,2.5665937211182945,"[0, 0, 30, 92, 103]",225,False,1065,1,cal_early_ppo,1
31215,dense,45,False,True,False,45.0,806.1267992660953,64.47908304412964,0,1,0.0,23.133169981652383,2.59713096241933,"[0, 0, 216, 4, 5]",225,False,1106,1,cal_early_ppo,1
31216,dense,45,False,True,False,45.0,816.996047328751,65.32238152240166,0,1,0.0,23.40490118321877,2.605182257280556,"[0, 0, 49, 86, 90]",225,False,1117,1,cal_early_ppo,1
31217,dense,45,False,True,False,45.0,696.7949220345731,55.69536233393136,0,1,0.0,20.399873050864326,2.516144386692276,"[0, 0, 139, 26, 60]",225,False,997,1,cal_early_ppo,1
31218,dense,45,False,True,False,45.0,1009.717863468878,80.85437826181919,5,1,0.0,30.222946586721964,2.847939158125095,"[0, 0, 101, 63, 61]",225,True,1485,3,cal_early_ppo,1
31219,dense,45,False,True,False,45.0,785.1689304736881,62.790519128972974,0,1,0.0,22.609223261842214,2.581606615165695,"[0, 0, 82, 67, 76]",225,False,1085,1,cal_early_ppo,1
31200,normal,60,False,True,False,60.0,1373.7918982389983,82.43003289102184,0,1,0.0,37.32479745597497,2.7632177212438878,"[0, 0, 56, 112, 132]",300,True,1674,2,cal_early_ppo,1
31201,normal,60,False,True,False,60.0,1066.5038396066589,63.96275950819009,0,1,0.0,29.642595990166463,2.5925021331148104,"[0, 0, 134, 78, 88]",300,False,1367,1,cal_early_ppo,1
31202,normal,60,False,True,False,60.0,1070.5993277287216,64.20549981811445,0,1,0.0,29.74498319321808,2.594777404293734,"[0, 0, 91, 97, 112]",300,False,1371,1,cal_early_ppo,1
31203,normal,60,False,True,False,60.0,1591.2989396180278,95.53563852984607,6,1,0.0,45.16247349045063,3.00405496645446,"[0, 0, 122, 153, 25]",300,True,2101,3,cal_early_ppo,1
31204,normal,60,False,True,False,60.0,1351.2579729233116,81.08969614508015,5,1,0.0,38.76144932308281,2.850698873846284,"[0, 0, 158, 71, 71]",300,True,1826,3,cal_early_ppo,1
31205,normal,60,False,True,False,60.0,1319.1321945930194,79.14481416382532,1,1,0.0,36.35830486482547,2.752851219218344,"[0, 0, 60, 123, 117]",300,False,1654,1,cal_early_ppo,1
31206,normal,60,False,True,False,60.0,1076.0698957379177,64.53788018855822,0,1,0.0,29.881747393447945,2.5978166087432877,"[0, 0, 110, 89, 101]",300,False,1376,1,cal_early_ppo,1
31207,normal,60,False,True,False,60.0,1183.3882085933901,70.9881728912765,0,1,0.0,32.56470521483477,2.6574378936629945,"[0, 0, 25, 140, 135]",300,False,1483,1,cal_early_ppo,1
31208,normal,60,False,True,False,60.0,1294.8547520596167,77.69088703332132,2,1,0.0,36.151368801490406,2.7593637511442317,"[0, 0, 121, 93, 86]",300,False,1665,1,cal_early_ppo,1
31209,normal,60,False,True,False,60.0,1080.1485232484524,64.8383514047509,0,1,0.0,29.98371308121133,2.600082512915807,"[0, 0, 52, 122, 126]",300,False,1380,1,cal_early_ppo,1
31210,normal,60,False,True,False,60.0,1257.2040177436434,75.43852726451945,1,1,0.8,34.33010044359107,2.7157800098575793,"[0, 0, 71, 110, 119]",300,False,1588,1,cal_early_ppo,1
31211,normal,60,False,True,False,60.0,1091.735977611068,65.45952773374293,0,1,0.0,30.273399440276663,2.6065199875617044,"[0, 0, 68, 111, 121]",300,False,1392,1,cal_early_ppo,1
31212,normal,60,False,True,False,60.0,1214.3502921434656,72.89033597584351,1,1,0.0,33.73875730358664,2.6946390511908143,"[0, 0, 21, 143, 136]",300,False,1549,1,cal_early_ppo,1
31213,normal,60,False,True,False,60.0,947.3746528717832,56.79375611505977,0,1,0.0,26.66436632179458,2.526319251595435,"[0, 0, 95, 83, 122]",300,False,1247,1,cal_early_ppo,1
31214,normal,60,False,True,False,60.0,1067.7734319312262,64.03816952886363,0,1,0.0,29.674335798280666,2.5932074621840147,"[0, 0, 121, 84, 95]",300,False,1368,1,cal_early_ppo,1
31215,normal,60,False,True,False,60.0,1078.4139894171526,64.68188018433177,0,1,0.0,29.940349735428814,2.5991188830095293,"[0, 0, 154, 70, 76]",300,False,1378,1,cal_early_ppo,1
31216,normal,60,False,True,False,60.0,1215.4096895917373,72.91149799377929,0,1,0.0,33.36524223979345,2.675227605328743,"[0, 0, 19, 141, 140]",300,False,1515,1,cal_early_ppo,1
31217,normal,60,False,True,False,60.0,1070.5122102608661,64.20406778311829,0,1,0.0,29.742805256521653,2.594729005700481,"[0, 0, 45, 129, 126]",300,False,1371,1,cal_early_ppo,1
31218,normal,60,False,True,False,60.0,1301.9421076236604,78.11808755389033,1,1,0.0,35.928552690591516,2.7433011709020336,"[0, 0, 69, 115, 116]",300,False,1637,1,cal_early_ppo,1
31219,normal,60,False,True,False,60.0,1077.410651540586,64.62059076885257,0,1,0.0,29.915266288514655,2.5985614730781035,"[0, 0, 191, 52, 57]",300,False,1377,1,cal_early_ppo,1
31200,dense,60,False,True,False,60.0,924.9502240040019,55.457023408009604,0,1,0.0,26.103755600100044,2.513861235557779,"[0, 0, 116, 81, 103]",300,False,1225,1,cal_early_ppo,1
31201,dense,60,False,True,False,60.0,1023.319121511898,61.37010635858278,0,1,0.0,28.562978037797436,2.5685106230621653,"[0, 0, 215, 38, 47]",300,False,1323,1,cal_early_ppo,1
31202,dense,60,False,True,False,60.0,943.8804126828691,56.58147423933409,0,1,0.0,26.57701031707174,2.5243780070460384,"[0, 0, 160, 64, 76]",300,False,1244,1,cal_early_ppo,1
31203,dense,60,False,True,False,60.0,910.5243011933212,54.57164421016886,0,1,0.0,25.743107529833026,2.50584683399629,"[0, 0, 171, 41, 88]",300,False,1211,1,cal_early_ppo,1
31204,dense,60,False,True,False,60.0,1230.164244339404,73.81044249830167,5,1,0.0,35.73410610848508,2.7834245801885578,"[0, 0, 178, 63, 59]",300,True,1705,3,cal_early_ppo,1
31205,dense,60,False,True,False,60.0,1181.5964124846373,70.85767747563217,1,1,0.0,32.91991031211595,2.676442451380354,"[0, 0, 70, 118, 112]",300,True,1517,2,cal_early_ppo,1
31206,dense,60,False,True,False,60.0,1136.9447481125126,68.23189400233227,2,1,0.0,32.20361870281282,2.671635971173618,"[0, 0, 180, 62, 58]",300,False,1507,1,cal_early_ppo,1
31207,dense,60,False,True,False,60.0,971.7311770476754,58.26403507528891,0,1,0.0,27.27327942619189,2.539850653915375,"[0, 0, 191, 48, 61]",300,False,1272,1,cal_early_ppo,1
31208,dense,60,False,True,False,60.0,958.8839598952502,57.4740454228008,0,1,0.0,26.952098997381253,2.532713311052917,"[0, 0, 109, 89, 102]",300,False,1259,1,cal_early_ppo,1
31209,dense,60,False,True,False,60.0,1267.906609132729,76.04982464819422,2,1,0.0,35.477665228318216,2.744392560629294,"[0, 0, 107, 102, 91]",300,True,1638,2,cal_early_ppo,1
31210,dense,60,False,True,False,60.0,1042.6642175399288,62.551877439906406,1,1,0.0,29.446605438498214,2.5992578986332937,"[0, 0, 200, 46, 54]",300,False,1378,1,cal_early_ppo,1
31211,dense,60,False,True,False,60.0,1001.4308553110504,60.05260773179946,0,1,0.0,28.015771382776254,2.5563504751728057,"[0, 0, 55, 113, 132]",300,False,1301,1,cal_early_ppo,1
31212,dense,60,False,True,False,60.0,970.9844713706207,58.24417389616955,0,1,0.0,27.25461178426552,2.5394358174281226,"[0, 0, 87, 82, 131]",300,False,1271,1,cal_early_ppo,1
31213,dense,60,False,True,False,60.0,1159.3095604370064,69.5611400870738,1,1,0.0,32.36273901092516,2.664060866909448,"[0, 0, 41, 129, 130]",300,True,1494,2,cal_early_ppo,1
31214,dense,60,False,True,False,60.0,1023.3577621694221,61.3641816735385,0,1,0.0,28.56394405423555,2.5685320900941235,"[0, 0, 31, 125, 144]",300,False,1323,1,cal_early_ppo,1
31215,dense,60,False,True,False,60.0,1045.0805912789444,62.648449749510036,0,1,0.0,29.10701478197361,2.5806003284883023,"[0, 0, 270, 15, 15]",300,False,1345,1,cal_early_ppo,1
31216,dense,60,False,True,False,60.0,1090.7085996549458,65.42847063866874,2,1,0.0,31.04771499137364,2.6459492220305254,"[0, 0, 124, 86, 90]",300,False,1461,1,cal_early_ppo,1
31217,dense,60,False,True,False,60.0,935.7483876769782,56.122136903343474,0,1,0.0,26.373709691924464,2.5198602153760987,"[0, 0, 153, 55, 92]",300,False,1236,1,cal_early_ppo,1
31218,dense,60,False,True,False,60.0,1395.8827614469974,83.79831620924892,7,1,0.0,40.67706903617491,2.91549042302611,"[0, 0, 108, 95, 97]",300,True,1941,3,cal_early_ppo,1
31219,dense,60,False,True,False,60.0,1046.6433903716313,62.76759197048518,0,1,0.0,29.146084759290805,2.581468550206462,"[0, 0, 104, 95, 101]",300,False,1347,1,cal_early_ppo,1
31200,light,30,False,True,False,30.0,605.7147461724173,72.63158526088083,0,0,0.0,18.142868654310433,2.6730163846360195,"[0, 0, 0, 72, 78]",150,False,906,1,cal_base_ppo,1
31201,light,30,False,True,False,30.0,743.9780011324451,89.30454052460593,0,1,0.0,21.579450028311133,2.8266422234804947,"[0, 0, 1, 83, 66]",150,True,1044,2,cal_base_ppo,1
31202,light,30,False,True,False,30.0,690.9705538155674,82.94574330567652,0,1,0.0,20.25426384538918,2.767745059795075,"[0, 0, 1, 72, 77]",150,True,991,2,cal_base_ppo,1
31203,light,30,False,True,False,30.0,638.727337971696,76.76041363763535,0,1,0.0,18.948183449292404,2.7096970421907733,"[0, 0, 17, 59, 74]",150,False,939,1,cal_base_ppo,1
31204,light,30,False,True,False,30.0,625.17168993874,75.01774942521767,0,1,0.0,18.6092922484685,2.6946352110430443,"[0, 0, 1, 75, 74]",150,False,925,1,cal_base_ppo,1
31205,light,30,False,True,False,30.0,630.4078699862746,75.54327110229724,0,1,0.0,18.74019674965686,2.7004531888736385,"[0, 0, 1, 62, 87]",150,False,930,1,cal_base_ppo,1
31206,light,30,False,True,False,30.0,684.7528992980647,82.08145725091646,0,1,0.0,20.098822482451624,2.7608365547756275,"[0, 0, 1, 65, 84]",150,True,985,2,cal_base_ppo,1
31207,light,30,False,True,False,30.0,640.6094943668843,76.90997556226412,0,1,0.0,18.995237359172116,2.711788327074316,"[0, 0, 1, 73, 76]",150,False,941,1,cal_base_ppo,1
31208,light,30,False,True,False,30.0,672.8025619884663,80.78773191803741,0,1,0.0,19.800064049711658,2.747558402209407,"[0, 0, 1, 77, 72]",150,True,973,2,cal_base_ppo,1
31209,light,30,False,True,False,30.0,655.7781224227679,78.67689676877427,1,1,0.0,19.7744530605692,2.74864235824752,"[0, 0, 6, 70, 74]",150,True,991,3,cal_base_ppo,1
31210,light,30,False,True,False,30.0,678.2083210346684,81.37606159989006,0,1,0.0,19.935208025866718,2.7535648011496314,"[0, 0, 1, 61, 88]",150,True,978,2,cal_base_ppo,1
31211,light,30,False,True,False,30.0,690.7635450839787,82.89457008130812,0,1,0.0,20.24908862709946,2.7675150500933094,"[0, 0, 12, 73, 65]",150,True,991,2,cal_base_ppo,1
31212,light,30,False,True,False,30.0,601.5380207214239,72.17118782130865,0,1,0.0,18.0184505180356,2.6683755785793597,"[0, 0, 1, 79, 70]",150,False,902,1,cal_base_ppo,1
31213,light,30,False,True,False,30.0,658.9190212939086,79.06723297741584,0,0,0.0,19.472975532347714,2.732132245882121,"[0, 0, 0, 71, 79]",150,True,959,2,cal_base_ppo,1
31214,light,30,False,True,False,30.0,628.6647007275008,75.45250563056919,0,1,0.0,18.696617518187516,2.6985163341416674,"[0, 0, 1, 68, 81]",150,False,929,1,cal_base_ppo,1
31215,light,30,False,True,False,30.0,725.9838171536803,87.24114320004395,0,1,0.0,21.12959542884201,2.8066486857263113,"[0, 0, 15, 77, 58]",150,True,1026,2,cal_base_ppo,1
31216,light,30,False,True,False,30.0,610.6774170762767,73.31223569502552,0,1,0.0,18.246935426906916,2.678530463418085,"[0, 0, 1, 78, 71]",150,False,911,1,cal_base_ppo,1
31217,light,30,False,True,False,30.0,656.1883777443936,78.68142733881233,0,1,0.0,19.384709443609832,2.7290981974937707,"[0, 0, 1, 68, 81]",150,True,956,2,cal_base_ppo,1
31218,light,30,False,True,False,30.0,712.9844963123819,85.62058966740312,1,1,0.0,21.204612407809556,2.8122049959026465,"[0, 0, 7, 76, 67]",150,True,1048,3,cal_base_ppo,1
31219,light,30,False,True,False,30.0,719.0050461272274,86.31540993367065,1,1,0.0,21.35512615318068,2.8188944956969193,"[0, 0, 26, 59, 65]",150,True,1054,3,cal_base_ppo,1
31200,normal,45,False,True,False,45.0,1030.8796695586568,82.48948590012633,0,1,0.0,28.75199173896642,2.7636145700434493,"[0, 0, 27, 80, 118]",225,True,1331,2,cal_base_ppo,1
31201,normal,45,False,True,False,45.0,834.8924983073655,66.69092798362836,0,1,0.0,23.852312457684143,2.6184388876350857,"[0, 0, 1, 95, 129]",225,False,1135,1,cal_base_ppo,1
31202,normal,45,False,True,False,45.0,837.282042498224,66.88500917028212,0,1,0.0,23.91205106245561,2.6202089203690546,"[0, 0, 1, 97, 127]",225,False,1137,1,cal_base_ppo,1
31203,normal,45,False,True,False,45.0,1209.2291877414682,96.80366467005952,6,1,0.0,35.61072969353672,3.0157253242529394,"[0, 0, 46, 107, 72]",225,True,1719,3,cal_base_ppo,1
31204,normal,45,False,True,False,45.0,913.7441437896282,73.06650309722137,0,1,0.0,25.823603594740707,2.676847513918243,"[0, 0, 2, 108, 115]",225,False,1214,1,cal_base_ppo,1
31205,normal,45,False,True,False,45.0,969.7923547887683,77.62119825171786,1,1,0.0,27.624808869719196,2.7383647072509394,"[0, 0, 32, 101, 92]",225,True,1305,2,cal_base_ppo,1
31206,normal,45,False,True,False,45.0,797.9793964866276,63.798005076362664,0,1,0.0,22.92948491216568,2.5910958492493537,"[0, 0, 1, 104, 120]",225,False,1098,1,cal_base_ppo,1
31207,normal,45,False,True,False,45.0,884.5485567207052,70.7417532419662,0,1,0.0,25.09371391801763,2.6552211531264485,"[0, 0, 1, 127, 97]",225,False,1185,1,cal_base_ppo,1
31208,normal,45,False,True,False,45.0,878.7399895144158,70.27038377281653,1,1,0.0,25.348499737860404,2.6709185107514193,"[0, 0, 1, 100, 124]",225,False,1214,1,cal_base_ppo,1
31209,normal,45,False,True,False,45.0,812.7008580918423,64.97011368117728,0,1,0.0,23.297521452296024,2.602000635623587,"[0, 0, 1, 104, 120]",225,False,1113,1,cal_base_ppo,1
31210,normal,45,False,True,False,45.0,966.5179357565103,77.33428448765055,1,1,0.0,27.542948393912752,2.735939211671489,"[0, 0, 1, 113, 111]",225,True,1302,2,cal_base_ppo,1
31211,normal,45,False,True,False,45.0,824.755215667429,65.93011368117945,0,1,0.0,23.59888039168572,2.6109297893832806,"[0, 0, 1, 104, 120]",225,False,1125,1,cal_base_ppo,1
31212,normal,45,False,True,False,45.0,948.0660040312218,75.7562284735299,1,1,0.0,27.081650100780525,2.7222711140972016,"[0, 0, 1, 109, 115]",225,False,1283,1,cal_base_ppo,1
31213,normal,45,False,True,False,45.0,807.7038733380773,64.67602865119464,1,0,0.0,23.59259683345194,2.6182991654356127,"[0, 0, 0, 115, 110]",225,False,1143,1,cal_base_ppo,1
31214,normal,45,False,True,False,45.0,846.4210302088732,67.68275696470235,0,1,1.9999999999999998,22.94052575522183,2.6180896520065726,"[0, 0, 1, 109, 115]",225,False,1136,1,cal_base_ppo,1
31215,normal,45,False,True,False,45.0,822.4605256792156,65.79014146245866,0,1,0.0,23.541513141980385,2.6092300190216413,"[0, 0, 1, 116, 108]",225,False,1122,1,cal_base_ppo,1
31216,normal,45,False,True,False,45.0,886.7400993440326,70.94143297669483,0,1,0.0,25.148502483600826,2.656844518032617,"[0, 0, 1, 111, 113]",225,False,1187,1,cal_base_ppo,1
31217,normal,45,False,True,False,45.0,800.3121764611024,63.98686021471172,0,1,0.0,22.98780441152756,2.5928238344156314,"[0, 0, 1, 106, 118]",225,False,1100,1,cal_base_ppo,1
31218,normal,45,False,True,False,45.0,984.8576812502208,78.68964218579109,1,1,0.0,28.00144203125553,2.7495242083334968,"[0, 0, 21, 84, 120]",225,True,1320,2,cal_base_ppo,1
31219,normal,45,False,True,False,45.0,828.1004267970236,66.263794440547,0,1,0.0,23.682510669925584,2.613407723553351,"[0, 0, 1, 120, 104]",225,False,1128,1,cal_base_ppo,1
31200,dense,45,False,True,False,45.0,694.9547140649586,55.562118979640005,0,1,0.0,20.353867851623978,2.514781269677747,"[0, 0, 1, 88, 136]",225,False,995,1,cal_base_ppo,1
31201,dense,45,False,True,False,45.0,816.3630813519521,65.25860887915613,0,1,0.0,23.3890770337988,2.6047133935940385,"[0, 0, 1, 109, 115]",225,False,1116,1,cal_base_ppo,1
31202,dense,45,False,True,False,45.0,747.8296886458504,59.761168459494925,0,1,0.0,21.675742216146276,2.553947917515445,"[0, 0, 1, 92, 132]",225,False,1048,1,cal_base_ppo,1
31203,dense,45,False,True,False,45.0,710.0297817280393,56.703481489517145,0,1,0.0,20.730744543200984,2.5259479864652143,"[0, 0, 1, 80, 144]",225,False,1010,1,cal_base_ppo,1
31204,dense,45,False,True,False,45.0,892.5861170309058,71.37665878390656,3,1,0.0,26.494652925772655,2.7211749015043747,"[0, 0, 8, 109, 108]",225,True,1298,3,cal_base_ppo,1
31205,dense,45,False,True,False,45.0,894.5510071412493,71.55538853100433,1,1,0.0,25.743775178531223,2.682630375660185,"[0, 0, 7, 112, 106]",225,True,1230,2,cal_base_ppo,1
31206,dense,45,False,True,False,45.0,811.719678404389,64.93111513685244,1,1,0.0,23.67299196010973,2.621273835855103,"[0, 0, 1, 107, 117]",225,False,1147,1,cal_base_ppo,1
31207,dense,45,False,True,False,45.0,751.7145206056789,60.088791403066814,0,1,0.0,21.77286301514197,2.5568255708190213,"[0, 0, 1, 90, 134]",225,False,1052,1,cal_base_ppo,1
31208,dense,45,False,True,False,45.0,729.2018266663647,58.285008622437104,0,1,0.0,21.210045666659127,2.5401495012343442,"[0, 0, 1, 81, 143]",225,False,1029,1,cal_base_ppo,1
31209,dense,45,False,True,False,45.0,1009.9323907202129,80.77934456834024,2,1,0.0,29.028309768005325,2.7880980672001576,"[0, 0, 18, 107, 100]",225,True,1380,2,cal_base_ppo,1
31210,dense,45,False,True,False,45.0,784.932595208084,62.762114025736224,1,1,0.0,23.003314880202083,2.6014315520059883,"[0, 0, 1, 107, 117]",225,False,1120,1,cal_base_ppo,1
31211,dense,45,False,True,False,45.0,744.3205408927984,59.50508061865251,0,1,0.0,21.588013522319958,2.5513485488094805,"[0, 0, 1, 97, 127]",225,False,1044,1,cal_base_ppo,1
31212,dense,45,False,True,False,45.0,713.5906547661582,56.997013817701735,0,1,0.0,20.819766369153943,2.5285856701971543,"[0, 0, 1, 74, 150]",225,False,1014,1,cal_base_ppo,1
31213,dense,45,False,True,False,45.0,813.8385926667613,65.08780286398319,1,1,0.0,23.725964816669034,2.622843401975379,"[0, 0, 1, 106, 118]",225,False,1149,1,cal_base_ppo,1
31214,dense,45,False,True,False,45.0,765.9342933824896,61.23425076362916,0,1,0.0,22.128357334562242,2.567358735838881,"[0, 0, 1, 98, 126]",225,False,1066,1,cal_base_ppo,1
31215,dense,45,False,True,False,45.0,855.8867354334216,68.42623518870622,0,1,0.0,24.377168385835535,2.633990174395127,"[0, 0, 13, 104, 108]",225,True,1156,2,cal_base_ppo,1
31216,dense,45,False,True,False,45.0,822.5647862548713,65.79546349802264,0,1,0.0,23.544119656371777,2.6093072490776823,"[0, 0, 1, 113, 111]",225,False,1123,1,cal_base_ppo,1
31217,dense,45,False,True,False,45.0,873.5598890437293,69.86095121027024,1,1,0.0,25.21899722609324,2.6670813992916513,"[0, 0, 1, 114, 110]",225,True,1209,2,cal_base_ppo,1
31218,dense,45,False,True,False,45.0,1025.5230339470827,82.07200711215813,6,1,0.0,31.018075848677064,2.879646691812654,"[0, 0, 28, 99, 98]",225,True,1536,3,cal_base_ppo,1
31219,dense,45,False,True,False,45.0,775.7700687773536,61.993929047729765,0,1,0.0,22.374251719433836,2.5746444953906322,"[0, 0, 1, 102, 122]",225,False,1076,1,cal_base_ppo,1
31200,normal,60,False,True,False,60.0,1372.6110617002141,82.35906583306524,0,1,0.0,37.29527654250534,2.7625617009445635,"[0, 0, 51, 102, 147]",300,True,1673,2,cal_base_ppo,1
31201,normal,60,False,True,False,60.0,1078.4190676890835,64.6768506903424,0,1,0.0,29.940476692227087,2.599121704271713,"[0, 0, 1, 130, 169]",300,False,1378,1,cal_base_ppo,1
31202,normal,60,False,True,False,60.0,1088.7116095303609,65.28758529433901,0,1,0.0,30.19779023825902,2.6048397830724226,"[0, 0, 1, 132, 167]",300,False,1389,1,cal_base_ppo,1
31203,normal,60,False,True,False,60.0,1629.7816310120083,97.84419098683169,7,1,0.0,46.524540775300224,3.045434239451116,"[0, 0, 47, 168, 85]",300,True,2175,3,cal_base_ppo,1
31204,normal,60,False,True,False,60.0,1243.8420506988723,74.6506172618591,1,1,0.0,34.47605126747181,2.7110233614993735,"[0, 0, 6, 144, 150]",300,False,1579,1,cal_base_ppo,1
31205,normal,60,False,True,False,60.0,1319.7213636215415,79.20229984292496,1,1,0.0,36.37303409053852,2.753178535345301,"[0, 0, 41, 128, 131]",300,False,1655,1,cal_base_ppo,1
31206,normal,60,False,True,False,60.0,1079.381363436269,64.75602580446004,0,1,0.0,29.964534085906735,2.5996563130201498,"[0, 0, 1, 144, 155]",300,False,1379,1,cal_base_ppo,1
31207,normal,60,False,True,False,60.0,1161.8303592798597,69.69217510753799,0,1,0.0,32.0257589819965,2.645461310711033,"[0, 0, 1, 166, 133]",300,False,1462,1,cal_base_ppo,1
31208,normal,60,False,True,False,60.0,1209.2624674029307,72.5581895511717,2,1,0.0,34.01156168507328,2.711812481890517,"[0, 0, 3, 138, 159]",300,False,1579,1,cal_base_ppo,1
31209,normal,60,False,True,False,60.0,1225.8957887883707,73.57571470941963,2,1,0.0,34.427394719709234,2.7210532159935394,"[0, 0, 22, 150, 128]",300,False,1596,1,cal_base_ppo,1
31210,normal,60,False,True,False,60.0,1307.1907827676405,78.44271315096347,1,1,0.0,36.05976956919102,2.746217101537578,"[0, 0, 2, 147, 151]",300,False,1642,1,cal_base_ppo,1
31211,normal,60,False,True,False,60.0,1107.5853134529948,66.42212996744769,0,1,0.0,30.669632836324872,2.6153251741405525,"[0, 0, 1, 146, 153]",300,False,1408,1,cal_base_ppo,1
31212,normal,60,False,True,False,60.0,1202.7448152076204,72.14032889543482,1,1,0.0,33.448620380190505,2.6881915640042338,"[0, 0, 1, 141, 158]",300,False,1538,1,cal_base_ppo,1
31213,normal,60,False,True,False,60.0,1114.6286197279987,66.85975330894449,1,1,0.0,31.245715493199967,2.6392381220711103,"[0, 0, 5, 152, 143]",300,False,1450,1,cal_base_ppo,1
31214,normal,60,True,False,True,47.6,893.150525175992,67.50207337368813,0,1,4.600000000000001,7.548763129399797,0.48086140287555107,"[0, 0, 1, 115, 122]",238,False,620,0,cal_base_ppo,1
31215,normal,60,False,True,False,60.0,1104.1158536832404,66.23094990467628,0,1,0.0,30.582896342081014,2.613397696490689,"[0, 0, 1, 158, 141]",300,False,1404,1,cal_base_ppo,1
31216,normal,60,False,True,False,60.0,1211.9372889194146,72.71794211156202,0,1,0.0,33.27843222298536,2.6732984938441193,"[0, 0, 1, 147, 152]",300,False,1512,1,cal_base_ppo,1
31217,normal,60,False,True,False,60.0,1096.5624353684043,65.8593186689175,0,1,0.0,30.39406088421011,2.609201352982447,"[0, 0, 9, 144, 147]",300,False,1397,1,cal_base_ppo,1
31218,normal,60,False,True,False,60.0,1296.8171148186143,77.81218371187936,1,1,0.0,35.80042787046534,2.740453952677008,"[0, 0, 24, 118, 158]",300,False,1632,1,cal_base_ppo,1
31219,normal,60,False,True,False,60.0,1081.5431511265833,64.8859264623674,0,1,0.0,30.018578778164574,2.6008573061814353,"[0, 0, 2, 151, 147]",300,False,1382,1,cal_base_ppo,1
31200,dense,60,False,True,False,60.0,943.0056442455623,56.543743728045094,0,1,0.0,26.555141106139075,2.523892024580868,"[0, 0, 1, 120, 179]",300,False,1243,1,cal_base_ppo,1
31201,dense,60,False,True,False,60.0,1052.3751636889483,63.0789046922281,0,1,0.0,29.289379092223715,2.5846528687160824,"[0, 0, 1, 136, 163]",300,False,1352,1,cal_base_ppo,1
31202,dense,60,False,True,False,60.0,950.6466552908194,56.989676982614206,0,1,0.0,26.746166382270495,2.528137030717122,"[0, 0, 1, 110, 189]",300,False,1251,1,cal_base_ppo,1
31203,dense,60,False,True,False,60.0,939.006694649694,56.299830418141354,0,1,0.0,26.455167366242346,2.521670385916497,"[0, 0, 1, 109, 190]",300,False,1239,1,cal_base_ppo,1
31204,dense,60,False,True,False,60.0,1172.252570436659,70.3423764974916,2,1,0.0,33.08631426091649,2.691251428020366,"[0, 0, 3, 154, 143]",300,True,1542,2,cal_base_ppo,1
31205,dense,60,False,True,False,60.0,1176.012802400699,70.54577081510467,1,1,0.0,32.78032006001747,2.673340445778166,"[0, 0, 7, 153, 140]",300,True,1511,2,cal_base_ppo,1
31206,dense,60,False,True,False,60.0,1132.7156712400283,67.95308738519357,2,1,0.0,32.0978917810007,2.669286484022238,"[0, 0, 1, 149, 150]",300,False,1503,1,cal_base_ppo,1
31207,dense,60,False,True,False,60.0,991.592155039044,59.4761925227961,0,1,0.0,27.769803875976102,2.5508845305772465,"[0, 0, 1, 124, 175]",300,False,1292,1,cal_base_ppo,1
31208,dense,60,False,True,False,60.0,974.0044597137355,58.40188071754242,0,1,0.0,27.3301114928434,2.541113588729853,"[0, 0, 1, 113, 186]",300,False,1274,1,cal_base_ppo,1
31209,dense,60,False,True,False,60.0,1343.8327305052599,80.64542768615793,2,1,0.0,37.375818262631505,2.786573739169589,"[0, 0, 18, 145, 137]",300,True,1714,2,cal_base_ppo,1
31210,dense,60,False,True,False,60.0,1058.5087060756123,63.47108494457178,1,1,0.0,29.8427176518903,2.608060392264229,"[0, 0, 1, 144, 155]",300,False,1394,1,cal_base_ppo,1
31211,dense,60,False,True,False,60.0,1004.6285271493969,60.26384170485377,0,1,0.0,28.095713178734936,2.558126959527443,"[0, 0, 1, 131, 168]",300,False,1305,1,cal_base_ppo,1
31212,dense,60,False,True,False,60.0,946.2374034232962,56.754623504107656,0,1,0.0,26.635935085582418,2.5256874463462755,"[0, 0, 1, 102, 197]",300,False,1246,1,cal_base_ppo,1
31213,dense,60,False,True,False,60.0,1075.670132293595,64.52277825756696,1,1,0.0,30.271753307339885,2.617594517940886,"[0, 0, 1, 140, 159]",300,False,1411,1,cal_base_ppo,1
31214,dense,60,False,True,False,60.0,1022.9909409794482,61.34579900079967,0,1,0.0,28.5547735244862,2.5683283005441377,"[0, 0, 1, 131, 168]",300,False,1323,1,cal_base_ppo,1
31215,dense,60,False,True,False,60.0,1180.5457995357924,70.8215234732564,2,1,0.0,33.29364498839482,2.695858777519885,"[0, 0, 13, 142, 145]",300,True,1551,2,cal_base_ppo,1
31216,dense,60,False,True,False,60.0,1094.6546088699802,65.66058740959393,2,1,0.0,31.146365221749512,2.6481414493722113,"[0, 0, 1, 151, 148]",300,False,1465,1,cal_base_ppo,1
31217,dense,60,False,True,False,60.0,1169.7514902749003,70.16987929068516,1,1,0.0,32.62378725687252,2.669861939041611,"[0, 0, 1, 157, 142]",300,True,1505,2,cal_base_ppo,1
31218,dense,60,False,True,False,60.0,1398.4289448888203,83.94750085505582,7,1,0.0,40.740723622220514,2.9169049693826783,"[0, 0, 30, 144, 126]",300,True,1943,3,cal_base_ppo,1
31219,dense,60,False,True,False,60.0,1057.4440916303097,63.44618408540225,0,1,0.0,29.41610229075773,2.5874689397946167,"[0, 0, 1, 142, 157]",300,False,1357,1,cal_base_ppo,1
31200,light,30,False,True,False,30.0,631.9106796172034,75.79547062004616,0,1,0.0,18.777766990430095,2.702122977352448,"[0, 0, 142, 2, 6]",150,False,932,1,cal_a2c,1
31201,light,30,False,True,False,30.0,780.9221897330979,93.83623963309216,0,1,0.0,22.50305474332746,2.8676913219256646,"[0, 0, 148, 2, 0]",150,True,1081,2,cal_a2c,1
31202,light,30,False,True,False,30.0,693.1494230438598,83.23199999999999,0,1,0.0,20.30873557609653,2.7701660256042886,"[0, 0, 143, 3, 4]",150,True,993,2,cal_a2c,1
31203,light,30,False,True,False,30.0,684.8677905136396,82.22399999999999,1,1,0.0,20.501694762841016,2.780964211681822,"[0, 0, 147, 1, 2]",150,True,1020,3,cal_a2c,1
31204,light,30,False,True,False,30.0,659.7221896158246,79.19999999068636,0,1,0.0,19.473054740395618,2.733024655128694,"[0, 0, 144, 4, 2]",150,True,960,2,cal_a2c,1
31205,light,30,False,True,False,30.0,628.4817729780045,75.36376036359559,0,1,0.0,18.69204432445011,2.698313081086672,"[0, 0, 146, 2, 2]",150,False,928,1,cal_a2c,1
31206,light,30,False,True,False,30.0,645.3652457555299,77.37976036866341,0,1,0.0,19.114131143888244,2.7170724952839223,"[0, 0, 141, 7, 2]",150,False,945,1,cal_a2c,1
31207,light,30,False,True,False,30.0,644.1206753315878,77.23561744441362,0,1,0.0,19.083016883289694,2.7156896392573198,"[0, 0, 147, 1, 2]",150,False,944,1,cal_a2c,1
31208,light,30,False,True,False,30.0,688.3884942819905,82.65599999999999,0,1,0.0,20.18971235704978,2.764876104757767,"[0, 0, 136, 10, 4]",150,True,988,2,cal_a2c,1
31209,light,30,False,True,False,30.0,712.4817734106948,85.53600000000002,2,1,0.0,21.5920443352674,2.831646414900772,"[0, 0, 145, 3, 2]",150,True,1082,3,cal_a2c,1
31210,light,30,False,True,False,30.0,719.7221897144805,86.39999999999998,0,1,0.0,20.973054742862065,2.7996913219049784,"[0, 0, 150, 0, 0]",150,True,1020,2,cal_a2c,1
31211,light,30,False,True,False,30.0,701.6817730317041,84.24,0,1,0.0,20.522044325792624,2.779646414479671,"[0, 0, 144, 4, 2]",150,True,1002,2,cal_a2c,1
31212,light,30,False,True,False,30.0,618.9219252740147,74.21173594457359,0,1,0.0,18.453048131850363,2.687691028082239,"[0, 0, 141, 5, 4]",150,False,919,1,cal_a2c,1
31213,light,30,False,True,False,30.0,675.1901498925997,81.07199999999999,0,1,0.0,19.859753747315015,2.750211277658444,"[0, 0, 144, 3, 3]",150,True,975,2,cal_a2c,1
31214,light,30,False,True,False,30.0,617.5137714889472,74.1600020588017,0,1,0.0,18.417844287223677,2.686126412765497,"[0, 0, 140, 4, 6]",150,False,918,1,cal_a2c,1
31215,light,30,False,True,False,30.0,731.6821846874434,87.83999999665131,0,1,0.0,21.27205461718608,2.8129802052082704,"[0, 0, 142, 5, 3]",150,True,1032,2,cal_a2c,1
31216,light,30,False,True,False,30.0,622.5381831473314,74.75012714828438,0,1,0.0,18.543454578683285,2.6917090923859237,"[0, 0, 138, 7, 5]",150,False,923,1,cal_a2c,1
31217,light,30,False,True,False,30.0,615.3221897145054,73.77976036866357,0,1,0.0,18.363054742862627,2.6836913219050063,"[0, 0, 149, 0, 1]",150,False,915,1,cal_a2c,1
31218,light,30,False,True,False,30.0,719.7729206978511,86.50216158160256,1,1,0.0,21.374323017446294,2.819747689664279,"[0, 0, 141, 6, 3]",150,True,1055,3,cal_a2c,1
31219,light,30,False,True,False,30.0,713.6677914316958,85.68,1,1,0.0,21.22169478579242,2.812964212701884,"[0, 0, 144, 3, 3]",150,True,1049,3,cal_a2c,1
31200,normal,45,False,True,False,45.0,1064.0817732163205,85.15199999999997,1,1,0.0,29.9820443304081,2.808208720900978,"[0, 0, 223, 1, 1]",225,True,1399,2,cal_a2c,1
31201,normal,45,False,True,False,45.0,863.722189714523,69.05850691244243,0,1,0.0,24.57305474286307,2.6397942146033504,"[0, 0, 224, 0, 1]",225,False,1164,1,cal_a2c,1
31202,normal,45,False,True,False,45.0,803.5886712977585,64.25850691244237,0,1,0.0,23.06971678244396,2.5952508676279695,"[0, 0, 221, 1, 3]",225,False,1104,1,cal_a2c,1
31203,normal,45,False,True,False,45.0,1212.9586109039874,97.11978465732876,6,1,0.0,35.70396527259967,3.0184878599288796,"[0, 0, 207, 17, 1]",225,True,1723,3,cal_a2c,1
31204,normal,45,False,True,False,45.0,1025.7221897145002,82.08000000000048,4,1,0.0,30.22305474286253,2.8397942146033337,"[0, 0, 223, 1, 1]",225,True,1466,3,cal_a2c,1
31205,normal,45,False,True,False,45.0,971.5888706402397,77.76,1,1,0.0,27.669721766006,2.739695459733511,"[0, 0, 212, 7, 6]",225,True,1307,2,cal_a2c,1
31206,normal,45,False,True,False,45.0,813.281773031722,65.02650691244243,0,1,0.0,23.312044325793046,2.6024309429864605,"[0, 0, 224, 0, 1]",225,False,1113,1,cal_a2c,1
31207,normal,45,False,True,False,45.0,896.0817730317015,71.65050691244215,0,1,0.0,25.38204432579254,2.663764276319779,"[0, 0, 205, 16, 4]",225,False,1196,1,cal_a2c,1
31208,normal,45,False,True,False,45.0,914.1221897128885,73.09050691234103,1,1,0.0,26.23305474282222,2.697127547935473,"[0, 0, 221, 2, 2]",225,False,1249,1,cal_a2c,1
31209,normal,45,False,True,False,45.0,813.2677905136675,65.02650691244243,0,1,0.0,23.311694762841686,2.6024205855656795,"[0, 0, 223, 0, 2]",225,False,1113,1,cal_a2c,1
31210,normal,45,False,True,False,45.0,1028.0677905136224,82.27199999999999,1,1,0.0,29.08169476284063,2.7815316966767574,"[0, 0, 222, 1, 2]",225,True,1363,2,cal_a2c,1
31211,normal,45,False,True,False,45.0,887.7221897145046,70.97850691244238,0,1,0.0,25.173054742862593,2.6575719923811145,"[0, 0, 222, 1, 2]",225,False,1188,1,cal_a2c,1
31212,normal,45,False,True,False,45.0,730.4817730317138,58.4025069124424,0,1,0.0,21.242044325792836,2.5410976096531215,"[0, 0, 218, 3, 4]",225,False,1030,1,cal_a2c,1
31213,normal,45,True,False,True,44.2,760.0093268840963,61.86521291990743,0,1,2.8000000000000003,5.300233172102386,0.5505254273215527,"[0, 0, 213, 2, 6]",221,False,496,0,cal_a2c,1
31214,normal,45,False,True,False,45.0,843.3221897145288,67.42650691244243,0,1,0.0,24.063054742863216,2.6246831034922433,"[0, 0, 224, 0, 1]",225,False,1143,1,cal_a2c,1
31215,normal,45,False,True,False,45.0,813.2677905136675,65.02650691244243,0,1,0.0,23.311694762841686,2.6024205855656795,"[0, 0, 223, 0, 2]",225,False,1113,1,cal_a2c,1
31216,normal,45,False,True,False,45.0,880.4817729228471,70.40250690559289,0,1,0.0,24.992044323071166,2.6522087206835905,"[0, 0, 216, 5, 4]",225,False,1180,1,cal_a2c,1
31217,normal,45,False,True,False,45.0,803.5886712977585,64.25850691244237,0,1,0.0,23.06971678244396,2.5952508676279695,"[0, 0, 221, 1, 3]",225,False,1104,1,cal_a2c,1
31218,normal,45,False,True,False,45.0,958.4817883576864,76.70400096397685,1,1,0.0,27.342044708942165,2.7299865098945824,"[0, 0, 220, 3, 2]",225,True,1293,2,cal_a2c,1
31219,normal,45,False,True,False,45.0,825.2428902938614,66.11291502037223,0,1,0.0,23.611072257346542,2.6112910298473047,"[0, 0, 212, 10, 3]",225,False,1125,1,cal_a2c,1
31200,dense,45,False,True,False,45.0,735.1494199954948,58.7865069124424,0,1,0.0,21.358735499887363,2.5445551259225887,"[0, 0, 218, 2, 5]",225,False,1035,1,cal_a2c,1
31201,dense,45,True,False,True,23.0,480.9117979536254,75.19794830681693,0,1,3.0000000000000004,-1.7972050511593647,0.34289762811379665,"[0, 0, 114, 0, 1]",115,False,216,0,cal_a2c,1
31202,dense,45,True,False,True,28.8,521.300911871569,65.09591705069127,0,1,2.4,-0.427477203210767,0.375482156941903,"[0, 0, 142, 0, 2]",144,False,259,0,cal_a2c,1
31203,dense,45,True,False,True,25.8,510.69387863022575,71.18948880077163,0,1,2.1999999999999997,-0.5726530342443485,0.3685139841705376,"[0, 0, 128, 0, 1]",129,False,250,0,cal_a2c,1
31204,dense,45,False,True,False,45.0,1017.2817730316804,81.40799999999999,6,1,0.0,30.812044325792066,2.873542054097541,"[0, 0, 223, 1, 1]",225,True,1527,3,cal_a2c,1
31205,dense,45,False,True,False,45.0,926.1206860193706,74.11190539414099,1,1,0.0,26.533017150484255,2.706015322977312,"[0, 0, 210, 12, 3]",225,True,1261,2,cal_a2c,1
31206,dense,45,False,True,False,45.0,847.9172284060785,67.87200033395955,2,1,0.0,24.977930710151963,2.6680868358563545,"[0, 0, 218, 2, 5]",225,False,1218,1,cal_a2c,1
31207,dense,45,False,True,False,45.0,843.2678421396351,67.42650691244242,2,1,0.0,24.861696053490874,2.664642846029359,"[0, 0, 221, 1, 3]",225,False,1213,1,cal_a2c,1
31208,dense,45,False,True,False,45.0,745.9888630395344,59.65050691245072,0,1,0.0,21.629721575988356,2.5525843429922475,"[0, 0, 219, 2, 4]",225,False,1046,1,cal_a2c,1
31209,dense,45,False,True,False,45.0,1030.5221897150684,82.46399999999997,2,1,0.0,29.543054742876727,2.80334977015931,"[0, 0, 215, 7, 3]",225,True,1401,2,cal_a2c,1
31210,dense,45,False,True,False,45.0,821.4829834777752,65.69850691244243,1,1,0.0,23.91707458694438,2.6285059136872406,"[0, 0, 215, 3, 7]",225,False,1156,1,cal_a2c,1
31211,dense,45,False,True,False,45.0,768.7500048877469,61.474506912442386,0,1,0.0,22.198750122193676,2.569444448064998,"[0, 0, 217, 2, 6]",225,False,1069,1,cal_a2c,1
31212,dense,45,True,False,True,28.6,517.9808210556293,65.1563919951017,0,1,2.6,-0.6304794736092578,0.3721339415226884,"[0, 0, 141, 0, 2]",143,False,255,0,cal_a2c,1
31213,dense,45,False,True,False,45.0,813.281773031722,65.02650691244243,1,1,0.0,23.712044325793045,2.6224309429864605,"[0, 0, 224, 0, 1]",225,False,1148,1,cal_a2c,1
31214,dense,45,False,True,False,45.0,766.4677892221912,61.22101374362729,0,1,0.0,22.14169473055477,2.5677539179423636,"[0, 0, 222, 0, 3]",225,False,1066,1,cal_a2c,1
31215,dense,45,False,True,False,45.0,895.9901498926233,71.71200000000033,2,1,0.0,26.17975374731558,2.703696407327869,"[0, 0, 220, 2, 3]",225,True,1266,2,cal_a2c,1
31216,dense,45,False,True,False,45.0,860.1961868668614,68.8605762129448,2,1,0.0,25.28490467167153,2.6771823606421195,"[0, 0, 221, 2, 2]",225,True,1230,2,cal_a2c,1
31217,dense,45,True,False,True,43.2,736.1536858831867,61.29727803379998,0,1,7.0000000000000036,2.183842147079673,0.5141879154690272,"[0, 0, 209, 2, 5]",216,False,451,0,cal_a2c,1
31218,dense,45,False,True,False,45.0,1040.081773031676,83.23199999999999,5,1,0.0,30.982044325791975,2.870430942986427,"[0, 0, 223, 1, 1]",225,True,1515,3,cal_a2c,1
31219,dense,45,False,True,False,45.0,819.2465820291743,65.50517250457031,0,1,0.0,23.461164550729364,2.6068493200216105,"[0, 0, 221, 1, 3]",225,False,1119,1,cal_a2c,1
31200,normal,60,False,True,False,60.0,1422.881773106028,85.39199999999998,1,1,0.0,38.95204432765073,2.8104898739477933,"[0, 0, 298, 1, 1]",300,True,1758,2,cal_a2c,1
31201,normal,60,False,True,False,60.0,1132.5221897145175,67.92188018433184,0,1,0.0,31.29305474286292,2.629178994285843,"[0, 0, 299, 0, 1]",300,False,1433,1,cal_a2c,1
31202,normal,60,False,True,False,60.0,1073.588671297764,64.39388018433176,0,1,0.0,29.819716782444093,2.5964381507209797,"[0, 0, 296, 1, 3]",300,False,1374,1,cal_a2c,1
31203,normal,60,False,True,False,60.0,1662.922189714508,99.83811981566822,7,1,0.0,47.35305474286269,3.0638456609525044,"[0, 0, 281, 17, 2]",300,True,2208,3,cal_a2c,1
31204,normal,60,False,True,False,60.0,1337.7225581875641,80.32613720352172,4,1,0.0,38.02306395468913,2.823179198993091,"[0, 0, 272, 27, 1]",300,True,1778,2,cal_a2c,1
31205,normal,60,False,True,False,60.0,1331.5888706402193,79.92000000000003,1,1,0.0,36.669721766005495,2.759771594800122,"[0, 0, 287, 7, 6]",300,True,1667,2,cal_a2c,1
31206,normal,60,False,True,False,60.0,1083.2817730317256,64.96988018433186,0,1,0.0,30.06204432579313,2.6018232072398475,"[0, 0, 299, 0, 1]",300,False,1383,1,cal_a2c,1
31207,normal,60,False,True,False,60.0,1166.0817730316917,69.93788018433182,0,1,0.0,32.13204432579227,2.6478232072398287,"[0, 0, 280, 16, 4]",300,False,1466,1,cal_a2c,1
31208,normal,60,False,True,False,60.0,1184.12218971448,71.0178801843318,1,1,0.0,32.98305474286198,2.677845660952489,"[0, 0, 296, 2, 2]",300,False,1519,1,cal_a2c,1
31209,normal,60,False,True,False,60.0,1230.4357175457012,73.85161093459921,2,1,0.0,34.54089293864253,2.7235753986365006,"[0, 0, 269, 28, 3]",300,False,1600,1,cal_a2c,1
31210,normal,60,False,True,False,60.0,1386.8677905136028,83.23199999999999,1,1,0.0,38.0516947628401,2.7904821058408906,"[0, 0, 297, 1, 2]",300,True,1722,2,cal_a2c,1
31211,normal,60,False,True,False,60.0,1128.9221897145003,67.7058801843318,0,1,0.0,31.203054742862506,2.6271789942858335,"[0, 0, 294, 3, 3]",300,False,1429,1,cal_a2c,1
31212,normal,60,False,True,False,60.0,1074.5635198461428,64.4508621538235,1,1,0.0,30.24408799615357,2.6169797332478573,"[0, 0, 286, 8, 6]",300,False,1410,1,cal_a2c,1
31213,normal,60,True,False,True,45.0,772.3128222530461,61.7625069124424,0,1,2.6,5.727820556326117,0.4203960123628034,"[0, 0, 217, 2, 6]",225,False,509,0,cal_a2c,1
31214,normal,60,False,True,False,60.0,1113.3221897145268,66.76988018433184,0,1,5.600000000000002,27.453054742863124,2.5998456609525147,"[0, 0, 299, 0, 1]",300,False,1385,1,cal_a2c,1
31215,normal,60,False,True,False,60.0,1083.2677905136711,64.96988018433186,0,1,0.0,30.06169476284177,2.6018154391742616,"[0, 0, 298, 0, 2]",300,False,1383,1,cal_a2c,1
31216,normal,60,False,True,False,60.0,1218.8817729987409,73.15199999844432,0,1,0.0,33.45204432496854,2.677156540554856,"[0, 0, 287, 9, 4]",300,False,1519,1,cal_a2c,1
31217,normal,60,False,True,False,60.0,1073.588671297764,64.39388018433176,0,1,0.0,29.819716782444093,2.5964381507209797,"[0, 0, 296, 1, 3]",300,False,1374,1,cal_a2c,1
31218,normal,60,False,True,False,60.0,1318.48177303666,79.128,1,1,0.0,36.3420443259165,2.7524898739092554,"[0, 0, 295, 3, 2]",300,False,1653,1,cal_a2c,1
31219,normal,60,False,True,False,60.0,1147.988496060123,68.85787982770549,0,1,0.0,31.6797124015031,2.6377713867000683,"[0, 0, 285, 10, 5]",300,False,1448,1,cal_a2c,1
31200,dense,60,False,True,False,60.0,998.2734842866091,59.84242589097208,1,1,0.0,28.336837107165227,2.5745963801592273,"[0, 0, 291, 2, 7]",300,False,1333,1,cal_a2c,1
31201,dense,60,True,False,True,23.6,490.43484613320675,74.7139326719985,0,1,3.0000000000000004,-1.5591288466698305,0.26246380340733705,"[0, 0, 117, 0, 1]",118,False,225,0,cal_a2c,1
31202,dense,60,True,False,True,28.8,521.300911871569,65.09591705069127,0,1,2.4,-0.427477203210767,0.28161161770642723,"[0, 0, 142, 0, 2]",144,False,259,0,cal_a2c,1
31203,dense,60,True,False,True,26.2,516.4963843805217,70.89627523129421,0,1,2.1999999999999997,-0.4275903904869498,0.27960910243362314,"[0, 0, 130, 0, 1]",131,False,255,0,cal_a2c,1
31204,dense,60,False,True,False,60.0,1287.281773031672,77.20988018433154,4,1,0.0,36.76204432579185,2.795156540573151,"[0, 0, 297, 1, 2]",300,True,1727,3,cal_a2c,1
31205,dense,60,False,True,False,60.0,1277.5090609299546,76.62382286627114,3,1,0.0,36.117726523248855,2.7697272560721973,"[0, 0, 284, 12, 4]",300,True,1683,2,cal_a2c,1
31206,dense,60,False,True,False,60.0,1152.7172229432713,69.14588017701737,2,1,0.0,32.597930573581785,2.6803984571907065,"[0, 0, 292, 2, 6]",300,True,1523,2,cal_a2c,1
31207,dense,60,False,True,False,60.0,1112.0678421396337,66.69788018433184,3,1,0.0,31.981696053490825,2.677815467855352,"[0, 0, 296, 1, 3]",300,False,1517,1,cal_a2c,1
31208,dense,60,False,True,False,60.0,954.7888630207997,57.219760367785724,0,1,0.0,26.849721575519972,2.5304382572337776,"[0, 0, 293, 2, 5]",300,False,1255,1,cal_a2c,1
31209,dense,60,False,True,False,60.0,1390.522189715049,83.44800000000002,3,1,0.0,38.94305474287618,2.832512327619472,"[0, 0, 290, 7, 3]",300,True,1796,2,cal_a2c,1
31210,dense,60,False,True,False,60.0,1090.2829834777795,65.40188018433183,1,1,0.0,30.63707458694448,2.6257127685987665,"[0, 0, 290, 3, 7]",300,False,1425,1,cal_a2c,1
31211,dense,60,False,True,False,60.0,1019.5496098559354,61.15388027080023,0,1,0.0,28.468740246398376,2.566416449919964,"[0, 0, 291, 3, 6]",300,False,1320,1,cal_a2c,1
31212,dense,60,True,False,True,28.6,517.9808210556293,65.1563919951017,0,1,2.6,-0.6304794736092578,0.27910045614201634,"[0, 0, 141, 0, 2]",143,False,255,0,cal_a2c,1
31213,dense,60,False,True,False,60.0,1101.3915786870862,66.11655488438181,1,1,0.0,30.914789467177147,2.6318842103817146,"[0, 0, 294, 4, 2]",300,False,1436,1,cal_a2c,1
31214,dense,60,False,True,False,60.0,1005.2670435131761,60.24372511850243,0,1,0.0,28.111676087829395,2.5584816908406536,"[0, 0, 295, 1, 4]",300,False,1305,1,cal_a2c,1
31215,dense,60,False,True,False,60.0,1171.9901498910494,70.29788018425779,2,1,0.0,33.079753747276236,2.6911056388283607,"[0, 0, 294, 2, 4]",300,True,1542,2,cal_a2c,1
31216,dense,60,False,True,False,60.0,1178.0675998939332,70.6578711891886,3,1,0.0,33.63168999734833,2.714481999941074,"[0, 0, 278, 17, 5]",300,True,1583,2,cal_a2c,1
31217,dense,60,True,False,True,43.2,736.1536858831867,61.29727803379998,0,1,7.0000000000000036,2.183842147079673,0.38564093660177035,"[0, 0, 209, 2, 5]",216,False,451,0,cal_a2c,1
31218,dense,60,False,True,False,60.0,1398.8817730316537,83.95199999999998,7,1,0.0,40.75204432579131,2.9171565405731408,"[0, 0, 298, 1, 1]",300,True,1944,3,cal_a2c,1
31219,dense,60,False,True,False,60.0,1083.2677905136711,64.96988018433186,0,1,0.0,30.06169476284177,2.6018154391742616,"[0, 0, 298, 0, 2]",300,False,1383,1,cal_a2c,1
31200,light,30,False,True,False,30.0,644.0808427021275,77.32806203885474,0,1,0.0,19.082021067553182,2.7156453807801415,"[0, 120, 16, 5, 9]",150,False,944,1,cal_pure_ppo,1
31201,light,30,False,True,False,30.0,808.5109381182588,97.05579650028514,0,1,0.0,23.19277345295647,2.8983454867980654,"[0, 47, 96, 3, 4]",150,True,1109,2,cal_pure_ppo,1
31202,light,30,False,True,False,30.0,680.0601372216427,81.64799999999003,0,1,0.0,19.98150343054107,2.755622374690714,"[0, 62, 66, 10, 12]",150,True,980,2,cal_pure_ppo,1
31203,light,30,False,True,False,30.0,687.1921202811673,82.51199999999999,1,1,0.0,20.55980300702921,2.783546800312408,"[0, 13, 127, 4, 6]",150,True,1022,3,cal_pure_ppo,1
31204,light,30,False,True,False,30.0,677.5508969032794,81.36000000000003,0,1,0.0,19.91877242258199,2.752834329892533,"[0, 48, 67, 22, 13]",150,True,978,2,cal_pure_ppo,1
31205,light,30,False,True,False,30.0,600.8572483892312,72.0517618489701,0,1,0.0,18.001431209730786,2.667619164876924,"[0, 55, 48, 22, 25]",150,False,901,1,cal_pure_ppo,1
31206,light,30,False,True,False,30.0,702.960115007234,84.38399999999999,1,1,0.0,20.954002875180862,2.801066794452482,"[0, 17, 108, 14, 11]",150,True,1038,3,cal_pure_ppo,1
31207,light,30,False,True,False,30.0,659.6013719395289,79.20000287126305,0,1,0.0,19.470034298488226,2.7328904132661433,"[0, 25, 99, 14, 12]",150,True,960,2,cal_pure_ppo,1
31208,light,30,False,True,False,30.0,678.8798922605638,81.50399999999999,0,1,0.0,19.95199730651413,2.7543109914006263,"[0, 70, 74, 2, 4]",150,True,979,2,cal_pure_ppo,1
31209,light,30,False,True,False,30.0,719.7221897144805,86.39999999999998,2,1,0.0,21.773054742862065,2.8396913219049784,"[0, 0, 150, 0, 0]",150,True,1090,3,cal_pure_ppo,1
31210,light,30,False,True,False,30.0,701.6741219714681,84.23999999999998,0,1,0.0,20.521853049286747,2.7796379133016313,"[0, 43, 102, 2, 3]",150,True,1002,2,cal_pure_ppo,1
31211,light,30,False,True,False,30.0,706.4565895131614,84.81599999999999,0,1,0.0,20.64141473782907,2.784951766125735,"[0, 46, 98, 2, 4]",150,True,1006,2,cal_pure_ppo,1
31212,light,30,False,True,False,30.0,655.9883629855731,78.76800000000146,0,1,0.0,19.379709074639333,2.728875958872859,"[0, 9, 101, 20, 20]",150,True,956,2,cal_pure_ppo,1
31213,light,30,False,True,False,30.0,656.0262641910599,78.76800000794911,0,1,0.0,19.380656604776494,2.7289180713234,"[0, 90, 46, 6, 8]",150,True,956,2,cal_pure_ppo,1
31214,light,30,False,True,False,30.0,635.4650259703233,76.32000000249776,0,1,0.0,18.866625649258083,2.7060722510781368,"[0, 24, 111, 5, 10]",150,False,935,1,cal_pure_ppo,1
31215,light,30,False,True,False,30.0,764.1132005083011,91.82024034458794,1,1,0.0,22.48283001270753,2.8690146672314456,"[0, 30, 91, 21, 8]",150,True,1099,3,cal_pure_ppo,1
31216,light,30,False,True,False,30.0,668.0165539116315,80.20800000000003,0,1,0.0,19.68041384779078,2.7422406154573684,"[0, 51, 86, 6, 7]",150,True,968,2,cal_pure_ppo,1
31217,light,30,False,True,False,30.0,654.8432576714088,78.62400041414932,0,1,0.0,19.35108144178522,2.7276036196348987,"[0, 49, 53, 25, 23]",150,True,955,2,cal_pure_ppo,1
31218,light,30,False,True,False,30.0,718.6627283568616,86.36236678318019,1,1,0.0,21.346568208921575,2.818514142618735,"[0, 37, 110, 2, 1]",150,True,1054,3,cal_pure_ppo,1
31219,light,30,False,True,False,30.0,767.7004182535889,92.15880916491095,1,1,0.0,22.572510456339717,2.8730004647262097,"[0, 55, 90, 2, 3]",150,True,1103,3,cal_pure_ppo,1
31200,normal,45,False,True,False,45.0,1048.3901953722311,83.90399999999997,0,1,0.0,29.189754884305856,2.7765853299053562,"[0, 7, 205, 6, 7]",225,True,1348,2,cal_pure_ppo,1
31201,normal,45,False,True,False,45.0,802.3508051362012,64.16250691244241,0,1,0.0,23.03877012840504,2.5943339297305195,"[0, 31, 143, 22, 29]",225,False,1102,1,cal_pure_ppo,1
31202,normal,45,False,True,False,45.0,815.530862655774,65.21850691244241,0,1,0.0,23.368271566394345,2.604096935300573,"[0, 15, 163, 18, 29]",225,False,1116,1,cal_pure_ppo,1
31203,normal,45,False,True,False,45.0,1269.3124346727723,101.62949702124764,6,1,0.0,37.11281086681928,3.0602314330909426,"[0, 33, 177, 7, 8]",225,True,1779,3,cal_pure_ppo,1
31204,normal,45,False,True,False,45.0,1049.7113592611304,83.99999999999997,5,1,0.0,31.22278398152833,2.8775639698230595,"[0, 4, 201, 8, 12]",225,True,1525,3,cal_pure_ppo,1
31205,normal,45,False,True,False,45.0,997.8403825243468,79.87200000000006,1,1,0.0,28.326009563108673,2.759141024092109,"[0, 34, 171, 8, 12]",225,True,1333,2,cal_pure_ppo,1
31206,normal,45,False,True,False,45.0,919.7860760251735,73.60342386831275,1,1,0.6000000000000001,26.01465190062936,2.6986563526112395,"[0, 26, 164, 14, 21]",225,False,1252,1,cal_pure_ppo,1
31207,normal,45,False,True,False,45.0,908.0710425634713,72.63856984054425,0,1,0.0,25.681776064086797,2.6726452167136827,"[0, 107, 30, 51, 37]",225,False,1208,1,cal_pure_ppo,1
31208,normal,45,False,True,False,45.0,1007.711696283332,80.64002232971954,2,1,0.0,28.9727924070833,2.7864531083580237,"[0, 19, 178, 11, 17]",225,True,1378,2,cal_pure_ppo,1
31209,normal,45,False,True,False,45.0,780.7140680394268,62.4345069124424,0,1,0.0,22.497851700985667,2.578306717066242,"[0, 30, 145, 20, 30]",225,False,1081,1,cal_pure_ppo,1
31210,normal,45,False,True,False,45.0,1011.1492837827705,80.92799999999998,1,1,0.0,28.658732094569327,2.768999469468719,"[0, 35, 174, 6, 10]",225,True,1346,2,cal_pure_ppo,1
31211,normal,45,False,True,False,45.0,859.4594272110257,68.69215435547095,0,1,0.0,24.466485680275646,2.636636612748908,"[0, 36, 121, 30, 38]",225,False,1159,1,cal_pure_ppo,1
31212,normal,45,False,True,False,45.0,738.013339272743,58.98647731965002,0,1,0.0,21.430333481818575,2.5466765476094393,"[0, 47, 127, 15, 36]",225,False,1038,1,cal_pure_ppo,1
31213,normal,45,False,True,False,45.0,716.9991526365698,57.346508731098226,0,1,0.0,20.904978815914244,2.531110483434496,"[0, 27, 137, 17, 44]",225,False,1017,1,cal_pure_ppo,1
31214,normal,45,False,True,False,45.0,810.6875084069018,64.87151790744512,0,1,0.0,23.247187710172543,2.600509265486594,"[0, 75, 93, 27, 30]",225,False,1111,1,cal_pure_ppo,1
31215,normal,45,False,True,False,45.0,853.883105427266,68.29050683118487,0,1,0.0,24.327077635681647,2.632506004020197,"[0, 58, 104, 26, 37]",225,False,1154,1,cal_pure_ppo,1
31216,normal,45,False,True,False,45.0,942.7910168420794,75.45599999999999,0,1,0.0,26.549775421052004,2.698363716179318,"[0, 102, 97, 11, 15]",225,False,1243,1,cal_pure_ppo,1
31217,normal,45,False,True,False,45.0,803.3818294436235,64.32000137253733,0,1,0.0,23.064545736090594,2.595097651439721,"[0, 29, 112, 32, 52]",225,False,1103,1,cal_pure_ppo,1
31218,normal,45,False,True,False,45.0,969.1910625349103,77.56805739589382,1,1,0.0,27.60977656337276,2.737919305581415,"[0, 108, 70, 19, 28]",225,True,1304,2,cal_pure_ppo,1
31219,normal,45,False,True,False,45.0,844.3209570095053,67.5225069124424,0,1,0.0,24.088023925237636,2.625422931118152,"[0, 17, 157, 20, 31]",225,False,1144,1,cal_pure_ppo,1
31200,dense,45,False,True,False,45.0,708.5771498883391,56.674506949145645,0,1,0.0,20.694428747208473,2.524871962880251,"[0, 22, 139, 11, 53]",225,False,1009,1,cal_pure_ppo,1
31201,dense,45,False,True,False,45.0,780.8664656325436,62.434506912442465,0,1,0.0,22.501661640813595,2.5784196041722547,"[0, 51, 118, 27, 29]",225,False,1081,1,cal_pure_ppo,1
31202,dense,45,False,True,False,45.0,742.3888178753366,59.3625069124424,0,1,0.0,21.53972044688341,2.5499176428706196,"[0, 32, 141, 20, 32]",225,False,1042,1,cal_pure_ppo,1
31203,dense,45,False,True,False,45.0,743.7212382758164,59.45850691244241,0,1,0.0,21.573030956895405,2.550904620945049,"[0, 34, 127, 25, 39]",225,False,1044,1,cal_pure_ppo,1
31204,dense,45,False,True,False,45.0,909.1144848557221,72.76799999999999,2,1,0.0,26.50786212139307,2.7134181369301644,"[0, 42, 131, 20, 32]",225,True,1279,2,cal_pure_ppo,1
31205,dense,45,False,True,False,45.0,947.7183226034024,75.84,3,1,0.0,27.872958065085072,2.7620135722988164,"[0, 15, 187, 9, 14]",225,True,1353,3,cal_pure_ppo,1
31206,dense,45,False,True,False,45.0,840.7137520128038,67.29600001977121,2,1,0.0,24.79784380032009,2.6627509274168917,"[0, 17, 178, 10, 20]",225,False,1211,1,cal_pure_ppo,1
31207,dense,45,False,True,False,45.0,813.0024018163006,65.0265069124424,1,1,0.0,23.705060045407514,2.622224001345408,"[0, 39, 145, 15, 26]",225,False,1148,1,cal_pure_ppo,1
31208,dense,45,False,True,False,45.0,709.7877562529691,56.77050691476667,0,1,0.0,20.724693906324237,2.5257687083355327,"[0, 47, 121, 18, 39]",225,False,1010,1,cal_pure_ppo,1
31209,dense,45,False,True,False,45.0,1078.5221882966343,86.303999999976,3,1,0.0,31.143054707415867,2.858905324664174,"[0, 2, 195, 19, 9]",225,True,1484,3,cal_pure_ppo,1
31210,dense,45,False,True,False,45.0,793.8829467240803,63.490506912442406,1,1,0.0,23.227073668102,2.608061442017837,"[0, 17, 190, 4, 14]",225,False,1129,1,cal_pure_ppo,1
31211,dense,45,False,True,False,45.0,760.2365848718543,60.80250691244238,0,1,0.0,21.98591462179636,2.5631382110161884,"[0, 18, 181, 4, 22]",225,False,1060,1,cal_pure_ppo,1
31212,dense,45,False,True,False,45.0,703.8365850724501,56.29050691357872,0,1,0.0,20.57591462681126,2.521360433387,"[0, 79, 67, 26, 53]",225,False,1004,1,cal_pure_ppo,1
31213,dense,45,False,True,False,45.0,828.9139949587134,66.33619616360758,1,1,0.0,24.102849873967838,2.634010366636084,"[0, 34, 165, 10, 16]",225,False,1164,1,cal_pure_ppo,1
31214,dense,45,False,True,False,45.0,795.3105388411886,63.586506912441706,0,1,0.0,22.86276347102972,2.58911891766014,"[0, 5, 182, 16, 22]",225,False,1095,1,cal_pure_ppo,1
31215,dense,45,False,True,False,45.0,939.1492813943905,75.16799999999998,2,1,0.0,27.258732034859797,2.735666134366215,"[0, 15, 172, 14, 24]",225,True,1309,2,cal_pure_ppo,1
31216,dense,45,True,False,True,44.4,913.8257901209745,74.14054054054053,3,1,2.4,10.585644753024374,0.7262413260155366,"[0, 29, 175, 6, 12]",222,False,757,0,cal_pure_ppo,1
31217,dense,45,False,True,False,45.0,707.387607766002,56.57850691298508,0,1,0.0,20.664690194150047,2.523990820567409,"[0, 23, 134, 10, 58]",225,False,1007,1,cal_pure_ppo,1
31218,dense,45,False,True,False,45.0,1042.5108966906455,83.42399999999999,5,1,0.0,31.04277241726617,2.8722302938449227,"[0, 5, 209, 4, 7]",225,True,1518,3,cal_pure_ppo,1
31219,dense,45,False,True,False,45.0,784.3143261764258,62.7225231550875,0,1,0.0,22.587858154410647,2.5809735749455007,"[0, 21, 155, 21, 28]",225,False,1084,1,cal_pure_ppo,1
31200,normal,60,False,True,False,60.0,1401.190195372959,84.09599999999999,1,1,0.0,38.40975488432397,2.7984389974294217,"[0, 9, 275, 8, 8]",300,True,1736,2,cal_pure_ppo,1
31201,normal,60,False,True,False,60.0,1121.5499944068006,67.32000000124994,0,1,0.0,31.018749860169997,2.6230833302260006,"[0, 36, 175, 39, 50]",300,False,1422,1,cal_pure_ppo,1
31202,normal,60,False,True,False,60.0,1065.1308626554487,63.88988018433179,0,1,0.0,29.608271566386225,2.591739368141916,"[0, 38, 202, 24, 36]",300,False,1365,1,cal_pure_ppo,1
31203,normal,60,False,True,False,60.0,1698.9123721528158,101.99811981567252,6,1,0.0,47.85280930382039,3.063840206751564,"[0, 61, 219, 9, 11]",300,True,2209,3,cal_pure_ppo,1
31204,normal,60,False,True,False,60.0,1401.0550825035825,84.06853329955248,6,1,0.0,40.406377062589556,2.8983639347242125,"[0, 6, 268, 11, 15]",300,True,1911,3,cal_pure_ppo,1
31205,normal,60,False,True,False,60.0,1361.4403825243362,81.72000000000001,1,1,0.0,37.41600956310837,2.7763557680690756,"[0, 50, 220, 13, 17]",300,True,1696,2,cal_pure_ppo,1
31206,normal,60,False,True,False,60.0,1114.8902437483507,66.89979682982963,0,1,0.0,30.85225609370877,2.6193834687490836,"[0, 40, 222, 13, 25]",300,False,1415,1,cal_pure_ppo,1
31207,normal,60,False,True,False,60.0,1214.7505904053605,72.8709945228281,0,1,0.0,33.34876476013402,2.674861439114089,"[0, 202, 8, 56, 34]",300,False,1515,1,cal_pure_ppo,1
31208,normal,60,False,True,False,60.0,1352.1113426426573,81.14400006079313,3,1,0.0,37.98278356606644,2.8111729681348097,"[0, 32, 227, 15, 26]",300,True,1757,2,cal_pure_ppo,1
31209,normal,60,False,True,False,60.0,1063.9139038494636,63.81788018433182,0,1,0.0,29.577847596236595,2.5910632799163684,"[0, 48, 164, 42, 46]",300,False,1364,1,cal_pure_ppo,1
31210,normal,60,False,True,False,60.0,1353.1492648275075,81.21599999999998,1,1,0.0,37.2087316206877,2.7717495915708374,"[0, 24, 248, 12, 16]",300,True,1688,2,cal_pure_ppo,1
31211,normal,60,False,True,False,60.0,1149.240547627714,68.92928476691144,0,1,0.0,31.711013690692855,2.6384669709042856,"[0, 64, 132, 49, 55]",300,False,1449,1,cal_pure_ppo,1
31212,normal,60,False,True,False,60.0,1020.8060914252155,61.32044862566386,0,1,0.0,28.500152285630396,2.567114495236231,"[0, 51, 159, 44, 46]",300,False,1321,1,cal_pure_ppo,1
31213,normal,60,False,True,False,60.0,972.5991236432201,58.3458801843318,0,1,0.0,27.294978091080505,2.5403328464684556,"[0, 52, 136, 42, 70]",300,False,1273,1,cal_pure_ppo,1
31214,normal,60,False,True,False,60.0,1051.9508345901872,63.097880184333235,0,1,0.0,29.278770864754705,2.584417130327882,"[0, 62, 105, 62, 71]",300,False,1352,1,cal_pure_ppo,1
31215,normal,60,False,True,False,60.0,1092.6831067083758,65.5458801843318,0,1,0.0,30.297077667709384,2.6070461703935424,"[0, 71, 156, 29, 44]",300,False,1393,1,cal_pure_ppo,1
31216,normal,60,False,True,False,60.0,1215.1819975593003,72.88985542714946,0,1,0.0,33.35954993898248,2.675101109755167,"[0, 192, 74, 16, 18]",300,False,1515,1,cal_pure_ppo,1
31217,normal,60,False,True,False,60.0,1069.7817345565209,64.17788018433181,0,1,0.0,29.724543363913025,2.5943231858647335,"[0, 35, 157, 43, 65]",300,False,1370,1,cal_pure_ppo,1
31218,normal,60,False,True,False,60.0,1295.5901513451154,77.76000006568712,1,1,0.0,35.76975378362789,2.7397723063028416,"[0, 167, 75, 26, 32]",300,False,1631,1,cal_pure_ppo,1
31219,normal,60,False,True,False,60.0,1083.1209570059768,64.96988018433183,0,1,0.0,30.058023925149417,2.6017338650033204,"[0, 17, 223, 27, 33]",300,False,1383,1,cal_pure_ppo,1
31200,dense,60,False,True,False,60.0,972.5767122683428,58.3458801843318,0,1,0.0,27.294417806708555,2.5403203957046347,"[0, 38, 150, 36, 76]",300,False,1273,1,cal_pure_ppo,1
31201,dense,60,False,True,False,60.0,1036.466399981443,62.1618801843318,0,1,0.0,28.891659999536078,2.575814666656357,"[0, 56, 177, 30, 37]",300,False,1336,1,cal_pure_ppo,1
31202,dense,60,True,False,True,56.6,931.9812841433811,59.25570337561675,0,1,2.1999999999999997,9.959532103584523,0.5104340467463229,"[0, 45, 172, 29, 37]",283,False,671,0,cal_pure_ppo,1
31203,dense,60,False,True,False,60.0,939.3212355696298,56.32988018493675,0,1,0.0,26.463030889240727,2.5218451308720167,"[0, 80, 122, 35, 63]",300,False,1239,1,cal_pure_ppo,1
31204,dense,60,False,True,False,60.0,1254.714484835014,75.26588018433179,4,1,0.0,35.94786212087535,2.777063602686119,"[0, 23, 244, 13, 20]",300,True,1695,3,cal_pure_ppo,1
31205,dense,60,False,True,False,60.0,1275.1899275843125,76.51456790324669,3,1,0.0,36.0597481896078,2.768438848657951,"[0, 32, 221, 18, 29]",300,True,1680,2,cal_pure_ppo,1
31206,dense,60,False,True,False,60.0,1199.5137506477608,72.0,2,1,0.0,33.76784376619405,2.706396528137645,"[0, 20, 244, 13, 23]",300,True,1570,2,cal_pure_ppo,1
31207,dense,60,False,True,False,60.0,1066.2023956821495,63.96188018433178,1,1,0.0,30.035059892053724,2.612334664267861,"[0, 66, 188, 18, 28]",300,False,1401,1,cal_pure_ppo,1
31208,dense,60,False,True,False,60.0,984.5842817835426,59.06588018433179,0,1,0.0,27.594607044588564,2.5469912676575235,"[0, 45, 203, 13, 39]",300,False,1285,1,cal_pure_ppo,1
31209,dense,60,False,True,False,60.0,1458.922188290575,87.55199999969587,5,1,0.0,41.45305470726437,2.9105123268280972,"[0, 10, 256, 23, 11]",300,True,1934,3,cal_pure_ppo,1
31210,dense,60,False,True,False,60.0,1050.6829444132609,63.02588019039625,1,1,0.0,29.64707361033152,2.603712746896256,"[0, 22, 252, 7, 19]",300,False,1386,1,cal_pure_ppo,1
31211,dense,60,False,True,False,60.0,1027.836584842878,61.65788018433178,0,1,0.0,28.675914621071946,2.57102032491271,"[0, 20, 250, 4, 26]",300,False,1328,1,cal_pure_ppo,1
31212,dense,60,False,True,False,60.0,940.7360205278446,56.42620818549314,0,1,0.0,26.498400513196117,2.5226311225154694,"[0, 132, 73, 33, 62]",300,False,1241,1,cal_pure_ppo,1
31213,dense,60,False,True,False,60.0,1133.7114019851688,68.04002476507173,1,1,0.0,31.722785049629213,2.6498396677695384,"[0, 97, 180, 8, 15]",300,False,1469,1,cal_pure_ppo,1
31214,dense,60,False,True,False,60.0,1049.710533938964,62.953880184331815,0,1,0.0,29.222763348474093,2.58317251885498,"[0, 14, 227, 27, 32]",300,False,1350,1,cal_pure_ppo,1
31215,dense,60,False,True,False,60.0,1123.9618987709696,67.46459541757018,1,1,0.0,31.47904746927424,2.644423277094983,"[0, 23, 234, 17, 26]",300,False,1459,1,cal_pure_ppo,1
31216,dense,60,False,True,False,60.0,1197.1099370304696,71.80969243759105,3,1,0.0,34.10774842576174,2.7250610761280387,"[0, 45, 215, 15, 25]",300,True,1602,2,cal_pure_ppo,1
31217,dense,60,False,True,False,60.0,963.2564483733627,57.767357121844555,0,1,0.0,27.06141120933408,2.535142471318535,"[0, 25, 192, 13, 70]",300,False,1263,1,cal_pure_ppo,1
31218,dense,60,False,True,False,60.0,1414.510894330157,84.88800000000002,7,1,0.0,41.14277235825385,2.925839385738976,"[0, 18, 264, 7, 11]",300,True,1960,3,cal_pure_ppo,1
31219,dense,60,False,True,False,60.0,1055.5141956594866,63.313886208113615,0,1,0.0,29.367854891487166,2.5863967753663815,"[0, 24, 219, 20, 37]",300,False,1356,1,cal_pure_ppo,1
31200,light,30,False,True,False,30.0,757.1999999999916,90.864,1,0,0.0,22.329999999999814,2.861333333333324,"[0, 133, 0, 16, 1]",150,True,1092,3,cal_rl_s11,1
31201,light,30,False,True,False,30.0,841.9694414149453,101.04736479344726,1,0,0.0,24.449236035373637,2.9555216015721615,"[0, 96, 0, 52, 2]",150,True,1177,3,cal_rl_s11,1
31202,light,30,False,True,False,30.0,895.952494952779,107.6602396313364,4,2,0.0,26.958812373819434,3.0755027721697545,"[1, 101, 4, 44, 0]",150,True,1336,3,cal_rl_s11,1
31203,light,30,False,True,False,30.0,796.2858483825833,95.52198213010544,4,2,1.4,23.62714620956458,2.955428720425093,"[1, 120, 1, 23, 5]",150,True,1229,3,cal_rl_s11,1
31204,light,30,False,True,False,30.0,714.9699913119086,85.79300736425454,0,1,0.0,20.85424978279771,2.7944111014576762,"[0, 32, 7, 59, 52]",150,True,1015,2,cal_rl_s11,1
31205,light,30,False,True,False,30.0,838.5745435536824,100.74823963135343,3,1,0.0,25.144363588842054,2.991749492837425,"[0, 49, 15, 77, 9]",150,True,1244,3,cal_rl_s11,1
31206,light,30,False,True,False,30.0,846.6956271463453,101.75623963140734,3,5,0.0,25.02739067865864,3.000772919051495,"[2, 59, 12, 53, 24]",150,True,1252,3,cal_rl_s11,1
31207,light,30,False,True,False,30.0,694.1944683749227,83.30923597124544,0,1,0.0,20.334861709373072,2.7713271870832474,"[0, 50, 3, 52, 45]",150,True,994,2,cal_rl_s11,1
31208,light,30,False,True,False,30.0,750.5119202039955,90.03868713856563,0,1,0.0,21.74279800509989,2.833902133559995,"[0, 58, 1, 45, 46]",150,True,1051,2,cal_rl_s11,1
31209,light,30,False,True,False,30.0,832.370292556481,100.02844313104977,5,4,0.0,25.489257313912024,3.0248558806183126,"[2, 94, 19, 33, 2]",150,True,1307,3,cal_rl_s11,1
31210,light,30,False,True,False,30.0,848.3996057632492,101.80796279277116,3,0,0.0,25.409990144081235,3.0026662286258325,"[0, 94, 0, 44, 12]",150,True,1253,3,cal_rl_s11,1
31211,light,30,False,True,False,30.0,782.168702519301,93.88800257315415,2,1,0.0,23.33421756298251,2.9090763361325567,"[0, 71, 1, 48, 30]",150,True,1152,3,cal_rl_s11,1
31212,light,30,False,True,False,30.0,657.8987700530736,78.89983132752958,0,1,0.0,19.427469251326837,2.730998633392304,"[0, 6, 8, 82, 54]",150,True,958,2,cal_rl_s11,1
31213,light,30,False,True,False,30.0,896.4000000000012,107.6602396313364,3,0,0.0,26.609999999999967,3.0560000000000014,"[0, 55, 0, 95, 0]",150,True,1301,3,cal_rl_s11,1
31214,light,30,True,False,True,6.4,188.22378783899762,106.40739283652867,0,1,0.0,-7.314405304025059,0.20913754204333068,"[0, 18, 1, 13, 0]",32,False,0,0,cal_rl_s11,1
31215,light,30,False,True,False,30.0,805.0213600960128,96.68975073291053,1,1,0.0,23.505534002400317,2.9144681778844586,"[0, 40, 10, 66, 34]",150,True,1140,3,cal_rl_s11,1
31216,light,30,False,True,False,30.0,694.9320069038404,83.50918968354725,0,1,0.0,20.353300172596008,2.7721466743376,"[0, 53, 1, 59, 37]",150,True,995,2,cal_rl_s11,1
31217,light,30,False,True,False,30.0,703.3788532824685,84.39196518895965,0,1,0.0,20.564471332061718,2.7815320592027426,"[0, 94, 1, 33, 22]",150,True,1003,2,cal_rl_s11,1
31218,light,30,False,True,False,30.0,891.1524427870656,107.08423963133642,4,2,0.0,26.838811069676616,3.0701693808745176,"[1, 43, 1, 102, 3]",150,True,1331,3,cal_rl_s11,1
31219,light,30,False,True,False,30.0,885.8867880535045,106.36265856215138,3,3,0.0,26.287169701337593,3.0443186533927826,"[1, 64, 3, 76, 6]",150,True,1291,3,cal_rl_s11,1
31200,normal,45,False,True,False,45.0,1209.6276703009871,96.78383296471624,4,1,0.0,34.82069175752469,2.97602049651925,"[0, 114, 10, 73, 28]",225,True,1650,3,cal_rl_s11,1
31201,normal,45,False,True,False,45.0,1082.1081338874246,86.59201070384711,4,1,0.0,31.632703347185625,2.8815615806573516,"[0, 134, 1, 47, 43]",225,True,1522,3,cal_rl_s11,1
31202,normal,45,False,True,False,45.0,1062.9696458716585,85.11749311224334,5,1,0.0,31.55424114679145,2.8873849228678954,"[0, 89, 12, 66, 58]",225,True,1538,3,cal_rl_s11,1
31203,normal,45,False,True,False,45.0,1342.4186582168204,107.48981615129706,8,2,0.0,39.72046645542037,3.1543841912717188,"[1, 72, 23, 127, 2]",225,True,1922,3,cal_rl_s11,1
31204,normal,45,False,True,False,45.0,1206.5189173798108,96.63749308755804,9,3,0.6000000000000001,36.34297293449526,3.071051049910971,"[2, 133, 1, 55, 34]",225,True,1819,3,cal_rl_s11,1
31205,normal,45,False,True,False,45.0,1097.6516140157632,87.88590335403339,3,4,0.0,31.32129035039407,2.873075269641306,"[2, 146, 2, 32, 43]",225,True,1503,3,cal_rl_s11,1
31206,normal,45,False,True,False,45.0,879.6517484303724,70.34503095165132,0,1,0.0,24.971293710759323,2.651593887726202,"[0, 167, 1, 28, 29]",225,False,1180,1,cal_rl_s11,1
31207,normal,45,True,False,True,38.2,870.3527529433823,82.02910143340522,1,3,3.800000000000001,7.698818823584556,0.6478168540321351,"[1, 52, 2, 74, 62]",191,False,636,0,cal_rl_s11,1
31208,normal,45,False,True,False,45.0,982.5521586974644,78.5613212895477,2,1,0.0,28.343803967436614,2.7678164138499737,"[0, 107, 15, 57, 46]",225,True,1353,2,cal_rl_s11,1
31209,normal,45,False,True,False,45.0,1314.9762049267529,105.2774930875576,9,1,0.0,39.45440512316871,3.154056448093891,"[0, 68, 45, 101, 11]",225,True,1930,3,cal_rl_s11,1
31210,normal,45,True,False,True,17.4,371.53422362492074,76.83751731432818,0,0,2.1999999999999997,-4.031644409376981,0.265432758240682,"[0, 80, 0, 3, 4]",87,False,111,0,cal_rl_s11,1
31211,normal,45,False,True,False,45.0,905.7868377209779,72.42559273894189,0,0,0.0,25.64467094302445,2.6709532131266505,"[0, 94, 0, 73, 58]",225,False,1206,1,cal_rl_s11,1
31212,normal,45,False,True,False,45.0,959.7762477082535,76.73850691244232,1,1,0.0,27.374406192706346,2.7309453686727805,"[0, 138, 1, 51, 35]",225,True,1295,2,cal_rl_s11,1
31213,normal,45,False,True,False,45.0,1089.5194082847665,87.32561943187767,4,10,0.8,30.557985207119174,2.883495857988716,"[5, 93, 30, 47, 50]",225,True,1526,3,cal_rl_s11,1
31214,normal,45,False,True,False,45.0,1075.313637326732,85.99692522623266,3,1,0.2,30.9428409331683,2.855639731353135,"[0, 141, 1, 61, 22]",225,True,1479,3,cal_rl_s11,1
31215,normal,45,False,True,False,45.0,895.4004362846515,71.56711808021394,0,0,0.0,25.38501090711628,2.663259582433075,"[0, 17, 0, 114, 94]",225,False,1195,1,cal_rl_s11,1
31216,normal,45,False,True,False,45.0,968.3646929925985,77.40828544543288,2,0,0.0,28.009117324814934,2.7573071799945175,"[0, 195, 0, 17, 13]",225,True,1338,2,cal_rl_s11,1
31217,normal,45,False,True,False,45.0,1294.0982443056246,103.6454930875576,8,3,0.6000000000000001,38.13245610764054,3.115924625411574,"[1, 93, 17, 91, 23]",225,True,1871,3,cal_rl_s11,1
31218,normal,45,False,True,False,45.0,1142.9891879384118,91.54949325228993,5,3,0.0,33.5147296984603,2.946658657732157,"[1, 147, 10, 46, 21]",225,True,1618,3,cal_rl_s11,1
31219,normal,45,False,True,False,45.0,1091.0683953603989,87.42149311040404,6,4,0.0,32.59670988400996,2.9281988113780733,"[2, 143, 3, 32, 45]",225,True,1601,3,cal_rl_s11,1
31200,dense,45,False,True,False,45.0,1228.3425765660345,98.36554143898545,13,2,0.0,38.86856441415083,3.1698833900489145,"[1, 54, 69, 61, 40]",225,True,1983,3,cal_rl_s11,1
31201,dense,45,True,False,True,26.2,629.4315417237187,86.52200016443618,4,2,0.4,5.055788543092968,0.544467808684236,"[1, 52, 1, 46, 31]",131,False,517,0,cal_rl_s11,1
31202,dense,45,False,True,False,45.0,1077.1106051638217,86.2694930875576,5,2,1.0,31.28776512909552,2.8934152630843126,"[1, 122, 1, 62, 39]",225,True,1547,3,cal_rl_s11,1
31203,dense,45,False,True,False,45.0,894.0776329929809,71.45243163270302,5,3,0.2,27.051940824824534,2.76139083925406,"[1, 136, 2, 41, 45]",225,True,1368,3,cal_rl_s11,1
31204,dense,45,False,True,False,45.0,1019.4875823541768,81.66186780651375,5,2,0.2,30.32718955885443,2.854287098040131,"[1, 107, 20, 48, 49]",225,True,1493,3,cal_rl_s11,1
31205,dense,45,False,True,False,45.0,1062.7345022617415,85.11749373160227,5,2,0.4,31.288362556543536,2.8854329646383268,"[1, 74, 3, 82, 65]",225,True,1536,3,cal_rl_s11,1
31206,dense,45,False,True,False,45.0,1003.7000776187481,80.35875418776169,4,3,0.0,29.632501940468693,2.8234815389768504,"[1, 111, 2, 56, 55]",225,True,1444,3,cal_rl_s11,1
31207,dense,45,False,True,False,45.0,848.1601131124933,67.81050720632555,2,1,0.0,24.98400282781235,2.6682667504536988,"[0, 147, 1, 46, 31]",225,False,1218,1,cal_rl_s11,1
31208,dense,45,False,True,False,45.0,1068.044554586586,85.40928239958723,7,7,0.4,31.64111386466466,2.9293663367308045,"[3, 117, 23, 36, 46]",225,True,1611,3,cal_rl_s11,1
31209,dense,45,False,True,False,45.0,1220.8721394029117,97.78949308755762,8,3,0.0,36.66180348507276,3.0643497328910456,"[1, 150, 6, 46, 22]",225,True,1801,3,cal_rl_s11,1
31210,dense,45,False,True,False,45.0,1132.2224922698701,90.68586799982974,8,3,0.0,34.32556230674674,2.9986833276073113,"[1, 118, 2, 67, 37]",225,True,1712,3,cal_rl_s11,1
31211,dense,45,False,True,False,45.0,844.948567328189,67.51135686292264,1,0,0.0,24.52371418320473,2.6458878276505104,"[0, 32, 0, 83, 110]",225,False,1180,1,cal_rl_s11,1
31212,dense,45,True,False,True,35.4,788.2287885220326,80.25445523652878,6,1,0.0,10.085719713050807,0.7038731766829871,"[0, 105, 1, 34, 37]",177,False,748,0,cal_rl_s11,1
31213,dense,45,False,True,False,45.0,896.0818507173728,71.64597734753606,2,4,0.4,25.52204626793434,2.701986556086943,"[2, 63, 2, 63, 95]",225,True,1264,2,cal_rl_s11,1
31214,dense,45,False,True,False,45.0,806.5594188233604,64.4346356600501,1,1,0.0,23.54398547058401,2.6174514213506375,"[0, 69, 1, 79, 76]",225,False,1142,1,cal_rl_s11,1
31215,dense,45,False,True,False,45.0,955.9854646525232,76.44154401940196,3,1,2.4,26.639636616313084,2.7574707145574244,"[0, 120, 1, 48, 56]",225,True,1349,3,cal_rl_s11,1
31216,dense,45,False,True,False,45.0,911.6706388547141,73.02288536257797,3,1,0.0,26.971765971367855,2.7353115843368254,"[0, 102, 6, 63, 54]",225,True,1317,3,cal_rl_s11,1
31217,dense,45,False,True,False,45.0,964.8719809934482,77.16803124653089,4,0,0.0,28.721799524836197,2.794719985921073,"[0, 114, 0, 46, 65]",225,True,1405,3,cal_rl_s11,1
31218,dense,45,False,True,False,45.0,1136.0067387436552,90.9801076855927,9,2,0.0,34.96016846859138,3.0214864731434483,"[1, 137, 12, 30, 45]",225,True,1751,3,cal_rl_s11,1
31219,dense,45,False,True,False,45.0,919.9200828596415,73.5546253667017,1,1,0.0,26.37800207149103,2.7014222835997344,"[0, 69, 1, 83, 72]",225,True,1255,2,cal_rl_s11,1
31200,normal,60,False,True,False,60.0,1558.570910918343,93.5431317923008,4,1,0.0,43.54427277295855,2.945872728287968,"[0, 120, 10, 125, 45]",300,True,1999,2,cal_rl_s11,1
31201,normal,60,False,True,False,60.0,1443.2207989188382,86.66243565623607,6,3,0.0,41.300519972970974,2.921789332732688,"[1, 154, 7, 76, 62]",300,True,1953,3,cal_rl_s11,1
31202,normal,60,False,True,False,60.0,1520.1688326790472,91.2701198156682,7,1,0.4,43.54422081697612,2.9832049070439153,"[0, 136, 14, 90, 60]",300,True,2063,3,cal_rl_s11,1
31203,normal,60,False,True,False,60.0,1788.526185742895,107.39811981566821,10,3,0.0,51.65315464357222,3.193625658746053,"[1, 106, 27, 162, 4]",300,True,2439,3,cal_rl_s11,1
31204,normal,60,False,True,False,60.0,1651.8237627936996,99.2042031701704,13,5,0.2,49.275594069842406,3.1770132015520556,"[2, 173, 29, 58, 38]",300,True,2406,3,cal_rl_s11,1
31205,normal,60,False,True,False,60.0,1545.172184779855,92.78211981566838,5,4,0.0,43.30930461949638,2.958428991544364,"[2, 204, 2, 61, 31]",300,True,2020,3,cal_rl_s11,1
31206,normal,60,False,True,False,60.0,1155.6605964408836,69.27307092630839,1,1,0.0,32.27151491102207,2.6620336646893796,"[0, 177, 1, 57, 65]",300,False,1491,1,cal_rl_s11,1
31207,normal,60,False,True,False,60.0,1612.0754345305395,96.81411981566819,5,3,0.0,45.2418858632634,2.9955974636280778,"[1, 128, 2, 138, 31]",300,True,2087,3,cal_rl_s11,1
31208,normal,60,False,True,False,60.0,1264.469648814425,75.83709741323295,2,1,0.0,35.39174122036061,2.742483138230236,"[0, 136, 14, 81, 69]",300,False,1634,1,cal_rl_s11,1
31209,normal,60,False,True,False,60.0,1764.9762049267529,105.95811981566818,9,1,0.0,50.704405123168605,3.1605423360704186,"[0, 92, 65, 132, 11]",300,True,2380,3,cal_rl_s11,1
31210,normal,60,True,False,True,17.4,371.53422362492074,76.83751731432818,0,0,2.1999999999999997,-4.031644409376981,0.19907456868051152,"[0, 80, 0, 3, 4]",87,False,111,0,cal_rl_s11,1
31211,normal,60,False,True,False,60.0,1193.8398123923948,71.60169437280243,1,0,0.0,33.24599530980985,2.683244340217997,"[0, 137, 0, 82, 81]",300,False,1529,1,cal_rl_s11,1
31212,normal,60,False,True,False,60.0,1212.868984315494,72.69469872284849,1,1,0.0,33.70172460788733,2.6938161023974967,"[0, 171, 1, 70, 58]",300,False,1548,1,cal_rl_s11,1
31213,normal,60,False,True,False,60.0,1506.959125970653,90.5501357338274,7,13,0.8,41.893978149266346,2.974532847761474,"[6, 134, 44, 57, 59]",300,True,2048,3,cal_rl_s11,1
31214,normal,60,False,True,False,60.0,1378.9499801131124,82.73063628314286,3,1,0.0,38.6537495028278,2.8260833222850623,"[0, 169, 1, 90, 40]",300,True,1784,2,cal_rl_s11,1
31215,normal,60,False,True,False,60.0,1170.6288882265262,70.18355675317807,0,0,0.0,32.26572220566316,2.65034938234807,"[0, 17, 0, 153, 130]",300,False,1471,1,cal_rl_s11,1
31216,normal,60,False,True,False,60.0,1235.9999999999973,74.11388018433179,2,0,0.0,34.69999999999992,2.7266666666666652,"[0, 270, 0, 18, 12]",300,False,1606,1,cal_rl_s11,1
31217,normal,60,False,True,False,60.0,1651.6515874357783,99.14622936075268,7,2,0.0,47.051289685894375,3.057584215242099,"[1, 101, 13, 136, 49]",300,True,2197,3,cal_rl_s11,1
31218,normal,60,False,True,False,60.0,1597.6887101515058,95.95011981566822,7,3,0.0,45.68221775378759,3.0276048389730588,"[1, 164, 24, 88, 23]",300,True,2143,3,cal_rl_s11,1
31219,normal,60,False,True,False,60.0,1521.4924733075218,91.39268780360135,10,5,0.0,44.93731183268803,3.0452735962819566,"[2, 182, 10, 60, 46]",300,True,2171,3,cal_rl_s11,1
31200,dense,60,False,True,False,60.0,1680.515461614455,100.9181198156682,17,3,0.0,51.7528865403613,3.233619700896919,"[1, 81, 82, 96, 40]",300,True,2576,3,cal_rl_s11,1
31201,dense,60,True,False,True,25.8,622.0625980648317,86.9334879543134,4,2,0.6000000000000001,4.751564951620786,0.42359033225823983,"[1, 50, 1, 47, 30]",129,False,509,0,cal_rl_s11,1
31202,dense,60,False,True,False,60.0,1506.709303592872,90.41675495322774,6,2,1.0,42.427732589821794,2.953727390884929,"[1, 134, 1, 105, 59]",300,True,2012,3,cal_rl_s11,1
31203,dense,60,False,True,False,60.0,1117.917075014846,67.01155187700446,5,3,0.0,32.76792687537116,2.7210650416749145,"[1, 189, 2, 49, 59]",300,False,1593,1,cal_rl_s11,1
31204,dense,60,False,True,False,60.0,1377.079513591034,82.70215678481436,7,2,0.2,40.066987839775855,2.9043775075505747,"[1, 173, 20, 52, 54]",300,True,1921,3,cal_rl_s11,1
31205,dense,60,False,True,False,60.0,1515.1296461415163,90.9821198156682,6,2,0.2,43.11824115353785,2.961072025634176,"[1, 130, 1, 104, 64]",300,True,2024,3,cal_rl_s11,1
31206,dense,60,False,True,False,60.0,1492.372147194837,89.57799646766402,8,4,2.1999999999999997,42.10930367987089,2.9817623039971317,"[2, 184, 2, 64, 48]",300,True,2061,3,cal_rl_s11,1
31207,dense,60,False,True,False,60.0,1249.6919676463817,75.07039613016732,8,3,0.2,37.26229919115953,2.8536066486924345,"[1, 196, 13, 56, 34]",300,True,1829,3,cal_rl_s11,1
31208,dense,60,False,True,False,60.0,1318.0297892904455,79.12644147655291,7,9,0.4,37.49074473226112,2.870905438494692,"[4, 124, 30, 62, 80]",300,True,1861,3,cal_rl_s11,1
31209,dense,60,False,True,False,60.0,1500.4721405281916,90.0258801843302,9,3,0.0,44.05180351320476,3.0135956336267733,"[1, 220, 6, 46, 27]",300,True,2115,3,cal_rl_s11,1
31210,dense,60,False,True,False,60.0,1582.1518845796663,95.01411981566821,10,3,0.0,46.37379711449161,3.078973269210926,"[1, 114, 32, 116, 37]",300,True,2232,3,cal_rl_s11,1
31211,dense,60,False,True,False,60.0,1102.800213230184,66.121890246438,1,0,0.0,30.970005330754617,2.63266678512788,"[0, 70, 0, 103, 127]",300,False,1438,1,cal_rl_s11,1
31212,dense,60,True,False,True,35.6,793.0276748673045,80.2889772159721,6,1,0.0,10.20569187168262,0.5605709304818358,"[0, 104, 1, 35, 38]",178,False,753,0,cal_rl_s11,1
31213,dense,60,False,True,False,60.0,1143.53417493588,68.60913646686187,2,4,0.4,31.708354373396993,2.6739634305199336,"[2, 79, 2, 91, 126]",300,True,1512,2,cal_rl_s11,1
31214,dense,60,False,True,False,60.0,1109.4776134544095,66.6017978778789,3,2,0.0,31.896940336360224,2.676376451919116,"[1, 98, 1, 96, 104]",300,False,1514,1,cal_rl_s11,1
31215,dense,60,False,True,False,60.0,1224.6617999340078,73.45332240755796,3,1,2.4,33.356544998350195,2.7323676666300045,"[0, 139, 1, 78, 82]",300,True,1618,2,cal_rl_s11,1
31216,dense,60,False,True,False,60.0,1356.6157134086084,81.4781314321152,6,2,0.0,39.275392835215236,2.8736753963381156,"[1, 167, 6, 68, 58]",300,True,1867,3,cal_rl_s11,1
31217,dense,60,False,True,False,60.0,1257.0415372943876,75.3944496303838,4,1,0.0,36.006038432359674,2.7783564096079933,"[0, 214, 1, 40, 45]",300,True,1697,3,cal_rl_s11,1
31218,dense,60,False,True,False,60.0,1585.9016092680477,95.23011981566822,12,2,0.0,47.407540231701205,3.12105644959336,"[1, 157, 12, 83, 47]",300,True,2306,3,cal_rl_s11,1
31219,dense,60,False,True,False,60.0,1237.9695503972293,74.35135030733478,2,2,0.0,34.70923875993071,2.7277608613317943,"[1, 119, 1, 97, 82]",300,True,1608,2,cal_rl_s11,1
31200,light,30,False,True,False,30.0,761.9999999999945,91.43999999999998,1,0,0.0,22.449999999999875,2.8666666666666605,"[0, 147, 0, 1, 2]",150,True,1097,3,cal_bc_s11,1
31201,light,30,False,True,False,30.0,825.5994771965118,99.07195065891506,0,0,0.0,23.63998692991278,2.9173327524405686,"[0, 142, 0, 6, 2]",150,True,1126,2,cal_bc_s11,1
31202,light,30,False,True,False,30.0,852.9762437484412,102.38399964817427,3,1,0.0,25.50440609371103,3.0077513819427124,"[0, 147, 1, 1, 1]",150,True,1258,3,cal_bc_s11,1
31203,light,30,True,False,True,7.4,211.98130403716482,103.09423913286906,0,1,0.0,-6.7204673990708805,0.23553478226351646,"[1, 32, 0, 2, 2]",37,False,0,0,cal_bc_s11,1
31204,light,30,True,False,True,10.4,300.02947769669004,103.88717675405638,0,2,0.0,-4.539263057582749,0.3333660863296556,"[1, 47, 1, 1, 2]",52,False,50,0,cal_bc_s11,1
31205,light,30,False,True,False,30.0,752.1437662132689,90.25929221969983,1,1,0.0,22.183594155331722,2.855715295792521,"[1, 139, 0, 6, 4]",150,True,1087,3,cal_bc_s11,1
31206,light,30,False,True,False,30.0,815.7225580587606,98.0122744070434,3,1,0.0,24.57306395146901,2.9663583978430674,"[1, 145, 0, 2, 2]",150,True,1221,3,cal_bc_s11,1
31207,light,30,False,True,False,30.0,691.7695080184467,82.9584114819748,0,1,0.0,20.27423770046118,2.7686327866871627,"[0, 133, 1, 9, 7]",150,True,992,2,cal_bc_s11,1
31208,light,30,False,True,False,30.0,735.2264121511155,88.16563324626591,0,1,0.0,21.36066030377789,2.8169182357234614,"[1, 139, 0, 5, 5]",150,True,1035,2,cal_bc_s11,1
31209,light,30,False,True,False,30.0,814.2984385085044,97.77599999997472,5,2,0.0,25.317460962712616,3.004776042787227,"[1, 145, 1, 1, 2]",150,True,1289,3,cal_bc_s11,1
31210,light,30,False,True,False,30.0,844.7979321943224,101.37580484488322,3,0,0.0,25.31994830485806,2.998664369104803,"[0, 141, 0, 5, 4]",150,True,1250,3,cal_bc_s11,1
31211,light,30,False,True,False,30.0,776.1221910540048,93.168,2,1,0.0,23.183054776350133,2.9023579900600054,"[0, 145, 1, 2, 2]",150,True,1146,3,cal_bc_s11,1
31212,light,30,False,True,False,30.0,662.1597449117423,79.3942077451038,0,1,0.0,19.533993622793556,2.7357330499019357,"[0, 137, 1, 6, 6]",150,True,962,2,cal_bc_s11,1
31213,light,30,False,True,False,30.0,888.7524928151263,106.7962396313364,3,2,0.0,26.378812320378092,3.0475027697945847,"[1, 147, 1, 1, 0]",150,True,1294,3,cal_bc_s11,1
31214,light,30,False,True,False,30.0,850.5762456369241,102.09599982645486,3,1,0.0,25.44440614092311,3.0050847173743604,"[1, 146, 0, 1, 2]",150,True,1256,3,cal_bc_s11,1
31215,light,30,False,True,False,30.0,804.9762386905131,96.62399999999975,1,1,0.0,23.50440596726282,2.914418042989459,"[0, 145, 1, 3, 1]",150,True,1140,3,cal_bc_s11,1
31216,light,30,False,True,False,30.0,701.7763593551119,84.25383214268967,0,1,0.0,20.5244089838778,2.779751510394569,"[1, 127, 0, 12, 10]",150,True,1002,2,cal_bc_s11,1
31217,light,30,False,True,False,30.0,733.5170798362108,88.22067206227658,0,3,0.0,21.27792699590527,2.81501897759579,"[2, 133, 1, 9, 5]",150,True,1034,2,cal_bc_s11,1
31218,light,30,False,True,False,30.0,895.9524588331594,107.6602396313364,4,2,0.0,26.95881147082893,3.0755027320368438,"[1, 147, 1, 1, 0]",150,True,1336,3,cal_bc_s11,1
31219,light,30,False,True,False,30.0,889.5967008283089,106.77631328242518,3,3,0.0,26.379917520707707,3.048440778698121,"[1, 143, 2, 1, 3]",150,True,1295,3,cal_bc_s11,1
31200,normal,45,False,True,False,45.0,1135.203070090331,90.87768625330257,2,0,0.0,32.18007675225827,2.880891163029875,"[0, 217, 0, 5, 3]",225,True,1505,2,cal_bc_s11,1
31201,normal,45,False,True,False,45.0,1065.3027757000036,85.18188418344039,2,1,0.0,30.412569392500085,2.829113167185188,"[1, 198, 0, 17, 9]",225,True,1435,2,cal_bc_s11,1
31202,normal,45,False,True,False,45.0,967.0019844880342,77.38701416011524,3,1,0.0,28.355049612200844,2.7762977662874326,"[0, 202, 1, 14, 8]",225,True,1372,3,cal_bc_s11,1
31203,normal,45,False,True,False,45.0,1340.1221910540094,107.2934930875576,8,1,0.0,39.683054776350055,3.1526831044844514,"[0, 220, 1, 4, 0]",225,True,1920,3,cal_bc_s11,1
31204,normal,45,False,True,False,45.0,931.8743178052666,74.5293772264308,0,2,0.0,26.25685794513165,2.6902772724483457,"[1, 205, 1, 11, 7]",225,False,1232,1,cal_bc_s11,1
31205,normal,45,False,True,False,45.0,1080.6468837473885,86.49599213972913,2,2,0.0,30.77617209368473,2.840479173146214,"[1, 201, 1, 11, 11]",225,True,1451,2,cal_bc_s11,1
31206,normal,45,False,True,False,45.0,884.0664127992277,70.83351747848262,0,2,0.0,25.061660319980692,2.6548640094809093,"[1, 215, 1, 5, 3]",225,False,1184,1,cal_bc_s11,1
31207,normal,45,False,True,False,45.0,1168.1483436553299,93.56549308755778,4,2,0.0,33.763708591383235,2.9452950693743185,"[1, 210, 1, 7, 6]",225,True,1608,3,cal_bc_s11,1
31208,normal,45,False,True,False,45.0,1142.08099633855,91.45349308755769,7,1,0.0,34.33202490846375,2.985985923213741,"[1, 206, 0, 11, 7]",225,True,1687,3,cal_bc_s11,1
31209,normal,45,True,False,True,8.6,246.83240933259071,103.42978930381693,0,1,0.0,-5.8491897666852335,0.18283882172784496,"[1, 39, 0, 1, 2]",43,False,0,0,cal_bc_s11,1
31210,normal,45,False,True,False,45.0,1145.7221910540056,91.68,4,1,0.0,33.22305477635016,2.9286831044844486,"[1, 218, 0, 3, 3]",225,True,1586,3,cal_bc_s11,1
31211,normal,45,False,True,False,45.0,901.0124510526525,72.02270659772078,0,0,0.0,25.525311276316312,2.667416630409372,"[0, 209, 0, 10, 6]",225,False,1201,1,cal_bc_s11,1
31212,normal,45,False,True,False,45.0,954.9762469562822,76.35450691244242,1,1,0.0,27.254406173907054,2.727389812560209,"[0, 218, 1, 3, 3]",225,True,1290,2,cal_bc_s11,1
31213,normal,45,False,True,False,45.0,1152.2663623110798,92.22881473828627,5,2,0.0,33.766659057777005,2.953530638748948,"[1, 200, 1, 13, 10]",225,True,1627,3,cal_bc_s11,1
31214,normal,45,False,True,False,45.0,1072.0452752001324,85.76142352226007,3,3,0.0,30.941131880003326,2.8541076112593573,"[1, 189, 2, 17, 16]",225,True,1477,3,cal_bc_s11,1
31215,normal,45,False,True,False,45.0,876.9761000064871,70.11450676159608,0,1,0.0,24.904402500162185,2.6496119259307314,"[1, 216, 0, 3, 5]",225,False,1177,1,cal_bc_s11,1
31216,normal,45,False,True,False,45.0,1176.6984257310573,94.23749342151753,6,2,0.0,34.77746064327643,2.991628463504487,"[1, 216, 1, 4, 3]",225,True,1687,3,cal_bc_s11,1
31217,normal,45,True,False,True,18.8,496.37181755059146,95.13194896429397,3,2,0.0,1.569295438764783,0.4276828278152529,"[1, 83, 1, 4, 5]",94,False,351,0,cal_bc_s11,1
31218,normal,45,False,True,False,45.0,1120.6824373526774,89.82810772106701,5,5,0.0,32.917060933816934,2.9301351387797614,"[2, 203, 3, 9, 8]",225,True,1596,3,cal_bc_s11,1
31219,normal,45,False,True,False,45.0,1022.775864335533,81.94954404043669,4,3,0.0,30.10939660838833,2.8376117513596544,"[1, 202, 2, 12, 8]",225,True,1463,3,cal_bc_s11,1
31200,dense,45,False,True,False,45.0,1211.3356082650275,97.02149308755762,12,2,0.0,38.04339020662563,3.137285635751872,"[1, 211, 1, 6, 6]",225,True,1931,3,cal_bc_s11,1
31201,dense,45,False,True,False,45.0,1155.3520563616948,92.44798856415456,8,1,0.0,35.063801409042384,3.0158163380457,"[0, 203, 1, 13, 8]",225,True,1735,3,cal_bc_s11,1
31202,dense,45,False,True,False,45.0,1031.3060676140874,82.4985051193864,4,2,0.0,30.342651690352177,2.8439304204548796,"[1, 201, 1, 11, 11]",225,True,1471,3,cal_bc_s11,1
31203,dense,45,False,True,False,45.0,867.097862935394,69.34650691244242,4,2,0.0,26.237446573384844,2.722294713285477,"[1, 217, 1, 2, 4]",225,True,1307,3,cal_bc_s11,1
31204,dense,45,False,True,False,45.0,917.3981266005364,73.39911262670623,2,1,0.0,26.714953165013416,2.719554167852249,"[1, 208, 0, 9, 7]",225,True,1287,2,cal_bc_s11,1
31205,dense,45,False,True,False,45.0,894.849869251153,71.54995652681244,1,1,0.0,25.75124673127884,2.682851755000854,"[1, 214, 0, 4, 6]",225,True,1230,2,cal_bc_s11,1
31206,dense,45,False,True,False,45.0,1060.148329780055,84.9254930878563,6,2,0.0,31.863708244501378,2.9052950590963373,"[1, 209, 1, 7, 7]",225,True,1570,3,cal_bc_s11,1
31207,dense,45,False,True,False,45.0,849.4906799273492,67.9023064583595,2,2,0.0,24.997266998183733,2.6692523555017402,"[1, 210, 1, 6, 7]",225,False,1219,1,cal_bc_s11,1
31208,dense,45,True,False,True,24.0,569.6581883041465,85.40788204503107,3,1,0.0,3.4214547076036723,0.48196902837344185,"[0, 105, 1, 8, 6]",120,False,425,0,cal_bc_s11,1
31209,dense,45,False,True,False,45.0,1266.2917007825808,101.4374930875576,10,4,0.0,38.457292519564504,3.1379938524315416,"[2, 211, 2, 7, 3]",225,True,1916,3,cal_bc_s11,1
31210,dense,45,True,False,True,12.0,262.57856500335265,78.60940027431134,0,1,0.0,-5.455535874916184,0.19450264074322418,"[1, 55, 0, 1, 3]",60,False,13,0,cal_bc_s11,1
31211,dense,45,False,True,False,45.0,840.0000000000146,67.13850691244242,1,0,0.0,24.400000000000365,2.642222222222233,"[0, 218, 0, 3, 4]",225,False,1175,1,cal_bc_s11,1
31212,dense,45,True,False,True,39.6,885.800280476391,80.56071071460627,6,3,0.0,12.48500701190976,0.7761483559084378,"[2, 171, 1, 16, 8]",198,False,846,0,cal_bc_s11,1
31213,dense,45,False,True,False,45.0,911.1244129408051,72.89850691244226,3,3,0.0,26.91811032352012,2.7349069725487447,"[2, 215, 1, 3, 4]",225,True,1316,3,cal_bc_s11,1
31214,dense,45,False,True,False,45.0,942.1706418017859,75.51749333354746,6,3,0.0,28.894266045044652,2.817904179112434,"[2, 212, 1, 6, 4]",225,True,1452,3,cal_bc_s11,1
31215,dense,45,False,True,False,45.0,959.107337122538,76.73850691244226,3,3,0.0,28.117683428063454,2.770449879350028,"[2, 200, 1, 11, 11]",225,True,1364,3,cal_bc_s11,1
31216,dense,45,False,True,False,45.0,1025.3764866959252,82.1414930908024,5,1,0.0,30.614412167398136,2.8595381382932783,"[1, 204, 0, 13, 7]",225,True,1500,3,cal_bc_s11,1
31217,dense,45,False,True,False,45.0,944.8319540282032,75.58986583028066,3,2,0.0,27.660798850705078,2.759875521502373,"[1, 198, 1, 13, 12]",225,True,1350,3,cal_bc_s11,1
31218,dense,45,False,True,False,45.0,1130.7015419315949,90.58949308755761,7,3,0.0,34.007538548289816,2.9775566977271075,"[1, 218, 2, 3, 1]",225,True,1676,3,cal_bc_s11,1
31219,dense,45,False,True,False,45.0,1024.8234883364078,82.00295756307636,5,1,0.0,30.600587208410193,2.8591285098788206,"[1, 196, 0, 17, 11]",225,True,1500,3,cal_bc_s11,1
31200,normal,60,False,True,False,60.0,1584.9762474763806,95.1581198156682,4,1,0.0,44.20440618690952,2.9605423597091005,"[0, 268, 1, 28, 3]",300,True,2025,2,cal_bc_s11,1
31201,normal,60,False,True,False,60.0,1372.2500420506185,82.33723344831913,3,1,0.0,38.486251051265455,2.822361134472566,"[1, 267, 0, 21, 11]",300,True,1777,2,cal_bc_s11,1
31202,normal,60,False,True,False,60.0,1406.0800021234909,84.43011981566997,6,1,0.0,40.53200005308726,2.9011555567352727,"[0, 274, 1, 15, 10]",300,True,1916,3,cal_bc_s11,1
31203,normal,60,False,True,False,60.0,1789.898438530398,107.4701198156682,9,2,0.0,51.307460963259686,3.1743880214057767,"[1, 294, 1, 4, 0]",300,True,2405,3,cal_bc_s11,1
31204,normal,60,False,True,False,60.0,1206.6894120772945,72.4523890654277,0,3,0.0,33.10723530193237,2.670383006709608,"[1, 269, 2, 16, 12]",300,False,1507,1,cal_bc_s11,1
31205,normal,60,False,True,False,60.0,1512.632543975386,90.8381198157047,7,2,0.0,43.57581359938466,2.980351413319659,"[1, 276, 1, 11, 11]",300,True,2058,3,cal_bc_s11,1
31206,normal,60,False,True,False,60.0,1244.9479634586191,74.68987119089265,3,2,0.0,35.283699086465475,2.7516377574770106,"[1, 284, 1, 6, 8]",300,False,1650,1,cal_bc_s11,1
31207,normal,60,False,True,False,60.0,1621.7485230584161,97.3901198156682,5,2,0.0,45.50371307646029,3.00097140169912,"[1, 279, 1, 10, 9]",300,True,2097,3,cal_bc_s11,1
31208,normal,60,False,True,False,60.0,1511.1055642177216,90.64484976093978,8,1,0.0,43.95763910544302,2.999503091232068,"[1, 277, 0, 12, 10]",300,True,2091,3,cal_bc_s11,1
31209,normal,60,True,False,True,8.6,246.83240933259071,103.42978930381693,0,1,0.0,-5.8491897666852335,0.13712911629588373,"[1, 39, 0, 1, 2]",43,False,0,0,cal_bc_s11,1
31210,normal,60,False,True,False,60.0,1591.9455889510255,95.59011981566873,7,2,0.0,45.558639723775684,3.0244142160839034,"[1, 291, 1, 4, 3]",300,True,2137,3,cal_bc_s11,1
31211,normal,60,False,True,False,60.0,1166.5283950617245,69.95931228309725,0,0,0.0,32.16320987654309,2.648071330589847,"[0, 286, 0, 9, 5]",300,False,1467,1,cal_bc_s11,1
31212,normal,60,False,True,False,60.0,1214.1762214536884,72.81787898089125,1,1,0.0,33.73440553634221,2.694542345252049,"[0, 287, 1, 7, 5]",300,False,1549,1,cal_bc_s11,1
31213,normal,60,False,True,False,60.0,1490.173411192552,89.50046445630936,5,3,0.0,42.19433527981378,2.927874117329196,"[1, 267, 2, 19, 11]",300,True,1965,3,cal_bc_s11,1
31214,normal,60,False,True,False,60.0,1409.8101690699827,84.67203422743923,3,5,0.0,39.3452542267496,2.843227871705546,"[3, 252, 2, 24, 19]",300,True,1815,2,cal_bc_s11,1
31215,normal,60,False,True,False,60.0,1146.9761024039562,68.78588018433182,0,1,0.0,31.654402560098905,2.6372089457799754,"[1, 291, 0, 3, 5]",300,False,1447,1,cal_bc_s11,1
31216,normal,60,False,True,False,60.0,1599.0978876509948,95.97597524268514,8,2,0.0,46.1374471912749,3.048387715361664,"[1, 289, 1, 4, 5]",300,True,2179,3,cal_bc_s11,1
31217,normal,60,True,False,True,18.8,496.37181755059146,95.13194896429397,3,2,0.0,1.569295438764783,0.3357621208614397,"[1, 83, 1, 4, 5]",94,False,351,0,cal_bc_s11,1
31218,normal,60,False,True,False,60.0,1562.1644227888119,93.86211981566846,7,5,0.0,44.75411056972034,3.0078691237715622,"[2, 278, 3, 9, 8]",300,True,2107,3,cal_bc_s11,1
31219,normal,60,False,True,False,60.0,1341.733308126907,80.54331228123073,5,4,0.0,38.463332703172675,2.8454073934038373,"[2, 272, 2, 13, 11]",300,True,1817,3,cal_bc_s11,1
31200,dense,60,False,True,False,60.0,1577.2259061464565,94.62870321850342,16,2,0.0,48.790647653661345,3.176236614525809,"[1, 277, 1, 9, 12]",300,True,2437,3,cal_bc_s11,1
31201,dense,60,False,True,False,60.0,1542.7795497842362,92.6430807608452,9,2,0.0,45.129488744605915,3.0370997498801313,"[1, 273, 1, 15, 10]",300,True,2158,3,cal_bc_s11,1
31202,dense,60,False,True,False,60.0,1308.5060961081385,78.50588018414383,4,2,0.0,37.27265240270344,2.806947831171188,"[1, 273, 1, 13, 12]",300,True,1749,3,cal_bc_s11,1
31203,dense,60,False,True,False,60.0,1141.8979900333902,68.49787860521079,5,2,0.0,33.507449750834766,2.7343877722407726,"[1, 289, 1, 4, 5]",300,True,1617,3,cal_bc_s11,1
31204,dense,60,False,True,False,60.0,1297.8318066552206,77.95012600500455,3,2,0.0,36.60579516638053,2.7810176703640113,"[1, 278, 1, 12, 8]",300,True,1703,2,cal_bc_s11,1
31205,dense,60,False,True,False,60.0,1454.4219241002934,87.3821198156682,6,4,0.0,41.68054810250733,2.9280121800557186,"[2, 275, 2, 11, 10]",300,True,1964,3,cal_bc_s11,1
31206,dense,60,False,True,False,60.0,1479.3197742998254,88.79133537706247,12,4,0.0,44.58299435749559,3.0618443190554583,"[2, 272, 2, 9, 15]",300,True,2199,3,cal_bc_s11,1
31207,dense,60,False,True,False,60.0,1272.2085101410098,76.43811981568024,8,3,0.0,37.9452127535252,2.8667825056338945,"[1, 277, 2, 13, 7]",300,True,1852,3,cal_bc_s11,1
31208,dense,60,True,False,True,53.4,1180.7967912104295,79.61739346554135,7,4,1.0,19.519919780260704,0.7926648840057943,"[2, 239, 2, 12, 12]",267,False,1171,0,cal_bc_s11,1
31209,dense,60,False,True,False,60.0,1638.8531376531373,98.47012293192779,12,6,0.0,48.651328441328424,3.1504739653628544,"[3, 278, 3, 10, 6]",300,True,2359,3,cal_bc_s11,1
31210,dense,60,True,False,True,12.0,262.57856500335265,78.60940027431134,0,1,0.0,-5.455535874916184,0.14587698055741813,"[1, 55, 0, 1, 3]",60,False,13,0,cal_bc_s11,1
31211,dense,60,False,True,False,60.0,1083.599959909951,64.96987829252414,1,0,0.0,30.489998997748774,2.6219999777277505,"[0, 287, 0, 7, 6]",300,False,1419,1,cal_bc_s11,1
31212,dense,60,False,True,False,60.0,1467.6956323789732,88.11971470936531,9,3,0.0,43.23239080947433,2.995386462432763,"[2, 270, 1, 17, 10]",300,True,2083,3,cal_bc_s11,1
31213,dense,60,False,True,False,60.0,1155.8129220434698,69.35661904705636,4,3,0.0,33.43532305108674,2.72211829002415,"[2, 284, 1, 7, 6]",300,True,1596,3,cal_bc_s11,1
31214,dense,60,False,True,False,60.0,1289.7902325222176,77.4518183898089,10,4,0.0,39.164755813055436,2.9165501291790097,"[2, 276, 2, 9, 11]",300,True,1940,3,cal_bc_s11,1
31215,dense,60,False,True,False,60.0,1229.0703502839629,73.75388018433182,3,3,0.0,34.86675875709905,2.742816861268868,"[2, 276, 1, 10, 11]",300,True,1634,2,cal_bc_s11,1
31216,dense,60,False,True,False,60.0,1383.952730210989,83.04187999983942,6,2,0.0,39.958818255274736,2.8888626278949943,"[1, 275, 1, 13, 10]",300,True,1894,3,cal_bc_s11,1
31217,dense,60,False,True,False,60.0,1231.3629863720198,73.87233380220663,4,2,0.0,35.22407465930048,2.7640905479844555,"[1, 267, 1, 17, 14]",300,True,1671,3,cal_bc_s11,1
31218,dense,60,False,True,False,60.0,1452.301532074865,87.14587971920297,9,3,0.0,42.847538301871545,2.986834184486036,"[1, 287, 2, 5, 5]",300,True,2067,3,cal_bc_s11,1
31219,dense,60,False,True,False,60.0,1333.5277755085167,80.03319812021837,5,2,0.0,38.298194387712904,2.840848764171398,"[1, 262, 1, 22, 14]",300,True,1809,3,cal_bc_s11,1
31200,light,30,False,True,False,30.0,752.9280354730117,90.29898223780803,1,1,0.0,22.2032008868253,2.8565867060811243,"[3, 121, 0, 16, 10]",150,True,1088,3,cal_rl_s23,1
31201,light,30,True,False,True,27.4,760.6584962692991,100.06272496738697,0,1,0.0,6.996462406732476,0.845176106965888,"[1, 97, 0, 30, 9]",137,False,511,0,cal_rl_s23,1
31202,light,30,False,True,False,30.0,734.0010645695791,88.1114865754643,0,1,0.0,21.330026614239475,2.8155567384106432,"[37, 43, 0, 45, 25]",150,True,1034,2,cal_rl_s23,1
31203,light,30,False,True,False,30.0,849.3521957277217,102.04445268702796,6,1,0.0,26.613804893193024,3.0637246619196907,"[1, 117, 0, 27, 5]",150,True,1359,3,cal_rl_s23,1
31204,light,30,False,True,False,30.0,707.7342498650082,84.86606489937587,0,1,0.0,20.67335624662521,2.786371388738898,"[0, 134, 1, 6, 9]",150,True,1008,2,cal_rl_s23,1
31205,light,30,False,True,False,30.0,759.3762386907495,91.15200000002217,1,1,0.0,22.364405967268734,2.863751376323055,"[1, 124, 0, 15, 10]",150,True,1094,3,cal_rl_s23,1
31206,light,30,False,True,False,30.0,872.1749788723203,104.78023963133693,4,1,0.0,26.38437447180801,3.049083309858134,"[1, 113, 0, 31, 5]",150,True,1312,3,cal_rl_s23,1
31207,light,30,False,True,False,30.0,687.2230013012231,82.40564167108026,0,1,0.0,20.16057503253057,2.7635811125569147,"[0, 137, 1, 5, 7]",150,True,987,2,cal_rl_s23,1
31208,light,30,False,True,False,30.0,725.7391152372509,87.02652408289427,0,1,0.0,21.123477880931265,2.8063767947080565,"[1, 131, 0, 10, 8]",150,True,1026,2,cal_rl_s23,1
31209,light,30,False,True,False,30.0,829.6807441690582,99.55574237822876,5,3,0.2,25.56201860422646,3.0205341601878426,"[2, 129, 1, 13, 5]",150,True,1304,3,cal_rl_s23,1
31210,light,30,True,False,True,11.0,326.22576769922125,107.07338081609872,0,1,0.0,-3.864355807519469,0.36247307522135697,"[1, 38, 0, 16, 0]",55,False,76,0,cal_rl_s23,1
31211,light,30,False,True,False,30.0,712.4365134121806,85.64305572169157,0,2,0.0,20.77091283530451,2.791596126013534,"[1, 122, 1, 17, 9]",150,True,1012,2,cal_rl_s23,1
31212,light,30,False,True,False,30.0,641.776241829923,76.94776035464302,0,1,0.0,19.024406045748073,2.713084713144359,"[0, 138, 1, 4, 7]",150,False,942,1,cal_rl_s23,1
31213,light,30,False,True,False,30.0,895.9507153666693,107.6602396313364,3,2,0.2,26.438767884166676,3.0541674615185217,"[13, 106, 1, 30, 0]",150,True,1300,3,cal_rl_s23,1
31214,light,30,False,True,False,30.0,847.9788597410761,101.75862442024759,3,1,0.0,25.379471493526896,3.00219873304564,"[1, 133, 0, 10, 6]",150,True,1253,3,cal_rl_s23,1
31215,light,30,False,True,False,30.0,780.9762471142687,93.74400000029952,1,1,0.0,22.904406177856714,2.8877513856825208,"[0, 139, 1, 7, 3]",150,True,1116,3,cal_rl_s23,1
31216,light,30,False,True,False,30.0,698.1714555595795,83.71533656263,0,1,0.0,20.434286388989484,2.775746061732866,"[1, 119, 0, 19, 11]",150,True,998,2,cal_rl_s23,1
31217,light,30,False,True,False,30.0,756.826787074013,90.79291284552714,1,1,0.0,22.300669676850315,2.8609186523044587,"[1, 116, 0, 18, 15]",150,True,1092,3,cal_rl_s23,1
31218,light,30,False,True,False,30.0,757.8980487594338,91.10024557409595,2,2,0.0,22.70745121898584,2.8821089430660374,"[1, 120, 1, 23, 5]",150,True,1128,3,cal_rl_s23,1
31219,light,30,False,True,False,30.0,836.9046030826687,100.60423963133644,2,3,0.0,24.662615077066707,2.9698940034251873,"[2, 115, 1, 28, 4]",150,True,1207,3,cal_rl_s23,1
31200,normal,45,False,True,False,45.0,1108.576249886224,88.76549320882542,2,1,0.0,31.49440624715562,2.8611675925083144,"[1, 180, 0, 30, 14]",225,True,1479,2,cal_rl_s23,1
31201,normal,45,False,True,False,45.0,1065.3888643762007,85.248793848843,2,1,0.0,30.414721609405,2.8291769365749637,"[20, 134, 0, 47, 24]",225,True,1435,2,cal_rl_s23,1
31202,normal,45,True,False,True,20.8,496.7850887580014,86.00651179282153,1,1,0.0,0.7996272189500342,0.3879889546355566,"[1, 43, 0, 32, 28]",104,False,282,0,cal_rl_s23,1
31203,normal,45,False,True,False,45.0,899.7521985591989,71.93850590605717,0,1,2.4,24.03380496397997,2.655816443377184,"[1, 182, 0, 25, 17]",225,False,1188,1,cal_rl_s23,1
31204,normal,45,False,True,False,45.0,924.9737018904666,73.9545069124424,0,1,0.0,26.104342547261677,2.6851657051040494,"[1, 188, 0, 21, 15]",225,False,1225,1,cal_rl_s23,1
31205,normal,45,False,True,False,45.0,1050.7334253432514,84.16087936762582,3,2,1.4,29.58833563358128,2.832098833587594,"[17, 131, 1, 46, 30]",225,True,1449,3,cal_rl_s23,1
31206,normal,45,False,True,False,45.0,819.3284411199763,65.44501370918803,0,1,0.0,23.463211027999392,2.6069099563851674,"[1, 183, 0, 25, 16]",225,False,1119,1,cal_rl_s23,1
31207,normal,45,False,True,False,45.0,1050.390789936117,84.08266932748143,2,1,0.0,30.03976974840294,2.818067251804531,"[2, 167, 0, 31, 25]",225,True,1420,2,cal_rl_s23,1
31208,normal,45,False,True,False,45.0,1248.752421720908,99.9974930875576,10,2,0.0,38.178810543022614,3.125001793867339,"[1, 195, 1, 21, 7]",225,True,1899,3,cal_rl_s23,1
31209,normal,45,False,True,False,45.0,1077.3519784223267,86.1465069124424,3,1,0.0,31.11379946055817,2.8580385025350568,"[1, 202, 0, 9, 13]",225,True,1482,3,cal_rl_s23,1
31210,normal,45,False,True,False,45.0,1159.4682196386998,92.7494642900286,5,1,0.0,33.96670549096752,2.9588653478805185,"[9, 195, 0, 11, 10]",225,True,1634,3,cal_rl_s23,1
31211,normal,45,False,True,False,45.0,976.0386215195151,78.13067137634523,3,1,0.2,28.460965537987867,2.7821026826070483,"[1, 185, 0, 25, 14]",225,True,1380,3,cal_rl_s23,1
31212,normal,45,False,True,False,45.0,1079.8380169350776,86.4039249637862,5,1,0.0,31.975950423376922,2.899880012544502,"[6, 153, 0, 43, 23]",225,True,1555,3,cal_rl_s23,1
31213,normal,45,False,True,False,45.0,1108.0801905983626,88.64245991222712,6,3,0.0,33.04200476495906,2.9408001411839724,"[10, 191, 1, 13, 10]",225,True,1618,3,cal_rl_s23,1
31214,normal,45,False,True,False,45.0,1205.6677206577197,96.43221477097418,6,1,0.2,35.401693016443005,3.012198311598311,"[21, 163, 0, 26, 15]",225,True,1715,3,cal_rl_s23,1
31215,normal,45,False,True,False,45.0,870.9725988312184,69.6345069124424,0,1,0.0,24.75431497078045,2.6451648880231247,"[4, 157, 0, 38, 26]",225,False,1171,1,cal_rl_s23,1
31216,normal,45,False,True,False,45.0,1241.9504210142327,99.44027089356054,8,3,0.0,37.18876052535581,3.079963274825358,"[1, 177, 2, 37, 8]",225,True,1822,3,cal_rl_s23,1
31217,normal,45,False,True,False,45.0,1122.634165576977,89.91749504181489,6,2,0.0,33.42585413942443,2.9515808633903533,"[1, 207, 1, 9, 7]",225,True,1633,3,cal_rl_s23,1
31218,normal,45,False,True,False,45.0,1136.8874340355324,90.95498339683189,5,5,0.0,33.32218585088832,2.9421388400263204,"[3, 163, 2, 35, 22]",225,True,1612,3,cal_rl_s23,1
31219,normal,45,False,True,False,45.0,885.2680582022624,70.84800835185953,1,1,0.0,25.51170145505657,2.675754117186861,"[0, 94, 1, 81, 49]",225,False,1220,1,cal_rl_s23,1
31200,dense,45,False,True,False,45.0,866.7182587522493,69.39351747848252,4,0,1.4,25.427956468806237,2.715791302779444,"[0, 184, 0, 23, 18]",225,True,1300,3,cal_rl_s23,1
31201,dense,45,False,True,False,45.0,1167.363009843677,93.34567430323627,8,1,1.9999999999999998,34.16407524609194,3.0158244517360573,"[1, 168, 0, 36, 20]",225,True,1737,3,cal_rl_s23,1
31202,dense,45,False,True,False,45.0,1061.5152905925775,85.02149877911609,5,2,0.0,31.49788226481443,2.886307622661169,"[2, 167, 1, 29, 26]",225,True,1537,3,cal_rl_s23,1
31203,dense,45,False,True,False,45.0,807.3222151695943,64.4846219811885,2,1,2.1999999999999997,22.643055379239847,2.6282386779034033,"[20, 139, 0, 29, 37]",225,False,1166,1,cal_rl_s23,1
31204,dense,45,False,True,False,45.0,910.6568165894057,72.76958860815546,3,1,1.0,26.346420414735153,2.730116160436597,"[1, 185, 0, 17, 22]",225,True,1311,3,cal_rl_s23,1
31205,dense,45,False,True,False,45.0,885.3522145542429,70.78650691244239,1,1,0.0,25.51380536385608,2.675816455225365,"[1, 205, 0, 10, 9]",225,True,1220,2,cal_rl_s23,1
31206,dense,45,True,False,True,22.2,426.09947653421705,69.00300634498448,1,1,3.600000000000001,-3.1275130866445764,0.3196292418771978,"[3, 57, 0, 25, 26]",111,False,193,0,cal_rl_s23,1
31207,dense,45,False,True,False,45.0,768.9283830947361,61.41301005832179,0,1,0.6000000000000001,21.843209577368413,2.566909913403508,"[1, 194, 0, 17, 13]",225,False,1066,1,cal_rl_s23,1
31208,dense,45,False,True,False,45.0,1112.8421384181315,89.02410357972077,9,3,3.800000000000001,32.08105346045329,2.987438621050468,"[18, 166, 1, 22, 18]",225,True,1709,3,cal_rl_s23,1
31209,dense,45,False,True,False,45.0,1249.690311794896,100.09349308755759,9,3,0.0,37.78225779487236,3.105696527255479,"[7, 152, 1, 47, 18]",225,True,1865,3,cal_rl_s23,1
31210,dense,45,True,False,True,12.8,277.9796996464138,78.20818197177611,0,1,0.0,-5.070507508839654,0.20591088862697318,"[1, 25, 0, 23, 15]",64,False,28,0,cal_rl_s23,1
31211,dense,45,False,True,False,45.0,812.6661356542606,64.94725179170273,0,0,0.0,23.3166533913565,2.6019749152994525,"[0, 93, 0, 82, 50]",225,False,1113,1,cal_rl_s23,1
31212,dense,45,False,True,False,45.0,936.7791154163908,74.9617641885209,5,2,1.9999999999999998,27.17947788540977,2.7850215669751046,"[21, 137, 1, 35, 31]",225,True,1402,3,cal_rl_s23,1
31213,dense,45,True,False,True,8.0,234.41569601552555,105.83789987954242,1,3,0.0,-5.799607599611861,0.1936412563077967,"[10, 25, 1, 4, 0]",40,False,19,0,cal_rl_s23,1
31214,dense,45,False,True,False,45.0,794.3723865997217,63.46933301552086,1,1,0.0,23.239309664993055,2.608423990073868,"[0, 176, 1, 26, 22]",225,False,1129,1,cal_rl_s23,1
31215,dense,45,False,True,False,45.0,949.688369893631,75.9084826037632,5,3,2.8000000000000003,27.002209247340762,2.7910284221434307,"[8, 146, 1, 34, 36]",225,True,1411,3,cal_rl_s23,1
31216,dense,45,False,True,False,45.0,1165.6513276638025,93.37349308755759,9,3,0.8,35.201283191595046,3.0398898723435575,"[2, 179, 1, 25, 18]",225,True,1777,3,cal_rl_s23,1
31217,dense,45,False,True,False,45.0,919.6746785331777,73.5705069124424,3,3,0.0,27.011866963329435,2.7412405026171687,"[5, 180, 1, 23, 16]",225,True,1325,3,cal_rl_s23,1
31218,dense,45,False,True,False,45.0,1106.4908653049097,88.61049186606513,6,2,1.0,32.42227163262275,2.935178418744378,"[1, 183, 1, 22, 18]",225,True,1611,3,cal_rl_s23,1
31219,dense,45,False,True,False,45.0,1098.9600923951034,87.87450590145109,7,1,0.0,33.254002309877585,2.954044512885262,"[1, 187, 0, 16, 21]",225,True,1644,3,cal_rl_s23,1
31200,normal,60,False,True,False,60.0,1528.5762479588498,91.77411981566821,4,1,0.0,42.79440619897123,2.9292090266438056,"[1, 225, 0, 57, 17]",300,True,1969,2,cal_rl_s23,1
31201,normal,60,False,True,False,60.0,1388.2484464576983,83.30740700190667,3,1,0.0,38.886211161442475,2.8312491369209436,"[20, 203, 0, 51, 26]",300,True,1793,2,cal_rl_s23,1
31202,normal,60,False,True,False,60.0,1424.1743801081557,85.51011981566859,6,1,0.6000000000000001,40.62435950270391,2.9092079889489755,"[0, 199, 1, 54, 46]",300,True,1931,3,cal_rl_s23,1
31203,normal,60,False,True,False,60.0,1196.1519443756833,71.73786743489218,1,1,13.399999999999984,25.243798609392055,2.639862191319824,"[1, 242, 0, 32, 25]",300,False,1464,1,cal_rl_s23,1
31204,normal,60,False,True,False,60.0,1194.973701890453,71.66588018433181,0,1,0.0,32.854342547261304,2.6638742788280294,"[1, 262, 0, 21, 16]",300,False,1495,1,cal_rl_s23,1
31205,normal,60,False,True,False,60.0,1500.6931444944944,90.11811981566821,5,2,1.7999999999999998,41.39732861236236,2.9277184136080527,"[18, 201, 1, 49, 31]",300,True,1967,3,cal_rl_s23,1
31206,normal,60,True,False,True,44.0,858.8993755828656,70.23529116045248,0,1,5.600000000000002,6.092484389571609,0.45849965310159196,"[1, 202, 0, 11, 6]",220,False,581,0,cal_rl_s23,1
31207,normal,60,False,True,False,60.0,1503.1046525593647,90.2621198156683,3,2,0.2,41.61761631398413,2.8943914736440917,"[2, 228, 1, 42, 27]",300,True,1907,2,cal_rl_s23,1
31208,normal,60,False,True,False,60.0,1698.5286690629387,101.9981198156682,11,3,0.0,49.8032167265733,3.1636270383682996,"[2, 263, 1, 27, 7]",300,True,2384,3,cal_rl_s23,1
31209,normal,60,True,False,True,10.0,271.0028427281834,97.73286321812834,0,1,0.0,-5.244928931795414,0.15055713484899078,"[1, 31, 0, 10, 8]",50,False,21,0,cal_rl_s23,1
31210,normal,60,False,True,False,60.0,1510.582783273519,90.69668407752401,6,1,0.0,43.144569581838,2.9592126573741773,"[10, 257, 0, 19, 14]",300,True,2021,3,cal_rl_s23,1
31211,normal,60,False,True,False,60.0,1457.156344650869,87.5310805403316,7,4,1.7999999999999998,41.06890861627172,2.9435313025838163,"[2, 256, 2, 26, 14]",300,True,1993,3,cal_rl_s23,1
31212,normal,60,False,True,False,60.0,1403.7756354634962,84.2400000073143,5,1,0.0,40.07439088658742,2.879875353035276,"[6, 225, 0, 45, 24]",300,True,1879,3,cal_rl_s23,1
31213,normal,60,False,True,False,60.0,1466.8874650746134,88.10242784033086,9,3,0.0,43.21218662686534,2.9949374805970077,"[10, 252, 1, 23, 14]",300,True,2082,3,cal_rl_s23,1
31214,normal,60,False,True,False,60.0,1539.375635308491,92.37599999999999,7,1,0.2,44.14439088271221,2.9945420196158286,"[23, 240, 0, 25, 12]",300,True,2083,3,cal_rl_s23,1
31215,normal,60,False,True,False,60.0,1152.97259880528,69.14588018310748,0,1,0.0,31.804314970132005,2.6405403326696,"[4, 228, 0, 41, 27]",300,False,1453,1,cal_rl_s23,1
31216,normal,60,False,True,False,60.0,1591.274598154445,95.49194320596776,8,3,0.0,45.921864953861125,3.044041443419136,"[1, 201, 2, 71, 25]",300,True,2171,3,cal_rl_s23,1
31217,normal,60,False,True,False,60.0,1536.6199470368365,92.27811981567017,8,2,0.0,44.57549867592088,3.013677748353798,"[1, 265, 1, 25, 8]",300,True,2117,3,cal_rl_s23,1
31218,normal,60,False,True,False,60.0,1456.6577023894006,87.53352784710032,5,5,0.0,41.31644255973501,2.9092542791052227,"[3, 226, 2, 42, 27]",300,True,1932,3,cal_rl_s23,1
31219,normal,60,False,True,False,60.0,1172.0679230640426,70.29788007119701,1,1,0.0,32.681698076601066,2.6711488461466906,"[0, 144, 1, 95, 60]",300,False,1507,1,cal_rl_s23,1
31200,dense,60,False,True,False,60.0,1233.150216252864,74.0621380515244,8,2,2.4,35.54875540632161,2.8370834534738134,"[1, 250, 1, 26, 22]",300,True,1801,3,cal_rl_s23,1
31201,dense,60,False,True,False,60.0,1544.0190653613467,92.61047248164542,9,1,2.4,43.740476634033705,3.029788369645193,"[2, 227, 0, 46, 25]",300,True,2147,3,cal_rl_s23,1
31202,dense,60,False,True,False,60.0,1542.6225801854307,92.6381198156682,8,2,0.0,44.725564504635706,3.0170125445474616,"[1, 250, 1, 29, 19]",300,True,2123,3,cal_rl_s23,1
31203,dense,60,False,True,False,60.0,1058.1262864154714,63.41165860366919,3,1,6.400000000000003,26.79315716038676,2.626514603564151,"[21, 197, 0, 36, 46]",300,False,1431,1,cal_rl_s23,1
31204,dense,60,False,True,False,60.0,1184.1255068729752,70.97162181788504,3,1,1.5999999999999999,32.82313767182438,2.7125141704849867,"[1, 237, 0, 29, 33]",300,True,1581,2,cal_rl_s23,1
31205,dense,60,False,True,False,60.0,1152.952214554235,69.14588018433183,1,1,0.0,32.20380536385586,2.6605290080856863,"[1, 280, 0, 10, 9]",300,True,1488,2,cal_rl_s23,1
31206,dense,60,True,False,True,21.6,416.6567373827904,69.38934644623049,1,1,3.600000000000001,-3.3635815654302412,0.23947596521266135,"[3, 57, 0, 24, 24]",108,False,184,0,cal_rl_s23,1
31207,dense,60,False,True,False,60.0,1020.9240711494604,61.179554067614035,0,1,1.5999999999999999,27.543101778736503,2.5618467061941446,"[1, 258, 0, 26, 15]",300,False,1313,1,cal_rl_s23,1
31208,dense,60,False,True,False,60.0,1473.8068599543444,88.53411981912284,11,4,4.200000000000001,41.64517149885864,3.024781588863525,"[17, 229, 2, 30, 22]",300,True,2138,3,cal_rl_s23,1
31209,dense,60,False,True,False,60.0,1710.5170425228348,102.7181198156682,13,3,0.0,50.90292606307071,3.210287245846019,"[2, 233, 1, 47, 17]",300,True,2466,3,cal_rl_s23,1
31210,dense,60,True,False,True,12.8,277.9796996464138,78.20818197177611,0,1,0.0,-5.070507508839654,0.1544331664702299,"[1, 25, 0, 23, 15]",64,False,28,0,cal_rl_s23,1
31211,dense,60,False,True,False,60.0,1056.7059883516763,63.42477642311459,0,1,0.0,29.397649708791896,2.587058882417598,"[1, 127, 0, 111, 61]",300,False,1357,1,cal_rl_s23,1
31212,dense,60,False,True,False,60.0,1299.786941998961,78.09412015468264,6,3,1.9999999999999998,36.63467354997401,2.8354371899994226,"[22, 189, 2, 47, 40]",300,True,1800,3,cal_rl_s23,1
31213,dense,60,True,False,True,8.0,234.41569601552555,105.83789987954242,1,3,0.0,-5.799607599611861,0.15023094223084751,"[10, 25, 1, 4, 0]",40,False,19,0,cal_rl_s23,1
31214,dense,60,False,True,False,60.0,1086.150840569535,65.12605180990914,2,2,0.0,30.913771014238375,2.6434171336497414,"[1, 178, 1, 74, 46]",300,False,1456,1,cal_rl_s23,1
31215,dense,60,False,True,False,60.0,1510.3005089876401,90.76612424896099,14,7,1.2,45.497512724690964,3.1150558383264664,"[11, 210, 3, 43, 33]",300,True,2294,3,cal_rl_s23,1
31216,dense,60,False,True,False,60.0,1537.6512532333063,92.25787965179315,13,3,1.0,45.98128133083261,3.1109173629073923,"[2, 250, 1, 25, 22]",300,True,2288,3,cal_rl_s23,1
31217,dense,60,False,True,False,60.0,1189.674678533161,71.37788018433181,3,3,0.0,33.76186696332899,2.720930376962867,"[7, 252, 1, 23, 17]",300,True,1595,2,cal_rl_s23,1
31218,dense,60,False,True,False,60.0,1541.1652281007887,92.56611981566967,9,4,1.0,44.329130702519706,3.032869571167105,"[2, 253, 2, 25, 18]",300,True,2151,3,cal_rl_s23,1
31219,dense,60,False,True,False,60.0,1359.36010846334,81.5298801843318,9,1,0.0,40.56400271158355,2.935200060257411,"[1, 262, 0, 19, 18]",300,True,1974,3,cal_rl_s23,1
31200,light,30,False,True,False,30.0,760.7999999999915,91.29599999999999,1,0,0.0,22.419999999999806,2.8653333333333237,"[0, 147, 0, 1, 2]",150,True,1096,3,cal_bc_s23,1
31201,light,30,False,True,False,30.0,827.9873975853989,99.3588106108247,0,0,0.0,23.69968493963497,2.91998599731711,"[0, 143, 0, 5, 2]",150,True,1128,2,cal_bc_s23,1
31202,light,30,False,True,False,30.0,845.5725048082845,101.50587284858341,3,1,0.0,25.319312620207107,2.9995250053425386,"[0, 143, 1, 2, 4]",150,True,1251,3,cal_bc_s23,1
31203,light,30,False,True,False,30.0,831.3221616985631,99.79199405724081,4,1,0.0,25.363054042464086,3.0036912907761812,"[1, 141, 0, 4, 4]",150,True,1271,3,cal_bc_s23,1
31204,light,30,False,True,False,30.0,710.1585226971074,85.25142890345924,0,1,0.0,20.733963067427688,2.789065025219008,"[0, 136, 1, 8, 5]",150,True,1010,2,cal_bc_s23,1
31205,light,30,False,True,False,30.0,748.509762209781,89.85600000014497,1,1,0.0,22.092744055244527,2.851677513566423,"[1, 139, 0, 6, 4]",150,True,1084,3,cal_bc_s23,1
31206,light,30,False,True,False,30.0,787.1999999999985,94.46400000000001,3,0,0.0,23.879999999999974,2.934666666666665,"[0, 147, 0, 1, 2]",150,True,1192,3,cal_bc_s23,1
31207,light,30,False,True,False,30.0,689.209914641104,82.68658078786571,0,1,0.0,20.210247866027597,2.765788794045671,"[0, 136, 1, 7, 6]",150,True,989,2,cal_bc_s23,1
31208,light,30,False,True,False,30.0,729.5884176262405,87.57204413583477,0,1,0.0,21.219710440656012,2.810653797362489,"[1, 140, 0, 5, 4]",150,True,1030,2,cal_bc_s23,1
31209,light,30,False,True,False,30.0,813.098438519542,97.63199999998224,5,2,0.0,25.28746096298855,3.003442709466158,"[1, 145, 1, 1, 2]",150,True,1288,3,cal_bc_s23,1
31210,light,30,False,True,False,30.0,841.1992556173157,100.94392974674003,3,0,0.0,25.22998139043288,2.9946658395747954,"[0, 143, 0, 4, 3]",150,True,1246,3,cal_bc_s23,1
31211,light,30,True,False,True,14.2,383.44016002373905,97.19524325860256,0,2,0.0,-2.4539959994065264,0.42604462224859896,"[1, 65, 1, 2, 2]",71,False,133,0,cal_bc_s23,1
31212,light,30,False,True,False,30.0,660.0796316461795,79.22863966630678,0,1,0.0,19.481990791154487,2.7334218129401995,"[0, 136, 1, 7, 6]",150,True,960,2,cal_bc_s23,1
31213,light,30,False,True,False,30.0,861.5999999999947,103.4842396313364,3,0,0.0,25.73999999999981,3.0173333333333274,"[0, 149, 0, 1, 0]",150,True,1267,3,cal_bc_s23,1
31214,light,30,False,True,False,30.0,849.3762461844751,101.95199987811371,3,1,0.0,25.41440615461189,3.003751384649417,"[1, 146, 0, 1, 2]",150,True,1254,3,cal_bc_s23,1
31215,light,30,False,True,False,30.0,801.3762349665305,96.19199999999991,1,1,0.0,23.41440587416326,2.9104180388517005,"[0, 145, 1, 2, 2]",150,True,1136,3,cal_bc_s23,1
31216,light,30,False,True,False,30.0,699.2882609690851,83.85917296529841,0,1,0.0,20.46220652422712,2.776986956632317,"[1, 140, 0, 4, 5]",150,True,999,2,cal_bc_s23,1
31217,light,30,False,True,False,30.0,725.1619526023653,87.21347174315044,0,3,0.0,21.06904881505913,2.805735502891517,"[2, 134, 1, 8, 5]",150,True,1025,2,cal_bc_s23,1
31218,light,30,False,True,False,30.0,895.9524588375891,107.6602396313364,4,2,0.0,26.958811470939672,3.0755027320417656,"[1, 147, 1, 1, 0]",150,True,1336,3,cal_bc_s23,1
31219,light,30,False,True,False,30.0,851.2563522367129,102.23999975290154,3,3,0.0,25.42140880591783,3.0058403913741256,"[2, 144, 1, 1, 2]",150,True,1256,3,cal_bc_s23,1
31200,normal,45,False,True,False,45.0,1132.8085470426004,90.68603085540036,2,0,0.0,32.12021367606506,2.879117442253778,"[0, 214, 0, 7, 4]",225,True,1503,2,cal_bc_s23,1
31201,normal,45,False,True,False,45.0,1061.7674749475523,84.89795496528798,2,1,0.0,30.324186873688827,2.8264944258870757,"[1, 204, 0, 12, 8]",225,True,1432,2,cal_bc_s23,1
31202,normal,45,False,True,False,45.0,994.5738608431607,79.64876152768802,3,1,0.0,29.044346521079003,2.7967213784023413,"[0, 206, 1, 11, 7]",225,True,1400,3,cal_bc_s23,1
31203,normal,45,False,True,False,45.0,1340.1221910540094,107.2934930875576,8,1,0.0,39.683054776350055,3.1526831044844514,"[0, 220, 1, 4, 0]",225,True,1920,3,cal_bc_s23,1
31204,normal,45,False,True,False,45.0,1128.9130677180133,90.31153368466121,7,1,0.0,34.00282669295035,2.9762319020133434,"[0, 170, 1, 28, 26]",225,True,1674,3,cal_bc_s23,1
31205,normal,45,False,True,False,45.0,1079.416630314559,86.39998873855693,2,2,0.0,30.745415757863967,2.8395678743070807,"[1, 206, 1, 10, 7]",225,True,1449,2,cal_bc_s23,1
31206,normal,45,False,True,False,45.0,879.4012998310375,70.45800437854261,0,2,0.0,24.945032495775934,2.651408370245213,"[1, 215, 1, 5, 3]",225,False,1179,1,cal_bc_s23,1
31207,normal,45,False,True,False,45.0,1141.7482922847526,91.4534930876269,3,2,0.0,32.70370730711881,2.905739475766483,"[1, 207, 1, 9, 7]",225,True,1547,3,cal_bc_s23,1
31208,normal,45,False,True,False,45.0,992.051064688367,79.37060182490474,3,2,0.0,28.961276617209187,2.7948526405099017,"[1, 207, 1, 8, 8]",225,True,1397,3,cal_bc_s23,1
31209,normal,45,False,True,False,45.0,1201.4355595432917,96.12563466827149,5,3,0.0,34.975888988582284,2.9899522663283644,"[2, 206, 1, 7, 9]",225,True,1676,3,cal_bc_s23,1
31210,normal,45,False,True,False,45.0,1145.722191054006,91.68,4,1,0.0,33.22305477635015,2.928683104484449,"[1, 220, 0, 2, 2]",225,True,1586,3,cal_bc_s23,1
31211,normal,45,False,True,False,45.0,892.8000000000097,71.36250691244241,0,0,0.0,25.32000000000025,2.6613333333333404,"[0, 213, 0, 7, 5]",225,False,1193,1,cal_bc_s23,1
31212,normal,45,False,True,False,45.0,950.1762473498472,75.97050691244243,1,1,0.0,27.134406183746176,2.723834257296183,"[0, 218, 1, 3, 3]",225,True,1285,2,cal_bc_s23,1
31213,normal,45,True,False,True,18.4,359.7021899337601,70.28439190542274,0,1,2.6,-4.5874452516559945,0.2548905110620445,"[0, 90, 1, 0, 1]",92,False,97,0,cal_bc_s23,1
31214,normal,45,True,False,True,15.8,414.7529302397561,94.52669754975436,1,2,0.0,-1.2711767440061,0.3272243927701897,"[1, 63, 1, 8, 6]",79,False,200,0,cal_bc_s23,1
31215,normal,45,False,True,False,45.0,879.6000000000047,70.3065069124424,0,0,0.0,24.9900000000001,2.651555555555559,"[0, 215, 0, 5, 5]",225,False,1180,1,cal_bc_s23,1
31216,normal,45,False,True,False,45.0,1181.4984216989405,94.62149316881538,7,2,0.0,35.297460542473516,3.0151840160732895,"[1, 217, 1, 3, 3]",225,True,1726,3,cal_bc_s23,1
31217,normal,45,False,True,False,45.0,1200.5717479082323,96.15749308755964,8,2,0.0,36.17429369770582,3.04931240585795,"[1, 209, 1, 8, 6]",225,True,1781,3,cal_bc_s23,1
31218,normal,45,False,True,False,45.0,1114.9666372598745,89.308576124907,5,4,0.0,32.79416593149686,2.9259012127850923,"[2, 202, 2, 10, 9]",225,True,1590,3,cal_bc_s23,1
31219,normal,45,False,True,False,45.0,1017.5463907871231,81.52458325067778,4,3,0.0,29.978659769678064,2.8337380672497208,"[1, 206, 2, 10, 6]",225,True,1458,3,cal_bc_s23,1
31200,dense,45,False,True,False,45.0,1085.32964135181,86.9414930875581,10,2,0.0,34.09324103379525,3.0039478824828225,"[1, 208, 1, 7, 8]",225,True,1735,3,cal_bc_s23,1
31201,dense,45,False,True,False,45.0,1155.3762333827099,92.44799966604042,8,1,0.0,35.06440583456775,3.0158342469501553,"[0, 209, 1, 9, 6]",225,True,1735,3,cal_bc_s23,1
31202,dense,45,False,True,False,45.0,1021.6519790686871,81.7305056203181,4,2,0.0,30.101299476717152,2.836779243754583,"[1, 199, 1, 11, 13]",225,True,1462,3,cal_bc_s23,1
31203,dense,45,False,True,False,45.0,752.6979529451028,60.146235341104905,1,1,0.0,22.19744882362757,2.5775540392185947,"[0, 203, 1, 12, 9]",225,False,1088,1,cal_bc_s23,1
31204,dense,45,False,True,False,45.0,917.722190363467,73.37850686899424,2,1,0.0,26.72305475908668,2.7197942150840495,"[1, 210, 0, 7, 7]",225,True,1288,2,cal_bc_s23,1
31205,dense,45,False,True,False,45.0,987.7279880303456,79.17509844851739,3,4,0.0,28.81319970075864,2.79165036150396,"[2, 199, 2, 12, 10]",225,True,1393,3,cal_bc_s23,1
31206,dense,45,False,True,False,45.0,1084.148214318157,86.84549308756372,6,2,0.0,32.46370535795393,2.923072751346783,"[1, 209, 1, 7, 7]",225,True,1594,3,cal_bc_s23,1
31207,dense,45,False,True,False,45.0,766.494689245254,61.23978165732721,0,1,0.0,22.142367231131338,2.5677738438853734,"[1, 201, 0, 14, 9]",225,False,1066,1,cal_bc_s23,1
31208,dense,45,False,True,False,45.0,1026.8476611788494,82.04836815625251,7,1,0.0,31.451191529471224,2.9006278971695183,"[0, 203, 1, 10, 11]",225,True,1572,3,cal_bc_s23,1
31209,dense,45,False,True,False,45.0,1226.6305446067445,98.26949308755759,8,3,0.0,36.685763615168554,3.0686152182272184,"[2, 200, 1, 12, 10]",225,True,1807,3,cal_bc_s23,1
31210,dense,45,False,True,False,45.0,1125.605970320727,90.10986873170032,8,0,0.0,34.340149258018194,2.993782200237576,"[0, 204, 0, 11, 10]",225,True,1706,3,cal_bc_s23,1
31211,dense,45,False,True,False,45.0,835.200000000013,66.75450691244244,0,0,0.0,23.880000000000322,2.6186666666666762,"[0, 224, 0, 0, 1]",225,False,1135,1,cal_bc_s23,1
31212,dense,45,True,False,True,39.6,885.8253032879754,80.56133332649073,6,3,0.0,12.485632582199388,0.7761668913244263,"[2, 173, 1, 12, 10]",198,False,846,0,cal_bc_s23,1
31213,dense,45,False,True,False,45.0,912.3243675601082,72.99450691244223,3,3,0.0,26.94810918900269,2.7357958278223022,"[2, 215, 1, 3, 4]",225,True,1317,3,cal_bc_s23,1
31214,dense,45,False,True,False,45.0,836.7037504981415,66.94649597496988,1,2,0.0,24.277593762453527,2.6397805559245495,"[1, 214, 1, 5, 4]",225,False,1172,1,cal_bc_s23,1
31215,dense,45,False,True,False,45.0,955.5076259146706,76.4505069124403,3,3,0.0,28.02769064786677,2.7677834266034598,"[2, 199, 1, 11, 12]",225,True,1361,3,cal_bc_s23,1
31216,dense,45,False,True,False,45.0,899.4304745806514,72.0649149414875,3,1,0.0,26.665761864516277,2.726244795985668,"[0, 202, 1, 14, 8]",225,True,1304,3,cal_bc_s23,1
31217,dense,45,False,True,False,45.0,944.1091590779326,75.4722076126455,2,0,0.0,27.402728976948318,2.7393401178355057,"[0, 202, 0, 13, 10]",225,True,1314,2,cal_bc_s23,1
31218,dense,45,False,True,False,45.0,1086.3100051823176,86.97600120957374,7,3,0.0,32.897750129557956,2.9446740779128278,"[1, 207, 2, 8, 7]",225,True,1631,3,cal_bc_s23,1
31219,dense,45,False,True,False,45.0,909.4513608404334,72.82311259703987,1,3,0.0,26.076284021010846,2.6936676746966173,"[1, 205, 2, 10, 7]",225,True,1244,2,cal_bc_s23,1
31200,normal,60,False,True,False,60.0,1562.3999999999987,93.79011981566829,4,0,0.0,43.65999999999996,2.9479999999999995,"[0, 292, 0, 5, 3]",300,True,2002,2,cal_bc_s23,1
31201,normal,60,False,True,False,60.0,1378.6017007500086,82.72920111897581,3,1,0.0,38.64504251875022,2.8258898337500047,"[1, 271, 0, 18, 10]",300,True,1784,2,cal_bc_s23,1
31202,normal,60,False,True,False,60.0,1450.522131563992,87.09411981566821,6,1,0.0,41.64305328909978,2.9258456286466625,"[0, 279, 1, 13, 7]",300,True,1961,3,cal_bc_s23,1
31203,normal,60,False,True,False,60.0,1789.898438530398,107.4701198156682,9,2,0.0,51.307460963259686,3.1743880214057767,"[1, 294, 1, 4, 0]",300,True,2405,3,cal_bc_s23,1
31204,normal,60,False,True,False,60.0,1477.3902506705513,88.6515412931455,7,1,0.0,42.71475626676379,2.96077236148364,"[0, 240, 1, 31, 28]",300,True,2022,3,cal_bc_s23,1
31205,normal,60,False,True,False,60.0,1511.4168092996938,90.76611981570471,6,2,0.0,43.14542023249235,2.9596760051664965,"[1, 280, 1, 11, 7]",300,True,2021,3,cal_bc_s23,1
31206,normal,60,False,True,False,60.0,1240.1480880125614,74.40187706846085,3,2,0.0,35.163702200314034,2.748971160006979,"[1, 284, 1, 6, 8]",300,False,1645,1,cal_bc_s23,1
31207,normal,60,False,True,False,60.0,1616.9482997673622,97.1021198156682,5,2,0.0,45.383707494183945,2.998304610981868,"[1, 279, 1, 10, 9]",300,True,2092,3,cal_bc_s23,1
31208,normal,60,False,True,False,60.0,1294.4680255951766,77.67275173589381,4,2,0.0,36.92170063987944,2.7991489031084313,"[1, 276, 1, 12, 10]",300,False,1734,1,cal_bc_s23,1
31209,normal,60,False,True,False,60.0,1470.3129773622404,88.22588018433176,5,3,0.0,41.697824434055974,2.9168405429790227,"[2, 281, 1, 7, 9]",300,True,1945,3,cal_bc_s23,1
31210,normal,60,False,True,False,60.0,1582.5221910541882,95.01411981567709,6,1,0.0,44.943054776354735,2.9991789950301047,"[1, 294, 0, 3, 2]",300,True,2093,3,cal_bc_s23,1
31211,normal,60,False,True,False,60.0,1172.3999998541867,70.29788017745044,0,0,0.0,32.309999996354684,2.651333333252326,"[0, 285, 0, 9, 6]",300,False,1472,1,cal_bc_s23,1
31212,normal,60,False,True,False,60.0,1222.576247349824,73.32188018433183,1,1,0.0,33.94440618374556,2.6992090263054576,"[0, 293, 1, 3, 3]",300,False,1558,1,cal_bc_s23,1
31213,normal,60,True,False,True,18.4,359.7021899337601,70.28439190542274,0,1,2.6,-4.5874452516559945,0.1911678832965334,"[0, 90, 1, 0, 1]",92,False,97,0,cal_bc_s23,1
31214,normal,60,True,False,True,15.8,414.7529302397561,94.52669754975436,1,2,0.0,-1.2711767440061,0.25041829457764225,"[1, 63, 1, 8, 6]",79,False,200,0,cal_bc_s23,1
31215,normal,60,False,True,False,60.0,1161.599989686982,69.64987969767111,0,0,0.0,32.03999974217456,2.645333327603879,"[0, 287, 0, 7, 6]",300,False,1462,1,cal_bc_s23,1
31216,normal,60,False,True,False,60.0,1630.2512385094537,97.86114680813066,9,2,0.0,47.31628096273629,3.0856951325052524,"[1, 290, 1, 3, 5]",300,True,2245,3,cal_bc_s23,1
31217,normal,60,False,True,False,60.0,1650.3567006026542,99.11811981566821,8,3,0.0,47.39891751506627,3.0768648336681412,"[2, 283, 1, 8, 6]",300,True,2230,3,cal_bc_s23,1
31218,normal,60,False,True,False,60.0,1559.8108411353087,93.71811981566896,7,5,0.0,44.69527102838273,3.006561578408505,"[2, 276, 3, 10, 9]",300,True,2105,3,cal_bc_s23,1
31219,normal,60,False,True,False,60.0,1358.7243761029017,81.52987992164944,5,3,0.0,38.908109402572514,2.8548468756127234,"[1, 276, 2, 11, 10]",300,True,1834,3,cal_bc_s23,1
31200,dense,60,False,True,False,60.0,1505.079061515361,90.31261423125926,11,3,0.0,44.96697653788396,3.056155034175201,"[1, 278, 2, 8, 11]",300,True,2190,3,cal_bc_s23,1
31201,dense,60,False,True,False,60.0,1547.3955012672068,92.87958181943374,9,2,0.0,45.24488753168019,3.039664167370671,"[1, 275, 1, 14, 9]",300,True,2162,3,cal_bc_s23,1
31202,dense,60,False,True,False,60.0,1292.8520011995388,77.56988018433181,4,2,0.0,36.881300029988516,2.7982511117775215,"[1, 274, 1, 11, 13]",300,True,1733,3,cal_bc_s23,1
31203,dense,60,False,True,False,60.0,974.0471345327553,58.36821853097875,1,1,0.0,27.731178363318868,2.561137296962642,"[0, 261, 1, 22, 16]",300,False,1309,1,cal_bc_s23,1
31204,dense,60,False,True,False,60.0,1230.3412306718778,73.81611456281466,2,2,0.0,34.518530766796964,2.723522905928821,"[1, 272, 1, 14, 12]",300,True,1600,2,cal_bc_s23,1
31205,dense,60,False,True,False,60.0,1435.953661365615,86.30211981566823,6,6,0.0,41.05884153414034,2.9177520340920085,"[3, 272, 3, 12, 10]",300,True,1946,3,cal_bc_s23,1
31206,dense,60,False,True,False,60.0,1375.3750174617867,82.53788018432249,7,3,0.0,40.12437543654466,2.904097231923215,"[1, 280, 2, 7, 10]",300,True,1920,3,cal_bc_s23,1
31207,dense,60,False,True,False,60.0,1016.1220162270893,60.93787231808298,0,1,0.0,28.383050405677206,2.5645122312372717,"[1, 258, 0, 28, 13]",300,False,1316,1,cal_bc_s23,1
31208,dense,60,False,True,False,60.0,1270.781552909073,76.33172590019124,7,4,0.0,37.36953882272682,2.845989751616152,"[2, 266, 2, 18, 12]",300,True,1816,3,cal_bc_s23,1
31209,dense,60,False,True,False,60.0,1654.5843303466918,99.40611981566819,10,5,0.0,48.144608258667176,3.1192135168592734,"[3, 271, 2, 14, 10]",300,True,2305,3,cal_bc_s23,1
31210,dense,60,False,True,False,60.0,1595.7762474762394,95.80611981566821,10,1,0.0,46.87440618690591,3.0865423597090222,"[0, 280, 1, 10, 9]",300,True,2246,3,cal_bc_s23,1
31211,dense,60,False,True,False,60.0,1077.488509757104,64.6046190779381,1,0,0.0,30.337212743927594,2.6186047276428357,"[0, 293, 0, 4, 3]",300,False,1412,1,cal_bc_s23,1
31212,dense,60,False,True,False,60.0,1466.6708605293738,88.10211981566839,10,3,0.0,43.60677151323436,3.014817144738541,"[2, 277, 1, 12, 8]",300,True,2117,3,cal_bc_s23,1
31213,dense,60,False,True,False,60.0,1152.4323451774453,69.18172207742626,4,3,0.0,33.350808629436116,2.7202401917652477,"[2, 285, 1, 7, 5]",300,True,1592,3,cal_bc_s23,1
31214,dense,60,False,True,False,60.0,1106.7096118554127,66.40988018433181,3,2,0.0,31.827740296385294,2.674838673253007,"[1, 290, 1, 5, 3]",300,False,1512,1,cal_bc_s23,1
31215,dense,60,False,True,False,60.0,1226.7082625521425,73.60988018433181,3,3,0.0,34.80770656380353,2.741504590306746,"[2, 277, 1, 9, 11]",300,True,1632,2,cal_bc_s23,1
31216,dense,60,False,True,False,60.0,1212.331496968809,72.74583601792109,3,2,0.0,34.46828742422021,2.733517498316005,"[1, 270, 1, 16, 12]",300,True,1617,2,cal_bc_s23,1
31217,dense,60,False,True,False,60.0,1226.3998258006145,73.53787196404751,2,0,0.0,34.45999564501537,2.721333236555897,"[0, 275, 0, 14, 11]",300,True,1596,2,cal_bc_s23,1
31218,dense,60,False,True,False,60.0,1455.706013202047,87.45760406706482,9,4,0.0,42.91265033005115,2.988725562890026,"[2, 280, 2, 9, 7]",300,True,2071,3,cal_bc_s23,1
31219,dense,60,False,True,False,60.0,1206.1019580516527,72.38241332078857,1,3,0.0,33.49254895129131,2.690056643362029,"[1, 276, 2, 12, 9]",300,True,1541,2,cal_bc_s23,1
31200,light,30,False,True,False,30.0,771.3747352161729,92.5399934434433,1,0,0.0,22.68436838040432,2.877083039129081,"[0, 116, 0, 18, 16]",150,True,1106,3,cal_rl_s47,1
31201,light,30,False,True,False,30.0,828.7974662102181,99.59981901705684,1,2,0.0,23.959936655255447,2.940886073566909,"[1, 107, 1, 35, 6]",150,True,1164,3,cal_rl_s47,1
31202,light,30,False,True,False,30.0,858.2083151371137,103.09301726125244,3,1,0.0,25.63520787842784,3.013564794596793,"[0, 123, 1, 24, 2]",150,True,1263,3,cal_rl_s47,1
31203,light,30,False,True,False,30.0,842.1395643979035,101.22278886450545,5,3,0.0,25.993489109947575,3.0357106271087817,"[2, 119, 1, 17, 11]",150,True,1317,3,cal_rl_s47,1
31204,light,30,False,True,False,30.0,890.901242601565,107.0842396313364,4,3,0.0,26.8125310650391,3.0698902695572947,"[1, 112, 2, 32, 3]",150,True,1331,3,cal_rl_s47,1
31205,light,30,False,True,False,30.0,758.3144762609843,91.0234381378128,1,1,0.0,22.337861906524612,2.8625716402899823,"[1, 109, 0, 23, 17]",150,True,1093,3,cal_rl_s47,1
31206,light,30,False,True,False,30.0,862.1274965644013,103.6282396313409,4,3,0.0,26.093187414110034,3.0379194406271126,"[2, 113, 1, 31, 3]",150,True,1302,3,cal_rl_s47,1
31207,light,30,False,True,False,30.0,682.5423822255812,81.8420874059768,0,1,0.0,20.043559555639526,2.75838042469509,"[0, 131, 1, 9, 9]",150,True,983,2,cal_rl_s47,1
31208,light,30,False,True,False,30.0,742.4660878089189,89.03336714117424,0,1,0.0,21.54165219522297,2.8249623197876876,"[0, 121, 1, 16, 12]",150,True,1042,2,cal_rl_s47,1
31209,light,30,False,True,False,30.0,831.4364081762128,99.81434475100843,5,3,0.0,25.725910204405327,3.0238182313069033,"[2, 109, 1, 29, 9]",150,True,1306,3,cal_rl_s47,1
31210,light,30,False,True,False,30.0,850.8180595705678,102.18994405532344,3,0,0.0,25.47045148926419,3.005353399522853,"[0, 121, 0, 23, 6]",150,True,1256,3,cal_rl_s47,1
31211,light,30,False,True,False,30.0,774.9386479113791,93.02271960900578,2,1,0.0,23.15346619778448,2.9010429421237545,"[0, 92, 1, 41, 16]",150,True,1145,3,cal_rl_s47,1
31212,light,30,False,True,False,30.0,666.656593682575,79.94193647278587,0,1,0.0,19.646414842064377,2.740729548536194,"[0, 122, 1, 15, 12]",150,True,967,2,cal_rl_s47,1
31213,light,30,False,True,False,30.0,895.9524944326615,107.6602396313364,3,2,0.8,26.07881236081649,3.050169438258513,"[1, 106, 1, 42, 0]",150,True,1297,3,cal_rl_s47,1
31214,light,30,False,True,False,30.0,852.8834901713356,102.34449921840582,3,1,0.0,25.502087254283364,3.0076483224125954,"[1, 136, 0, 9, 4]",150,True,1258,3,cal_rl_s47,1
31215,light,30,False,True,False,30.0,797.7947717073821,95.85401635390662,1,1,0.0,23.32486929268456,2.906438635230425,"[0, 119, 1, 24, 6]",150,True,1133,3,cal_rl_s47,1
31216,light,30,False,True,False,30.0,681.3644311048761,81.69932803254419,0,1,0.0,20.014110777621898,2.757071590116529,"[0, 115, 1, 20, 14]",150,True,981,2,cal_rl_s47,1
31217,light,30,False,True,False,30.0,732.5096552660491,88.08352264126232,0,3,0.0,21.252741381651227,2.813899616962277,"[2, 121, 1, 16, 10]",150,True,1033,2,cal_rl_s47,1
31218,light,30,False,True,False,30.0,895.9523464224144,107.6602396313364,4,2,0.0,26.958808660560305,3.0755026071360163,"[1, 121, 1, 27, 0]",150,True,1336,3,cal_rl_s47,1
31219,light,30,False,True,False,30.0,855.5908237688436,102.80713134372171,3,2,0.0,25.549770594221084,3.0106564708542707,"[1, 105, 1, 35, 8]",150,True,1261,3,cal_rl_s47,1
31200,normal,45,False,True,False,45.0,1214.1714576491731,97.152,4,1,0.0,34.93428644122935,2.9793862649253136,"[0, 188, 1, 33, 3]",225,True,1654,3,cal_rl_s47,1
31201,normal,45,False,True,False,45.0,1081.037600671522,86.45886487259008,4,1,0.0,31.605940016788043,2.8807685930900164,"[1, 169, 0, 38, 17]",225,True,1521,3,cal_rl_s47,1
31202,normal,45,False,True,False,45.0,1029.3724396134048,82.42949452701792,4,1,0.0,30.314310990335127,2.842498103417337,"[0, 181, 1, 23, 20]",225,True,1469,3,cal_rl_s47,1
31203,normal,45,False,True,False,45.0,1333.1676121196042,106.74512379054427,8,2,0.0,39.48919030298996,3.14753156453304,"[1, 168, 1, 52, 3]",225,True,1913,3,cal_rl_s47,1
31204,normal,45,False,True,False,45.0,1145.6337780843237,91.69156074454098,7,1,0.0,34.42084445210809,2.9886176133957956,"[0, 139, 1, 60, 25]",225,True,1691,3,cal_rl_s47,1
31205,normal,45,False,True,False,45.0,1171.2061236131763,93.72211534349071,5,5,0.8,33.46015309032938,2.96400453600976,"[2, 184, 3, 24, 12]",225,True,1642,3,cal_rl_s47,1
31206,normal,45,False,True,False,45.0,880.6091698058017,70.42847268827944,0,1,0.0,24.995229245145044,2.6523030887450383,"[0, 170, 1, 40, 14]",225,False,1181,1,cal_rl_s47,1
31207,normal,45,False,True,False,45.0,1174.2869392919006,94.04549308755794,4,2,0.0,33.91717348229752,2.94984217725326,"[1, 146, 1, 60, 17]",225,True,1614,3,cal_rl_s47,1
31208,normal,45,False,True,False,45.0,941.1201464226751,75.29850691257059,2,5,0.0,26.868003660566877,2.737126034387167,"[2, 150, 3, 46, 24]",225,False,1311,1,cal_rl_s47,1
31209,normal,45,False,True,False,45.0,1228.5949215085807,98.36667039748885,6,1,0.0,36.094873037714486,3.0300703122285784,"[0, 174, 1, 36, 14]",225,True,1739,3,cal_rl_s47,1
31210,normal,45,False,True,False,45.0,1072.1572831638032,85.73765838747742,3,1,0.0,30.98393207909507,2.854190580121336,"[1, 166, 0, 32, 26]",225,True,1477,3,cal_rl_s47,1
31211,normal,45,False,True,False,45.0,906.5058637524442,72.51450691244241,0,4,0.4,25.102646593811095,2.6697080472240327,"[2, 195, 2, 16, 10]",225,False,1205,1,cal_rl_s47,1
31212,normal,45,False,True,False,45.0,1108.3330159497496,88.76576595500684,5,2,1.5999999999999999,31.70832539874375,2.913876308110926,"[1, 160, 1, 37, 26]",225,True,1575,3,cal_rl_s47,1
31213,normal,45,True,False,True,17.0,338.1148506474765,71.49840065056681,0,1,2.6,-5.127128733813089,0.23889988936850107,"[0, 78, 1, 3, 3]",85,False,75,0,cal_rl_s47,1
31214,normal,45,False,True,False,45.0,1198.9469814813638,95.90682875193069,6,1,0.0,35.353674537034095,3.0081088751713807,"[1, 166, 0, 31, 27]",225,True,1709,3,cal_rl_s47,1
31215,normal,45,False,True,False,45.0,898.575816683981,71.84250682896763,0,1,0.0,25.44439541709953,2.665611716062208,"[1, 196, 0, 17, 11]",225,False,1199,1,cal_rl_s47,1
31216,normal,45,False,True,False,45.0,1248.5286460792436,99.9974930875576,9,3,0.8,37.27321615198108,3.1012804785772174,"[1, 194, 2, 16, 12]",225,True,1860,3,cal_rl_s47,1
31217,normal,45,False,True,False,45.0,1071.2071974444884,85.71736364208448,5,1,0.0,31.7601799361122,2.8934868129218434,"[0, 195, 1, 14, 15]",225,True,1546,3,cal_rl_s47,1
31218,normal,45,False,True,False,45.0,1123.2435037470837,90.01407496604425,5,5,0.0,32.9810875936771,2.93203222499784,"[2, 172, 3, 24, 24]",225,True,1598,3,cal_rl_s47,1
31219,normal,45,False,True,False,45.0,1052.8867050135536,84.32081901664402,5,9,0.8,30.182167625338817,2.876360522232262,"[4, 174, 5, 20, 22]",225,True,1524,3,cal_rl_s47,1
31200,dense,45,False,True,False,45.0,760.4401218771923,60.73469033529433,1,1,0.0,22.391003046929818,2.5832889791682905,"[0, 167, 1, 29, 28]",225,False,1095,1,cal_rl_s47,1
31201,dense,45,False,True,False,45.0,1160.6794259405947,92.88023312742415,8,4,0.0,35.01698564851485,3.019762537733774,"[2, 145, 2, 49, 27]",225,True,1741,3,cal_rl_s47,1
31202,dense,45,False,True,False,45.0,762.413137289225,61.103790823572346,0,4,1.0,21.140328432230632,2.5603060276216483,"[2, 186, 2, 22, 13]",225,False,1057,1,cal_rl_s47,1
31203,dense,45,False,True,False,45.0,758.122610691408,60.54901378480241,2,1,0.0,22.7330652672852,2.601572304215858,"[0, 199, 1, 15, 10]",225,False,1128,1,cal_rl_s47,1
31204,dense,45,False,True,False,45.0,1010.9620365638398,80.86164655774016,6,2,1.5999999999999999,29.674050914095993,2.8617496567139553,"[1, 181, 1, 22, 20]",225,True,1513,3,cal_rl_s47,1
31205,dense,45,False,True,False,45.0,992.2088585007209,79.47249016207061,3,2,0.0,28.965221462518013,2.794969524815349,"[1, 188, 1, 18, 17]",225,True,1397,3,cal_rl_s47,1
31206,dense,45,False,True,False,45.0,1205.6115013115073,96.43204053000126,9,1,1.0,36.12028753278762,3.0686011120825984,"[1, 185, 0, 19, 20]",225,True,1816,3,cal_rl_s47,1
31207,dense,45,False,True,False,45.0,851.5336675982085,68.06425855096904,3,1,0.0,25.468341689955203,2.6907656797023765,"[0, 188, 1, 21, 15]",225,True,1257,3,cal_rl_s47,1
31208,dense,45,False,True,False,45.0,1011.1943968089151,80.96250691158204,6,5,1.0,29.85985992022289,2.864588442080678,"[2, 179, 3, 21, 20]",225,True,1516,3,cal_rl_s47,1
31209,dense,45,False,True,False,45.0,1233.1442806012037,98.74949308755761,9,2,0.0,37.38860701503005,3.0934402078527437,"[1, 174, 1, 43, 6]",225,True,1848,3,cal_rl_s47,1
31210,dense,45,False,True,False,45.0,1248.6337887702543,99.97115074428284,8,5,0.8,36.59584471925627,3.08135836205204,"[2, 192, 3, 17, 11]",225,True,1825,3,cal_rl_s47,1
31211,dense,45,False,True,False,45.0,837.0877954048788,66.87559572365562,1,2,0.0,24.16719488512197,2.6400650336332436,"[1, 201, 1, 8, 14]",225,False,1172,1,cal_rl_s47,1
31212,dense,45,False,True,False,45.0,762.3299881503312,60.957246268413236,1,1,0.0,22.438249703758277,2.5846888801113566,"[0, 195, 1, 18, 11]",225,False,1097,1,cal_rl_s47,1
31213,dense,45,False,True,False,45.0,923.2394555463213,73.85850620847015,4,3,0.0,27.62098638865804,2.76388107818246,"[2, 177, 1, 26, 19]",225,True,1363,3,cal_rl_s47,1
31214,dense,45,False,True,False,45.0,962.265896064001,77.09248060434038,8,3,0.0,30.19664740160002,2.872789552640001,"[2, 185, 1, 22, 15]",225,True,1542,3,cal_rl_s47,1
31215,dense,45,True,False,True,24.2,520.3165299170696,77.29100862038037,1,1,3.0000000000000004,-0.4120867520732556,0.39208631845708863,"[1, 99, 0, 10, 11]",121,False,290,0,cal_rl_s47,1
31216,dense,45,False,True,False,45.0,969.3414904234937,77.62949308758061,4,1,0.0,28.81353726058734,2.7980307336470327,"[1, 205, 0, 13, 6]",225,True,1409,3,cal_rl_s47,1
31217,dense,45,False,True,False,45.0,945.0380332393781,75.58645914086338,3,2,0.0,27.785950830984454,2.7600281727699096,"[1, 184, 1, 17, 22]",225,True,1350,3,cal_rl_s47,1
31218,dense,45,False,True,False,45.0,1150.552214556576,92.1254930877046,6,1,0.0,34.143805363914396,2.972260899671538,"[0, 172, 1, 38, 14]",225,True,1661,3,cal_rl_s47,1
31219,dense,45,False,True,False,45.0,851.4896117142769,68.09850621568687,1,2,0.0,24.64724029285692,2.6507330457142793,"[1, 178, 1, 23, 22]",225,True,1186,2,cal_rl_s47,1
31200,normal,60,False,True,False,60.0,1562.1490950883986,93.7429447344597,4,1,0.0,43.633727377209894,2.9478606083824435,"[0, 254, 1, 39, 6]",300,True,2002,2,cal_rl_s47,1
31201,normal,60,False,True,False,60.0,1382.1641414899914,82.8973089216367,4,1,0.0,39.13410353724976,2.8478689674944397,"[1, 230, 0, 45, 24]",300,True,1822,2,cal_rl_s47,1
31202,normal,60,False,True,False,60.0,1488.9647279874048,89.39811981566821,6,1,0.0,42.60411819968509,2.9472026266596694,"[0, 252, 1, 25, 22]",300,True,1999,3,cal_rl_s47,1
31203,normal,60,False,True,False,60.0,1769.2935003759958,106.24611981572107,9,3,0.0,50.77233750939975,3.16294083354222,"[1, 229, 2, 62, 6]",300,True,2384,3,cal_rl_s47,1
31204,normal,60,False,True,False,60.0,1466.0661018208302,87.93271141514424,7,1,0.0,42.431652545520734,2.954481167678239,"[0, 187, 1, 73, 39]",300,True,2011,3,cal_rl_s47,1
31205,normal,60,False,True,False,60.0,1532.1789128223718,92.06212291030073,6,6,0.8,42.86447282055931,2.968543840456873,"[3, 235, 3, 44, 15]",300,True,2038,3,cal_rl_s47,1
31206,normal,60,False,True,False,60.0,1161.9763753925304,69.69612034666163,1,1,0.0,32.42940938481327,2.665542430773628,"[0, 235, 1, 47, 17]",300,False,1497,1,cal_rl_s47,1
31207,normal,60,False,True,False,60.0,1624.2869392918979,97.5341198156682,5,2,0.0,45.56717348229734,3.0023816329399433,"[1, 179, 1, 102, 17]",300,True,2099,3,cal_rl_s47,1
31208,normal,60,False,True,False,60.0,1289.5274123058443,77.46761098377438,4,6,0.0,36.358185307646124,2.7964041179476915,"[3, 212, 3, 52, 30]",300,False,1730,1,cal_rl_s47,1
31209,normal,60,False,True,False,60.0,1699.9368331502646,102.07011981566819,9,2,0.6000000000000001,48.69842082875655,3.1224093517501474,"[1, 253, 1, 29, 16]",300,True,2312,3,cal_rl_s47,1
31210,normal,60,False,True,False,60.0,1533.2766449128135,92.01243394871798,7,1,0.0,44.111916122820354,2.9918203582848966,"[1, 237, 0, 30, 32]",300,True,2078,3,cal_rl_s47,1
31211,normal,60,False,True,False,60.0,1176.5058634375132,70.58588018433184,1,4,0.4,32.2526465859378,2.672281035243063,"[2, 270, 2, 16, 10]",300,False,1510,1,cal_rl_s47,1
31212,normal,60,False,True,False,60.0,1426.8802144110982,85.6974701785959,6,3,1.5999999999999999,40.05200536027746,2.907377896895055,"[1, 220, 2, 46, 31]",300,True,1929,3,cal_rl_s47,1
31213,normal,60,True,False,True,17.0,338.1148506474765,71.49840065056681,0,1,2.6,-5.127128733813089,0.17917491702637584,"[0, 78, 1, 3, 3]",85,False,75,0,cal_rl_s47,1
31214,normal,60,False,True,False,60.0,1551.3762413100217,93.0960000001024,7,1,0.0,44.564406032750526,3.001875689616679,"[1, 235, 0, 33, 31]",300,True,2096,3,cal_rl_s47,1
31215,normal,60,False,True,False,60.0,1168.575818010676,70.0818801843318,0,1,0.0,32.194395450266875,2.6492087877837087,"[1, 271, 0, 17, 11]",300,False,1469,1,cal_rl_s47,1
31216,normal,60,False,True,False,60.0,1698.5286460792436,101.99811981566819,11,3,0.8,49.32321615198097,3.160960358932913,"[1, 251, 2, 34, 12]",300,True,2380,3,cal_rl_s47,1
31217,normal,60,False,True,False,60.0,1507.945297965597,90.55011981567414,8,2,0.0,43.85863244913993,2.997747387758665,"[1, 267, 1, 16, 15]",300,True,2088,3,cal_rl_s47,1
31218,normal,60,False,True,False,60.0,1570.7869252679598,94.36611981566821,7,5,0.0,44.969673131698976,3.0126594029266447,"[2, 223, 3, 48, 24]",300,True,2116,3,cal_rl_s47,1
31219,normal,60,False,True,False,60.0,1407.6261765670006,84.56920765203616,6,11,0.8,39.41065441417499,2.8993478758705558,"[6, 227, 5, 31, 31]",300,True,1914,3,cal_rl_s47,1
31200,dense,60,False,True,False,60.0,1120.3030755573573,67.26436196115816,4,2,0.2,32.44757688893392,2.7017239308651986,"[1, 224, 1, 38, 36]",300,False,1559,1,cal_rl_s47,1
31201,dense,60,False,True,False,60.0,1580.5521738684092,94.94212002333714,10,5,0.0,46.2938043467102,3.078084541038005,"[2, 224, 3, 45, 26]",300,True,2231,3,cal_rl_s47,1
31202,dense,60,False,True,False,60.0,1019.1976607481288,61.2174642614111,0,3,2.1999999999999997,26.859941518703224,2.5588875893045158,"[1, 227, 2, 47, 23]",300,False,1308,1,cal_rl_s47,1
31203,dense,60,False,True,False,60.0,988.5215475836403,59.23571017167308,2,1,0.0,28.493038689591,2.5891786375464667,"[0, 262, 1, 23, 14]",300,False,1359,1,cal_rl_s47,1
31204,dense,60,False,True,False,60.0,1411.8392848858707,84.79011981608188,11,2,1.5999999999999999,41.69598212214675,2.9990218249365954,"[1, 244, 1, 32, 22]",300,True,2089,3,cal_rl_s47,1
31205,dense,60,False,True,False,60.0,1441.9045688063602,86.59011981566826,6,2,0.0,41.407614220159,2.921058093781311,"[1, 256, 1, 25, 17]",300,True,1952,3,cal_rl_s47,1
31206,dense,60,False,True,False,60.0,1492.5220911580013,89.52187574325251,9,1,1.0,43.29305227894996,3.0058456061988896,"[1, 242, 0, 30, 27]",300,True,2103,3,cal_rl_s47,1
31207,dense,60,False,True,False,60.0,1261.6776401490624,75.79011981571757,8,3,0.0,37.68194100372655,2.8609320223050347,"[1, 253, 2, 29, 15]",300,True,1842,3,cal_rl_s47,1
31208,dense,60,False,True,False,60.0,1301.4815796048365,78.1390958909124,7,5,0.8,37.63703949012092,2.86037865533602,"[2, 240, 3, 28, 27]",300,True,1842,3,cal_rl_s47,1
31209,dense,60,False,True,False,60.0,1683.1442806012037,101.0621198156682,11,2,0.0,49.43860701502994,3.1550801558895576,"[1, 249, 1, 43, 6]",300,True,2368,3,cal_rl_s47,1
31210,dense,60,False,True,False,60.0,1560.3913142163105,93.62545506576949,9,5,0.8,44.789782855407715,3.044217396786839,"[2, 244, 3, 30, 21]",300,True,2171,3,cal_rl_s47,1
31211,dense,60,False,True,False,60.0,1061.48415606537,63.71276468750398,1,2,0.0,29.777103901634234,2.6097134200363166,"[1, 259, 1, 22, 17]",300,False,1396,1,cal_rl_s47,1
31212,dense,60,False,True,False,60.0,996.9221704193985,59.739759339260395,1,1,0.0,28.303054260484952,2.573845650232999,"[0, 268, 1, 18, 13]",300,False,1332,1,cal_rl_s47,1
31213,dense,60,False,True,False,60.0,1172.0623394927534,70.30246182967738,4,3,0.0,33.84155848731885,2.731145744162641,"[2, 224, 1, 45, 28]",300,True,1612,3,cal_rl_s47,1
31214,dense,60,False,True,False,60.0,1349.2462485270926,81.04611994275804,11,3,0.0,41.07115621317731,2.969581249181718,"[2, 250, 1, 25, 22]",300,True,2034,3,cal_rl_s47,1
31215,dense,60,True,False,True,24.2,520.3165299170696,77.29100862038037,1,1,3.0000000000000004,-0.4120867520732556,0.2990647388428165,"[1, 99, 0, 10, 11]",121,False,290,0,cal_rl_s47,1
31216,dense,60,False,True,False,60.0,1393.0396301034689,83.59663110749729,7,1,0.0,40.605990752586635,2.9139109056130383,"[1, 274, 0, 16, 9]",300,True,1938,3,cal_rl_s47,1
31217,dense,60,False,True,False,60.0,1234.2372155255134,74.04180576859694,3,2,0.0,35.01593038813784,2.7456873419586185,"[1, 245, 1, 23, 30]",300,True,1639,2,cal_rl_s47,1
31218,dense,60,False,True,False,60.0,1605.1281464248177,96.38211981566819,9,2,0.0,46.688203660620374,3.071737859124899,"[1, 221, 1, 63, 14]",300,True,2220,3,cal_rl_s47,1
31219,dense,60,False,True,False,60.0,1128.2597219001227,67.74391222125563,1,3,0.0,31.546493047503056,2.6468109566111795,"[2, 242, 1, 29, 26]",300,False,1463,1,cal_rl_s47,1
31200,light,30,False,True,False,30.0,764.3999999880425,91.72799999887148,1,0,0.0,22.50999999970107,2.8693333333200473,"[0, 129, 0, 10, 11]",150,True,1099,3,cal_bc_s47,1
31201,light,30,False,True,False,30.0,829.2021562225589,99.59644313105073,0,0,0.0,23.73005390556397,2.9213357291361763,"[0, 145, 0, 4, 1]",150,True,1129,2,cal_bc_s47,1
31202,light,30,False,True,False,30.0,851.7762448581002,102.23999975290154,3,1,0.0,25.474406121452507,3.0064180498423334,"[0, 146, 1, 1, 2]",150,True,1257,3,cal_bc_s47,1
31203,light,30,False,True,False,30.0,824.1221879574957,99.02023963134073,4,1,0.0,25.1830546989374,2.995691319952773,"[1, 142, 0, 4, 3]",150,True,1264,3,cal_bc_s47,1
31204,light,30,False,True,False,30.0,702.2792482187349,84.26182733056943,0,1,0.0,20.536981205468372,2.7803102757985942,"[0, 133, 1, 10, 6]",150,True,1002,2,cal_bc_s47,1
31205,light,30,False,True,False,30.0,750.0130272687056,90.02744894949338,1,1,0.0,22.130325681717647,2.8533478080763395,"[1, 139, 0, 6, 4]",150,True,1085,3,cal_bc_s47,1
31206,light,30,False,True,False,30.0,789.5999999999985,94.752,3,0,0.0,23.93999999999997,2.937333333333332,"[0, 147, 0, 1, 2]",150,True,1195,3,cal_bc_s47,1
31207,light,30,False,True,False,30.0,687.3163178989844,82.41637251843503,0,1,0.0,20.1629079474746,2.763684797665538,"[0, 136, 1, 7, 6]",150,True,987,2,cal_bc_s47,1
31208,light,30,False,True,False,30.0,728.4750335324316,87.43622723951502,0,1,0.0,21.19187583831078,2.809416703924924,"[1, 137, 0, 7, 5]",150,True,1028,2,cal_bc_s47,1
31209,light,30,False,True,False,30.0,811.898438467844,97.48799999998751,5,2,0.0,25.257460961696108,3.0021093760753823,"[1, 145, 1, 1, 2]",150,True,1287,3,cal_bc_s47,1
31210,light,30,False,True,False,30.0,839.999819149883,100.79998293174923,3,0,0.0,25.19999547874707,2.993333132388759,"[0, 143, 0, 3, 4]",150,True,1245,3,cal_bc_s47,1
31211,light,30,False,True,False,30.0,710.410107226917,85.37117362421229,0,2,0.0,20.720252680672914,2.7893445635854635,"[1, 134, 1, 9, 5]",150,True,1010,2,cal_bc_s47,1
31212,light,30,False,True,False,30.0,657.9901889838507,78.97006007627533,0,1,0.0,19.429754724596265,2.7311002099820563,"[0, 137, 1, 7, 5]",150,True,958,2,cal_bc_s47,1
31213,light,30,False,True,False,30.0,861.152346422416,103.4842396313364,3,2,0.0,25.688808660560348,3.016835940469351,"[1, 147, 1, 1, 0]",150,True,1266,3,cal_bc_s47,1
31214,light,30,False,True,False,30.0,843.3762729691771,101.23200240601504,3,1,0.0,25.26440682422943,2.9970847477435303,"[1, 143, 0, 3, 3]",150,True,1248,3,cal_bc_s47,1
31215,light,30,False,True,False,30.0,803.7762221133341,96.47999999999983,1,1,0.0,23.47440555283335,2.913084691237038,"[0, 146, 1, 1, 2]",150,True,1139,3,cal_bc_s47,1
31216,light,30,False,True,False,30.0,700.4006637626192,84.0013475253807,0,1,0.0,20.490016594065473,2.778222959736244,"[1, 134, 0, 7, 8]",150,True,1000,2,cal_bc_s47,1
31217,light,30,False,True,False,30.0,709.8259726095146,85.34754798308653,0,2,0.0,20.70564931523786,2.7886955251216827,"[1, 137, 1, 7, 4]",150,True,1010,2,cal_bc_s47,1
31218,light,30,False,True,False,30.0,895.9524435256749,107.6602396313364,4,2,0.0,26.958811088141818,3.0755027150285277,"[1, 147, 1, 1, 0]",150,True,1336,3,cal_bc_s47,1
31219,light,30,False,True,False,30.0,851.2721703533275,102.23999975290154,3,3,0.0,25.421804258833184,3.005857967059253,"[2, 144, 1, 1, 2]",150,True,1256,3,cal_bc_s47,1
31200,normal,45,True,False,True,17.2,461.8437982842979,96.69767434495432,1,1,0.0,-0.07390504289255517,0.3621065172476281,"[0, 82, 1, 1, 2]",86,False,247,0,cal_bc_s47,1
31201,normal,45,False,True,False,45.0,1061.0078009118106,84.891152743618,2,1,0.0,30.305195022795246,2.8259317043791192,"[1, 202, 0, 14, 8]",225,True,1431,2,cal_bc_s47,1
31202,normal,45,False,True,False,45.0,974.9996621608318,78.06870099369624,3,1,0.0,28.5549915540208,2.7822219719709866,"[0, 200, 1, 15, 9]",225,True,1380,3,cal_bc_s47,1
31203,normal,45,False,True,False,45.0,1340.1221910540094,107.2934930875576,8,1,0.0,39.683054776350055,3.1526831044844514,"[0, 221, 1, 3, 0]",225,True,1920,3,cal_bc_s47,1
31204,normal,45,False,True,False,45.0,1136.1738796974464,90.91186433392893,7,1,0.0,34.18434699243616,2.981610281257368,"[0, 183, 1, 21, 20]",225,True,1681,3,cal_bc_s47,1
31205,normal,45,False,True,False,45.0,1062.5695564868606,85.01203599111763,2,2,0.0,30.324238912171502,2.8270885603606377,"[1, 203, 1, 11, 9]",225,True,1433,2,cal_bc_s47,1
31206,normal,45,False,True,False,45.0,849.321318037308,67.90645198346478,0,1,0.0,24.213032950932696,2.629126902249858,"[1, 213, 0, 6, 5]",225,False,1149,1,cal_bc_s47,1
31207,normal,45,False,True,False,45.0,1165.7483336844907,93.37349308755778,4,2,0.0,33.70370834211227,2.943517284210734,"[1, 201, 1, 12, 10]",225,True,1606,3,cal_bc_s47,1
31208,normal,45,False,True,False,45.0,982.1719861765448,78.60160072787824,3,2,0.0,28.714299654413615,2.7875348045752184,"[1, 205, 1, 10, 8]",225,True,1387,3,cal_bc_s47,1
31209,normal,45,False,True,False,45.0,1091.7296070914454,87.36055361368379,2,1,0.0,31.073240177286134,2.848688597845515,"[1, 203, 0, 12, 9]",225,True,1462,2,cal_bc_s47,1
31210,normal,45,False,True,False,45.0,1144.5221910540095,91.584,4,1,0.0,33.19305477635024,2.9277942155955627,"[1, 219, 0, 2, 3]",225,True,1585,3,cal_bc_s47,1
31211,normal,45,False,True,False,45.0,894.0000000000048,71.4585069124424,0,0,0.0,25.35000000000013,2.662222222222226,"[0, 213, 0, 7, 5]",225,False,1194,1,cal_bc_s47,1
31212,normal,45,False,True,False,45.0,950.1762473498472,75.97050691244243,1,1,0.0,27.134406183746176,2.723834257296183,"[0, 218, 1, 3, 3]",225,True,1285,2,cal_bc_s47,1
31213,normal,45,True,False,True,17.6,347.462347033744,70.9296824465785,0,1,2.6,-4.8934413241564,0.2458239607657363,"[0, 82, 1, 1, 4]",88,False,84,0,cal_bc_s47,1
31214,normal,45,False,True,False,45.0,1070.7042456210334,85.66611809251765,3,3,0.0,30.907606140525846,2.8531142560155804,"[1, 187, 2, 18, 17]",225,True,1476,3,cal_bc_s47,1
31215,normal,45,False,True,False,45.0,883.2000000000021,70.59450691244238,0,0,0.0,25.08000000000005,2.6542222222222236,"[0, 213, 0, 6, 6]",225,False,1183,1,cal_bc_s47,1
31216,normal,45,False,True,False,45.0,1230.7520443810463,98.5574930875577,7,2,0.0,36.52880110952615,3.0516681810229973,"[1, 192, 1, 16, 15]",225,True,1776,3,cal_bc_s47,1
31217,normal,45,True,False,True,16.4,443.5669294814036,97.46234075891837,3,2,0.0,0.24917323703509098,0.3885680959121508,"[1, 74, 1, 2, 4]",82,False,299,0,cal_bc_s47,1
31218,normal,45,False,True,False,45.0,1113.5478481194077,89.18399999971533,5,4,0.0,32.75869620298519,2.924850257866228,"[2, 208, 2, 7, 6]",225,True,1589,3,cal_bc_s47,1
31219,normal,45,False,True,False,45.0,999.6550486545689,80.06400095740999,4,4,0.0,29.511376216364212,2.8204852212256064,"[2, 206, 2, 9, 6]",225,True,1440,3,cal_bc_s47,1
31200,dense,45,False,True,False,45.0,867.1372068521798,69.39753370400632,4,1,0.0,26.25843017130451,2.7223238569275408,"[0, 205, 1, 9, 10]",225,True,1307,3,cal_bc_s47,1
31201,dense,45,False,True,False,45.0,1154.1749581370568,92.35199721747401,8,1,0.0,35.03437395342642,3.014944413434857,"[0, 196, 1, 16, 12]",225,True,1734,3,cal_bc_s47,1
31202,dense,45,False,True,False,45.0,1032.5175784785738,82.59431770680669,4,2,0.0,30.372939461964357,2.8448278359100545,"[1, 202, 1, 10, 11]",225,True,1473,3,cal_bc_s47,1
31203,dense,45,False,True,False,45.0,755.7218216190327,60.356990580558055,1,1,0.0,22.273045540475827,2.579793941940024,"[0, 203, 1, 11, 10]",225,False,1091,1,cal_bc_s47,1
31204,dense,45,False,True,False,45.0,915.754263860181,73.2751854103545,2,1,0.0,26.673856596504532,2.7183364917482824,"[1, 208, 0, 9, 7]",225,True,1286,2,cal_bc_s47,1
31205,dense,45,False,True,False,45.0,962.693964871783,77.02567619492157,3,3,0.0,28.20734912179459,2.773106640645765,"[1, 207, 2, 7, 8]",225,True,1368,3,cal_bc_s47,1
31206,dense,45,False,True,False,45.0,968.5868633198052,77.56879111985249,4,3,0.0,28.754671582995144,2.7974717506072633,"[2, 201, 1, 10, 11]",225,True,1409,3,cal_bc_s47,1
31207,dense,45,False,True,False,45.0,778.2186959498761,62.161918853366075,0,1,0.0,22.43546739874689,2.5764582932962043,"[1, 197, 0, 17, 10]",225,False,1078,1,cal_bc_s47,1
31208,dense,45,True,False,True,25.8,600.0689965037652,83.75389578304599,3,1,0.0,4.181724912594136,0.504495552965752,"[0, 113, 1, 9, 6]",129,False,455,0,cal_bc_s47,1
31209,dense,45,False,True,False,45.0,1258.074649718461,100.76549308755772,10,3,0.0,38.391866242961505,3.131907147939601,"[2, 210, 1, 6, 6]",225,True,1908,3,cal_bc_s47,1
31210,dense,45,False,True,False,45.0,1122.8281676907454,89.91786991155325,8,2,0.0,34.110704192268656,2.9917245686598117,"[1, 205, 1, 10, 8]",225,True,1703,3,cal_bc_s47,1
31211,dense,45,False,True,False,45.0,817.2514762996316,65.27675033676331,1,0,0.0,23.831286907490796,2.625371463925653,"[0, 215, 0, 6, 4]",225,False,1152,1,cal_bc_s47,1
31212,dense,45,False,True,False,45.0,988.7149144568043,79.11916168923727,7,2,0.0,30.4778728614201,2.8723814181161513,"[1, 194, 1, 17, 12]",225,True,1534,3,cal_bc_s47,1
31213,dense,45,False,True,False,45.0,912.3243675601072,72.99450691244216,3,3,0.0,26.94810918900267,2.735795827822302,"[2, 215, 1, 3, 4]",225,True,1317,3,cal_bc_s47,1
31214,dense,45,False,True,False,45.0,830.7007035491195,66.46649618647383,1,2,0.0,24.127517588727976,2.6353338544808294,"[1, 215, 1, 5, 3]",225,False,1166,1,cal_bc_s47,1
31215,dense,45,False,True,False,45.0,956.6996891883325,76.54650691243813,3,3,0.0,28.05749222970832,2.768666436435802,"[2, 197, 1, 11, 14]",225,True,1362,3,cal_bc_s47,1
31216,dense,45,False,True,False,45.0,1025.3760891792037,82.14149308889229,5,1,0.0,30.614402229480106,2.8595378438364474,"[1, 206, 0, 11, 7]",225,True,1500,3,cal_bc_s47,1
31217,dense,45,False,True,False,45.0,937.2471814597732,74.95847089491903,2,0,0.0,27.23117953649434,2.734257171451684,"[0, 205, 0, 11, 9]",225,True,1307,2,cal_bc_s47,1
31218,dense,45,False,True,False,45.0,830.122189714959,66.37050691244244,1,1,0.0,24.133054742873973,2.6349053257147843,"[1, 223, 0, 0, 1]",225,False,1165,1,cal_bc_s47,1
31219,dense,45,False,True,False,45.0,853.4455748856674,68.20992063512901,0,2,0.0,24.29613937214168,2.6321819073227166,"[1, 214, 1, 3, 6]",225,True,1153,2,cal_bc_s47,1
31200,normal,60,True,False,True,16.6,447.4439842845934,97.06987929779596,1,1,0.0,-0.43390039288516746,0.26857999126921855,"[0, 79, 1, 1, 2]",83,False,232,0,cal_bc_s47,1
31201,normal,60,False,True,False,60.0,1372.2434470342832,82.33692223648822,3,1,0.0,38.48608617585703,2.8223574705746017,"[1, 268, 0, 20, 11]",300,True,1777,2,cal_bc_s47,1
31202,normal,60,False,True,False,60.0,1425.3218425515447,85.58211981566834,6,1,0.0,41.01304606378861,2.9118454680841914,"[0, 275, 1, 15, 9]",300,True,1935,3,cal_bc_s47,1
31203,normal,60,False,True,False,60.0,1789.898438530398,107.4701198156682,9,2,0.0,51.30746096325968,3.1743880214057767,"[1, 295, 1, 3, 0]",300,True,2405,3,cal_bc_s47,1
31204,normal,60,False,True,False,60.0,1479.3760667529627,88.77600145527849,7,1,0.0,42.76440166882409,2.961875592640535,"[0, 256, 1, 22, 21]",300,True,2024,3,cal_bc_s47,1
31205,normal,60,False,True,False,60.0,1353.4488437780979,81.2363890581871,2,2,0.0,37.596221094452424,2.7919160243211656,"[1, 273, 1, 15, 10]",300,True,1723,2,cal_bc_s47,1
31206,normal,60,False,True,False,60.0,1130.1156909312804,67.77757345042947,0,1,0.0,31.232892273281998,2.627842050517378,"[1, 278, 0, 11, 10]",300,False,1430,1,cal_bc_s47,1
31207,normal,60,False,True,False,60.0,1619.348352653346,97.2461198156682,5,2,0.0,45.44370881633355,2.9996379736963035,"[1, 285, 1, 7, 6]",300,True,2094,3,cal_bc_s47,1
31208,normal,60,False,True,False,60.0,1285.827788745249,77.18520708186979,4,2,0.0,36.705694718631236,2.7943487715251383,"[1, 277, 1, 12, 9]",300,False,1726,1,cal_bc_s47,1
31209,normal,60,False,True,False,60.0,1412.5353880000175,84.76354414118764,2,1,0.0,39.09338470000044,2.824741882222232,"[1, 269, 0, 18, 12]",300,True,1783,2,cal_bc_s47,1
31210,normal,60,False,True,False,60.0,1570.5221910604432,94.29411981597235,6,1,0.0,44.64305477651111,2.992512328366913,"[1, 292, 0, 3, 4]",300,True,2081,3,cal_bc_s47,1
31211,normal,60,False,True,False,60.0,1163.999999999994,69.79388018433181,0,0,0.0,32.09999999999983,2.6466666666666634,"[0, 288, 0, 7, 5]",300,False,1464,1,cal_bc_s47,1
31212,normal,60,False,True,False,60.0,1222.576247349824,73.32188018433183,1,1,0.0,33.94440618374556,2.6992090263054576,"[0, 293, 1, 3, 3]",300,False,1558,1,cal_bc_s47,1
31213,normal,60,True,False,True,17.6,347.462347033744,70.9296824465785,0,1,2.6,-4.8934413241564,0.1843679705743022,"[0, 82, 1, 1, 4]",88,False,84,0,cal_bc_s47,1
31214,normal,60,False,True,False,60.0,1427.7185942743354,85.75115369371456,4,5,0.0,40.19296485685838,2.8731769968190752,"[3, 255, 2, 21, 19]",300,True,1868,2,cal_bc_s47,1
31215,normal,60,False,True,False,60.0,1151.9999999999932,69.07388018433181,0,0,0.0,31.799999999999827,2.639999999999996,"[0, 288, 0, 6, 6]",300,False,1452,1,cal_bc_s47,1
31216,normal,60,False,True,False,60.0,1630.8419875338545,97.92073180327446,9,2,0.0,47.331049688346305,3.0860233264076973,"[1, 251, 1, 23, 24]",300,True,2246,3,cal_bc_s47,1
31217,normal,60,True,False,True,16.4,443.5669294814036,97.46234075891837,3,2,0.0,0.24917323703509098,0.3064260719341131,"[1, 74, 1, 2, 4]",82,False,299,0,cal_bc_s47,1
31218,normal,60,False,True,False,60.0,1537.002077727091,92.3501198165461,6,5,0.0,43.72505194317729,2.9738900431817172,"[2, 270, 3, 13, 12]",300,True,2047,3,cal_bc_s47,1
31219,normal,60,False,True,False,60.0,1362.9744465805065,81.8178757472719,5,5,0.0,38.974361164512686,2.857208025878059,"[2, 276, 3, 10, 9]",300,True,1838,3,cal_bc_s47,1
31200,dense,60,False,True,False,60.0,1137.279959726257,68.20988018422186,4,1,0.0,33.011998993156425,2.7118221998479206,"[0, 279, 1, 9, 11]",300,False,1577,1,cal_bc_s47,1
31201,dense,60,False,True,False,60.0,1537.8744063897689,92.3039992774504,9,2,0.0,45.00686015974422,3.0343746702165384,"[1, 278, 1, 10, 10]",300,True,2153,3,cal_bc_s47,1
31202,dense,60,False,True,False,60.0,1302.5205856286875,78.1458801843318,4,2,0.0,37.12301464071721,2.803622547571493,"[1, 277, 1, 10, 11]",300,True,1743,3,cal_bc_s47,1
31203,dense,60,False,True,False,60.0,982.4552582920592,58.918721698237874,1,1,0.0,27.94138145730149,2.5658084768289218,"[0, 268, 1, 19, 12]",300,False,1317,1,cal_bc_s47,1
31204,dense,60,False,True,False,60.0,1226.8992563560123,73.60323091478783,2,2,0.0,34.432481408900316,2.7216106979755623,"[1, 275, 1, 13, 10]",300,True,1597,2,cal_bc_s47,1
31205,dense,60,False,True,False,60.0,1439.7216337011191,86.51811981566821,6,5,0.0,41.293040842527965,2.9198453520561776,"[2, 280, 3, 8, 7]",300,True,1950,3,cal_bc_s47,1
31206,dense,60,False,True,False,60.0,1324.3010080929412,79.60613205777385,5,6,0.0,37.86752520232352,2.8357227822738564,"[3, 270, 3, 12, 12]",300,True,1799,3,cal_bc_s47,1
31207,dense,60,False,True,False,60.0,1008.8703205984634,60.457313040492494,0,1,0.0,28.201758014961605,2.5604835114435907,"[1, 265, 0, 21, 13]",300,False,1309,1,cal_bc_s47,1
31208,dense,60,True,False,True,25.8,600.0689979349117,83.75389594922451,3,1,0.0,4.181724948372796,0.3933716655193954,"[0, 113, 1, 9, 6]",129,False,455,0,cal_bc_s47,1
31209,dense,60,False,True,False,60.0,1708.074649718461,102.5741198156682,15,3,0.0,51.64186624296139,3.2489303609547004,"[2, 285, 1, 6, 6]",300,True,2533,3,cal_bc_s47,1
31210,dense,60,False,True,False,60.0,1570.8226531414575,94.3082031701704,9,3,0.0,45.690566328536406,3.0526792517452543,"[2, 277, 1, 10, 10]",300,True,2186,3,cal_bc_s47,1
31211,dense,60,False,True,False,60.0,1070.1183975097347,64.19533820506773,1,0,0.0,30.152959937743354,2.6145102208387416,"[0, 281, 0, 13, 6]",300,False,1405,1,cal_bc_s47,1
31212,dense,60,False,True,False,60.0,1401.870309186991,84.21411981927655,9,3,0.0,41.58675772967479,2.9588168384372175,"[2, 262, 1, 22, 13]",300,True,2017,3,cal_bc_s47,1
31213,dense,60,False,True,False,60.0,1155.2719498371794,69.33109328348914,4,3,0.0,33.42179874592947,2.721817749909544,"[2, 284, 1, 7, 6]",300,True,1595,3,cal_bc_s47,1
31214,dense,60,False,True,False,60.0,1081.5700442504403,64.91651752594531,2,2,0.0,30.799251106260996,2.6408722468058,"[1, 285, 1, 8, 5]",300,False,1452,1,cal_bc_s47,1
31215,dense,60,False,True,False,60.0,1226.1236171384326,73.551963538834,3,3,0.0,34.793090428460786,2.7411797872991293,"[2, 269, 1, 12, 16]",300,True,1631,2,cal_bc_s47,1
31216,dense,60,False,True,False,60.0,1405.5282483744709,84.33674348488091,7,2,0.0,40.89820620936177,2.920849026874706,"[1, 275, 1, 12, 11]",300,True,1951,3,cal_bc_s47,1
31217,dense,60,False,True,False,60.0,1223.9998335641158,73.39387233039885,2,0,0.0,34.39999583910291,2.71999990753562,"[0, 276, 0, 13, 11]",300,True,1594,2,cal_bc_s47,1
31218,dense,60,False,True,False,60.0,1106.9419742603577,66.3919382200222,1,1,0.0,31.053549356508938,2.6349677634779765,"[1, 295, 0, 2, 2]",300,False,1442,1,cal_bc_s47,1
31219,dense,60,False,True,False,60.0,1142.5740939506131,68.56988012852581,1,3,0.0,31.90435234876532,2.6547633855281183,"[1, 283, 2, 6, 8]",300,True,1478,2,cal_bc_s47,1
