timesteps,episode,return,length,completed,distance_m,overtakes,danger_seconds
132,1,-9.042493,33,False,172.7002719618099,,0.8
148,2,-7.550239,37,False,201.19042584677095,,0.8
216,3,-8.888688,54,False,248.4524822290182,,2.1999999999999997
424,4,-5.149003,52,False,285.23988356192376,,0.2
452,5,-5.124979,80,False,352.60082940903726,,0.0
596,6,-4.478489,112,False,428.06042508430664,,1.0
624,7,-8.057558,50,False,232.09768045130954,,0.4
740,8,-9.123594,29,False,157.45623957355542,,1.0
864,9,-5.237318,103,False,356.1072890979726,,0.0
900,10,21.68086,225,True,999.2344171078803,,0.0
1172,11,-6.817544,68,False,268.8982338881374,,0.0
1312,12,-4.69104,112,False,369.1583881591448,,0.0
1496,13,12.054969,225,True,702.9987529916398,,0.0
1600,14,0.530995,215,False,759.6397845631045,,1.9999999999999998
1840,15,-2.103211,86,False,459.0715655145318,,2.1999999999999997
1860,16,-1.610494,172,False,584.3802394259901,,0.0
2212,17,22.168022,225,True,1001.1208789888876,,0.0
2428,18,-6.620414,54,False,292.7834236912786,,0.6000000000000001
2500,19,18.83926,225,True,895.9703982293715,,1.2
2740,20,21.523801,225,True,958.5520280507351,,0.0
2760,21,17.855178,225,True,885.4071319725285,,1.2
3196,22,2.51617,192,False,840.6467857398427,,1.2
3336,23,-5.212553,149,False,531.4978974891733,,0.0
3400,24,20.767263,225,True,935.4905396445408,,0.0
3620,25,1.332624,215,False,826.9049508503656,,0.0
4084,26,0.47857,116,False,606.3428060119563,,1.9999999999999998
4096,27,16.00985,225,True,771.5940059071852,,0.0
4236,28,14.651393,225,True,719.655700089407,,0.2
4300,29,13.958788,225,True,799.9515308379007,,0.8
4420,30,-9.014266,46,False,239.42935171530576,,3.0000000000000004
4796,31,-3.137773,124,False,536.0890947513451,,1.7999999999999998
4812,32,-5.279068,98,False,335.2372803610656,,0.0
4884,33,2.72295,197,False,876.1179909281909,,1.9999999999999998
4984,34,20.467363,225,True,912.2945264282826,,0.0
5288,35,-4.654305,123,False,441.0277822509943,,0.2
5652,36,0.138493,167,False,626.3397264338957,,0.0
5712,37,19.498076,225,True,827.9230350597063,,0.0
5784,38,19.241329,225,True,797.6531751205073,,0.0
6076,39,-3.378518,106,False,438.4592987069459,,0.4
6188,40,19.033913,225,True,849.3565075994577,,0.0
6364,41,-0.899331,145,False,499.22676980168103,,0.0
6408,42,-6.495144,83,False,304.1942403562639,,1.0
6612,43,18.281042,225,True,826.4416725426638,,0.2
6920,44,-0.471069,128,False,505.1572329963535,,0.0
6960,45,3.388711,193,False,748.3484482758986,,0.4
7264,46,20.292679,225,True,856.5071684822633,,0.0
7400,47,-1.945527,120,False,474.9789040041337,,0.0
7512,48,19.860209,225,True,845.6083486236166,,0.0
7860,49,20.116828,225,True,848.6731052620462,,0.0
7892,50,2.879379,157,False,727.9751766567176,,0.2
8196,51,2.960368,171,False,764.8147006921074,,0.0
8300,52,18.569347,225,True,788.3738968908976,,0.0
8760,53,17.516739,225,True,850.2695593097151,,0.0
8792,54,22.077519,225,True,915.9007440524201,,0.6000000000000001
9096,55,21.226254,225,True,881.8501516480537,,0.0
9200,56,24.175023,225,True,991.8009000470329,,0.0
9284,57,-5.847073,123,False,467.7170830144678,,4.400000000000001
9572,58,5.582026,203,False,832.0810568074212,,0.0
9996,59,21.442433,225,True,850.4973153253404,,0.0
10100,60,19.620577,225,True,857.6230996636898,,0.0
10184,61,19.753737,225,True,856.5494722969042,,0.0
10412,62,-3.341011,104,False,400.75954734149786,,0.0
10472,63,24.334403,225,True,964.5761263743566,,0.0
10740,64,-0.756277,139,False,512.9489179086595,,0.0
11000,65,23.44597,225,True,909.8388037472721,,0.0
11312,66,22.24885,225,True,937.1539933767974,,0.2
11372,67,22.124737,225,True,880.9894841457287,,0.0
11640,68,23.487334,225,True,918.6933750967723,,0.0
11736,69,-3.66787,106,False,388.48521311312106,,0.0
11900,70,23.804154,225,True,954.5661495063043,,0.6000000000000001
12208,71,-2.035829,118,False,452.9668428250743,,0.0
12272,72,21.165673,225,True,813.0269129981968,,0.0
12284,73,2.515026,161,False,602.2010258082837,,0.0
12728,74,-0.181869,111,False,527.1252425489006,,1.4
12780,75,-1.178111,127,False,464.8755465629524,,0.0
12800,76,-11.027823,18,False,98.88706657000762,,1.9999999999999998
12800,77,21.293581,225,True,818.9432473217062,,0.0
13108,78,23.4322,225,True,926.8879851408453,,0.0
13244,79,-1.74577,116,False,465.36918827974705,,0.0
13700,80,24.262895,225,True,924.9157863791847,,0.0
13700,81,23.224248,225,True,894.5699355235931,,0.0
13760,82,1.202292,129,False,572.8916774242045,,0.0
14008,83,21.859429,225,True,820.7771763647747,,0.0
14600,84,24.02815,225,True,904.3260098188123,,0.0
14600,85,26.729268,225,True,1068.3707124797697,,3.0000000000000004
14660,86,20.950212,225,True,866.0084805127603,,2.1999999999999997
14908,87,23.884868,225,True,896.9947179199373,,0.0
15036,88,-2.53409,94,False,437.0363980859072,,2.8000000000000003
15500,89,26.922892,225,True,1004.1156935692654,,0.0
15500,90,23.972253,225,True,895.6901117938239,,0.0
15692,91,9.920172,196,False,899.2068852521008,,0.0
15744,92,4.573139,177,False,702.1255717471313,,0.0
15972,93,-3.094074,118,False,402.6370475976844,,0.6000000000000001
16108,94,-9.011696,34,False,177.93214220612617,,2.4
16168,95,-2.06482,106,False,478.20718421217794,,0.8
16380,96,-6.77093,68,False,234.76280228441647,,0.0
16400,97,24.629579,225,True,980.383159429942,,0.0
16592,98,26.214181,225,True,998.1672206016283,,0.0
17068,99,24.914745,225,True,916.589802386331,,0.0
17280,100,23.974607,225,True,868.5842753799334,,0.0
17300,101,22.28134,225,True,864.053594050609,,0.0
17492,102,23.810566,225,True,887.6226579302645,,0.0
17760,103,-7.720936,67,False,255.16256651255526,,2.1999999999999997
17968,104,23.005396,225,True,855.4158384182726,,0.0
18180,105,19.959268,225,True,797.570738003722,,1.5999999999999999
18200,106,25.602432,225,True,957.6972697262163,,0.0
18660,107,24.757155,225,True,946.2861804817919,,0.0
18868,108,27.726218,225,True,1010.6487150054022,,0.0
19080,109,27.304102,225,True,1017.7640869113325,,0.0
19100,110,21.418395,225,True,798.3358035019417,,0.0
19224,111,-7.968266,36,False,189.2693752684006,,1.7999999999999998
19560,112,23.916977,225,True,903.0790996936462,,1.9999999999999998
19676,113,1.378103,144,False,574.3241270421586,,0.2
19768,114,21.133185,225,True,802.1273968545754,,0.0
20124,115,25.654424,225,True,959.7769475243128,,0.0
20460,116,23.503515,225,True,884.9406193297561,,0.0
20576,117,23.49703,225,True,852.6812036294011,,0.0
20668,118,25.178932,225,True,951.9572660557628,,0.0
20784,119,-4.651489,81,False,373.140431270122,,1.7999999999999998
20912,120,8.438034,197,False,923.9213523642047,,2.8000000000000003
21144,121,1.551681,142,False,626.067254701768,,2.1999999999999997
21316,122,-0.530474,133,False,477.98103746392644,,0.0
21568,123,23.324762,225,True,839.3904880254745,,0.0
21812,124,24.140238,225,True,867.2095041808941,,0.0
22044,125,23.8309,225,True,910.8359803999485,,0.0
22216,126,25.262065,225,True,988.8825970698492,,1.5999999999999999
22468,127,27.714639,225,True,995.7855725683823,,0.0
22468,128,-7.268618,63,False,257.2552889062572,,2.8000000000000003
22712,129,25.183499,225,True,925.7399572455665,,0.0
22760,130,1.933955,179,False,598.1581974140206,,0.0
22796,131,-5.497749,82,False,274.49002594608237,,0.0
23368,132,22.892409,225,True,844.4963447732059,,0.0
23612,133,24.4197,225,True,894.387985878888,,0.0
23660,134,21.345386,225,True,798.6154224061847,,0.0
23696,135,24.972853,225,True,917.3141312847602,,0.0
23960,136,-5.735863,75,False,252.16546637615102,,0.0
24268,137,21.986056,225,True,785.8422448880467,,0.0
24512,138,25.3789,225,True,910.3559917345365,,0.0
24596,139,22.323836,225,True,818.5534487805771,,0.0
24812,140,1.450201,136,False,599.6080443007854,,1.9999999999999998
24860,141,23.005287,225,True,842.611469942746,,0.0
25412,142,25.334223,225,True,913.3689327276122,,0.0
25496,143,26.768382,225,True,957.9352997387748,,0.0
25712,144,24.740806,225,True,890.4322450105979,,0.0
25760,145,25.843541,225,True,927.3416326352694,,0.0
26312,146,21.362405,225,True,748.0962125235665,,0.0
26396,147,24.060475,225,True,891.2190021639756,,0.0
26612,148,25.494929,225,True,906.9971729883985,,0.0
26660,149,30.949416,225,True,1122.776658221329,,0.0
27212,150,26.285228,225,True,953.0091294963365,,0.0
27296,151,24.60595,225,True,897.0380110293524,,0.0
27512,152,23.080615,225,True,810.4245857979718,,0.0
27560,153,22.775213,225,True,811.0085275277804,,0.0
27936,154,3.050316,160,False,687.612651655957,,2.1999999999999997
28012,155,-2.044361,113,False,478.22556256120106,,1.7999999999999998
28112,156,25.304892,225,True,928.1956657970898,,0.0
28360,157,-4.620034,87,False,363.19865523428007,,2.8000000000000003
28412,158,25.463476,225,True,912.1390395880096,,0.0
28836,159,23.954002,225,True,877.360063682502,,0.0
29012,160,24.979571,225,True,899.182824024728,,0.0
29260,161,26.477953,225,True,971.9181254443358,,0.0
29312,162,25.17325,225,True,900.5299931800134,,0.0
29736,163,28.816761,225,True,1063.8704331084455,,0.0
29912,164,24.140919,225,True,926.4367403098543,,0.0
30160,165,27.701116,225,True,1028.8446482854,,0.0
30212,166,23.882352,225,True,893.694087408308,,0.0
30636,167,25.285244,225,True,948.2097638012085,,0.0
30684,168,8.073726,193,False,851.7490395742116,,1.4
31060,169,25.932738,225,True,921.3095071699149,,0.0
31112,170,23.820472,225,True,889.6188780315968,,0.0
31216,171,-10.199562,26,False,90.41751680120979,,0.0
31296,172,-7.345948,59,False,199.7620950960138,,0.0
31536,173,23.653467,225,True,866.1386881415606,,0.0
31584,174,23.844861,225,True,864.9944485491469,,0.0
32116,175,23.407297,225,True,845.8918703894344,,0.0
32196,176,21.061553,225,True,724.8621388422364,,0.0
32436,177,26.187105,225,True,960.2841968195785,,0.0
32484,178,26.624094,225,True,1011.3637622698882,,0.0
33016,179,28.439744,225,True,1051.9897588343692,,0.0
33096,180,23.506812,225,True,859.4724809471745,,0.0
33296,181,-4.97927,70,False,293.62919160430806,,0.0
33336,182,24.532053,225,True,899.6821127097514,,0.0
33384,183,22.039526,225,True,781.5810372999229,,0.0
33488,184,-9.875204,26,False,125.79182810607426,,1.4
33812,185,-0.392521,119,False,489.0991769426639,,0.0
33996,186,26.201231,225,True,972.0492547574959,,0.0
34196,187,23.180708,225,True,820.8283390656479,,0.0
34388,188,23.627654,225,True,838.7061433586,,0.0
34556,189,-10.208582,42,False,179.65672108687068,,4.000000000000001
34712,190,24.425993,225,True,905.8397118162195,,0.0
34896,191,27.494458,225,True,1036.578314780777,,0.0
35096,192,23.682369,225,True,860.0947528990791,,0.0
35264,193,-5.851547,92,False,270.73813806176963,,0.0
35372,194,-6.777005,69,False,259.3197957287273,,1.7999999999999998
35456,195,31.221693,225,True,1128.067714666116,,0.0
35612,196,24.317044,225,True,872.6817695727734,,0.0
35796,197,1.039356,133,False,578.3742333016653,,1.7999999999999998
35800,198,-8.088906,47,False,169.24377909507484,,0.0
36272,199,25.03784,225,True,890.3136018278949,,0.0
36356,200,22.914095,225,True,835.7638015567798,,0.0
36696,201,21.558415,225,True,757.5366024087798,,0.0
36700,202,19.520645,225,True,690.4257801465405,,0.2
37172,203,25.059297,225,True,886.371888295228,,0.0
37256,204,25.74452,225,True,918.5807909917708,,0.0
37596,205,25.593604,225,True,930.1441740521648,,0.0
37600,206,19.267803,225,True,696.3121022768985,,0.0
38072,207,26.550357,225,True,979.6142765838927,,0.0
38156,208,19.973758,225,True,705.3503113083761,,0.0
38496,209,24.560175,225,True,871.2070111602177,,0.0
38500,210,19.419846,225,True,675.9938310115856,,0.0
38972,211,27.168899,225,True,988.3559602904757,,0.0
39056,212,25.476318,225,True,906.2527302112571,,0.0
39396,213,24.122795,225,True,866.5117891489122,,0.0
39400,214,25.816141,225,True,903.845624737145,,0.0
39872,215,24.735468,225,True,883.0187063669027,,0.0
39956,216,24.138346,225,True,885.5338544976603,,0.0
40296,217,24.069431,225,True,862.7772386930085,,0.0
40300,218,23.75367,225,True,854.946807352525,,0.0
40728,219,-3.548268,107,False,353.269295425162,,0.0
40772,220,22.332544,225,True,793.3017428352632,,0.0
40856,221,19.57477,225,True,684.5907806103519,,0.0
41196,222,28.060302,225,True,1009.6120667651412,,0.0
41628,223,22.863835,225,True,814.5533805624234,,0.0
41672,224,24.682625,225,True,880.904983949551,,0.0
41756,225,22.595365,225,True,803.8146167775321,,0.0
42096,226,22.329954,225,True,810.7981490523839,,0.0
42528,227,29.907081,225,True,1083.483221673228,,0.0
42572,228,24.655771,225,True,873.4308217325051,,0.0
42656,229,24.967738,225,True,905.1095149275388,,0.0
42784,230,-8.125788,53,False,162.968481996523,,0.0
42996,231,25.64339,225,True,952.9356037855446,,0.0
43428,232,23.635616,225,True,832.6246319969466,,0.0
43556,233,25.510294,225,True,901.2117496185424,,0.0
43684,234,27.807862,225,True,1017.1144825393358,,0.0
43896,235,24.674847,225,True,874.1938842452341,,0.0
44328,236,22.301202,225,True,787.2480656891466,,0.0
44456,237,24.038812,225,True,855.1524717102038,,0.0
44584,238,25.768608,225,True,930.7443396980846,,0.0
44796,239,31.983342,225,True,1140.9336945131731,,0.0
45228,240,23.41653,225,True,830.2611925406436,,0.0
45356,241,26.728132,225,True,940.3252837149037,,0.0
45484,242,24.461337,225,True,865.6534656250085,,0.0
45696,243,22.329991,225,True,786.7996400676391,,0.0
46128,244,26.402998,225,True,928.119936215734,,0.0
46164,245,5.417726,202,False,723.9090433869976,,0.0
46336,246,5.151834,213,False,758.8733740564551,,2.1999999999999997
46340,247,5.508921,161,False,701.9568427114814,,0.0
47028,248,23.904401,225,True,849.7760272538846,,0.0
47064,249,23.157227,225,True,819.8890933934238,,0.0
47236,250,19.657276,225,True,679.8910595800266,,0.0
47240,251,27.561366,225,True,996.0546556065167,,0.0
47928,252,21.181158,225,True,739.2463068719837,,0.0
47964,253,22.30575,225,True,773.0300005736742,,0.0
48136,254,25.66657,225,True,913.8628116391928,,0.0
48140,255,23.98185,225,True,846.4740171232781,,0.0
48828,256,29.515846,225,True,1048.6338567407615,,0.0
48864,257,27.756258,225,True,1013.450306313795,,0.0
49036,258,20.400127,225,True,720.8050667149278,,0.0
49040,259,29.893652,225,True,1085.3460646492413,,0.0
49312,260,-0.203581,112,False,473.4567705663194,,0.0
49728,261,19.877517,225,True,682.3006989822804,,0.0
49936,262,26.017646,225,True,921.5058356783964,,0.0
49940,263,23.940639,225,True,875.2255676170564,,0.0
50212,264,24.94995,225,True,889.997982067235,,0.0
50628,265,23.896903,225,True,823.8761085722385,,0.0
50836,266,26.988656,225,True,950.7462221849919,,0.0
50840,267,27.321899,225,True,973.6759700042389,,0.4
51080,268,-6.320561,60,False,228.77757606870546,,0.0
51112,269,23.410547,225,True,830.0218873267381,,0.0
51200,270,-9.484109,30,False,107.83565837107244,,0.0
51528,271,24.474073,225,True,872.5629284223637,,0.0
51736,272,23.209859,225,True,809.1943777225758,,0.0
52012,273,30.658806,225,True,1075.1522336571302,,0.0
52100,274,22.63319,225,True,786.1275987976376,,0.0
52428,275,23.890293,225,True,842.8117123252139,,0.0
52636,276,28.259676,225,True,1014.3870492426408,,0.0
52912,277,22.20675,225,True,769.0699981557821,,0.0
53000,278,27.097267,225,True,971.0906847379601,,0.0
53076,279,5.035437,162,False,683.0174696729575,,0.0
53536,280,28.220467,225,True,984.0186723259951,,0.0
53812,281,26.120195,225,True,949.6078140540751,,0.0
53900,282,25.386826,225,True,902.6730440214069,,0.0
53976,283,24.805076,225,True,957.8030397890054,,3.0000000000000004
54436,284,24.438953,225,True,826.3581047090072,,0.0
54712,285,25.201097,225,True,919.2438668280286,,1.0
54800,286,27.315853,225,True,973.4341014637448,,0.0
54876,287,27.256352,225,True,961.4540911354766,,0.0
55336,288,28.554391,225,True,1006.9756202902324,,0.0
55612,289,25.713316,225,True,922.1326545771665,,0.0
55700,290,25.262233,225,True,897.6893343685781,,0.0
55776,291,23.893679,225,True,836.5471565087896,,0.0
56236,292,31.107419,225,True,1109.0967743766173,,0.0
56512,293,21.862918,225,True,755.3167272297501,,0.0
56600,294,21.835869,225,True,754.2347504124352,,0.0
56676,295,23.964601,225,True,839.3840236988033,,0.0
57136,296,20.467942,225,True,705.9176834638452,,0.0
57412,297,24.362642,225,True,823.3056839989292,,0.0
57500,298,25.506659,225,True,885.0663582643897,,0.0
57576,299,24.628607,225,True,904.3442695779772,,1.5999999999999999
58036,300,26.477171,225,True,907.8868427525117,,0.0
58312,301,22.62922,225,True,785.9688068239636,,0.0
58400,302,19.270789,225,True,651.6315426552715,,0.0
58476,303,26.955371,225,True,959.0148223180909,,0.0
58936,304,29.208996,225,True,985.159855186831,,0.0
59212,305,23.761961,225,True,831.2784204857146,,0.0
59300,306,27.092265,225,True,978.8906139216044,,1.0
59376,307,23.26264,225,True,913.7056077039754,,4.000000000000001
59836,308,25.168364,225,True,905.1345511873615,,0.0
60112,309,20.209845,225,True,689.1937809244992,,0.0
60200,310,27.445775,225,True,985.0309836121212,,0.0
60276,311,22.841046,225,True,800.8418312140504,,0.0
60736,312,24.9979,225,True,880.7160132610527,,0.0
61012,313,25.168944,225,True,871.5577495499936,,0.0
61100,314,26.127705,225,True,925.9082188508789,,0.0
61176,315,27.643765,225,True,970.5506065223021,,0.0
61636,316,24.25495,225,True,862.197991165739,,0.2
61912,317,28.852219,225,True,1025.2887780235978,,0.0
62000,318,20.823018,225,True,720.1207114175572,,0.0
62060,319,-2.459811,106,False,459.20754201400246,,3.2000000000000006
62076,320,21.494485,225,True,746.9794189832965,,0.0
62336,321,-6.44924,69,False,290.0304101428428,,2.8000000000000003
62812,322,28.231214,225,True,1010.0485486732498,,0.0
62900,323,21.021625,225,True,721.6649966472396,,0.0
62976,324,29.648634,225,True,1050.7453545907688,,0.0
63236,325,26.175613,225,True,945.4245007509417,,0.0
63712,326,25.022445,225,True,881.6977856826466,,0.0
63800,327,27.817055,225,True,977.4822081869693,,0.0
63876,328,24.658724,225,True,867.148942846376,,0.0
64136,329,26.078954,225,True,923.9581772901256,,0.0
64612,330,27.094481,225,True,964.5792512251589,,0.0
64700,331,24.416072,225,True,863.8428617405814,,0.0
64776,332,23.577173,225,True,823.8869095326197,,0.0
65036,333,22.749409,225,True,790.7763408024628,,0.0
65512,334,22.089633,225,True,764.3853247278141,,0.0
65600,335,27.633096,225,True,986.1238228892125,,0.0
65676,336,24.902968,225,True,876.9187150512614,,0.0
65936,337,26.735193,225,True,918.2077010013415,,0.0
66412,338,27.171969,225,True,974.0787611925625,,0.0
66500,339,24.574797,225,True,854.1918606062891,,0.0
66576,340,23.853073,225,True,818.9229132496964,,0.0
66836,341,22.564008,225,True,783.3603107829013,,0.0
67312,342,30.176831,225,True,1039.8732565428127,,0.0
67316,343,8.175454,204,False,851.018178856863,,1.7999999999999998
67476,344,26.286391,225,True,900.2556249201959,,0.0
67736,345,22.698612,225,True,795.144498281596,,0.0
68212,346,28.002159,225,True,984.88636864711,,0.0
68216,347,32.084071,225,True,1122.562858388856,,0.0
68376,348,27.003951,225,True,944.9580392317321,,0.0
68636,349,24.249989,225,True,850.7995565769063,,0.0
68816,350,-3.383569,110,False,357.4572301045707,,0.0
69112,351,21.060327,225,True,723.2130824565945,,0.0
69116,352,26.647421,225,True,946.6968563422167,,0.0
69536,353,24.495838,225,True,867.0335093482347,,0.0
69716,354,23.363532,225,True,799.3412834018857,,0.0
70012,355,20.825275,225,True,720.2109803061142,,0.0
70016,356,26.773005,225,True,958.1201944141828,,0.0
70436,357,25.980262,225,True,920.0104840929346,,0.0
70616,358,26.061267,225,True,923.2506847816601,,0.0
70912,359,24.584483,225,True,864.179318888396,,0.0
70916,360,22.293683,225,True,772.547318362736,,0.0
71336,361,24.82543,225,True,873.8172116239323,,0.0
71516,362,23.895192,225,True,820.6076836693712,,0.0
71812,363,26.370797,225,True,946.8318653789372,,0.0
71816,364,24.650873,225,True,850.8349325609524,,0.0
72236,365,28.289879,225,True,964.395169284147,,0.0
72416,366,24.757521,225,True,871.1008371783814,,0.0
72712,367,22.692946,225,True,788.5178491013344,,0.0
72716,368,22.999649,225,True,813.5859558096975,,0.0
73136,369,26.066771,225,True,929.8708394316382,,0.0
73316,370,21.827443,225,True,753.8977146909483,,0.0
73612,371,31.799065,225,True,1104.7625908499708,,0.0
73616,372,24.143675,225,True,852.9470081253824,,0.0
74036,373,27.468105,225,True,979.524188298662,,0.0
74216,374,27.711936,225,True,979.6774457765725,,0.0
74512,375,19.919224,225,True,677.5689729943831,,0.0
74516,376,21.871229,225,True,755.6491586332211,,0.0
74936,377,27.561045,225,True,967.2418077046405,,0.0
75116,378,23.498954,225,True,827.1581669912168,,0.0
75412,379,28.184363,225,True,1008.17450699958,,0.0
75416,380,29.991014,225,True,1038.8405698553706,,0.0
75836,381,29.025287,225,True,1016.2114792115394,,0.0
76016,382,28.162326,225,True,991.2930523515918,,0.0
76312,383,30.531085,225,True,1054.0434148270979,,0.0
76316,384,25.172611,225,True,855.7044449095554,,0.0
76736,385,24.616164,225,True,849.4465588919536,,0.0
76916,386,24.58773,225,True,881.9092168284913,,0.0
77212,387,22.967098,225,True,799.4839013324272,,0.0
77216,388,26.355929,225,True,935.0371714997357,,0.0
77636,389,26.254114,225,True,930.9645655771176,,0.0
77816,390,25.298293,225,True,892.7317397150687,,0.0
78112,391,27.874298,225,True,1002.1719319400597,,0.0
78116,392,24.196635,225,True,848.6653817455185,,0.0
78536,393,29.450534,225,True,1042.8213503958352,,0.0
78716,394,31.721201,225,True,1101.6480212035844,,0.0
79012,395,22.298864,225,True,772.7545703226081,,0.0
79016,396,26.446438,225,True,929.0575011114383,,0.0
79436,397,31.539187,225,True,1126.367481105378,,0.0
79616,398,31.797285,225,True,1079.0914188486522,,0.0
79912,399,22.173102,225,True,751.7240897319869,,0.0
79916,400,26.690837,225,True,938.8334905177785,,0.0
80336,401,24.324813,225,True,853.7925046540981,,0.0
80516,402,30.656372,225,True,1091.0548860338995,,0.0
80812,403,30.233514,225,True,1026.1405748997129,,0.0
80816,404,25.533495,225,True,902.1398078835359,,0.0
81236,405,25.294493,225,True,892.5797213913479,,0.0
81416,406,26.482115,225,True,940.084586544574,,0.0
81712,407,20.105897,225,True,699.4358679959571,,0.6000000000000001
81716,408,23.678551,225,True,818.3420226748003,,0.0
82136,409,24.76708,225,True,871.4831892305642,,0.0
82316,410,20.526863,225,True,701.8745389052565,,0.0
82612,411,25.448625,225,True,882.7449880676459,,0.0
82616,412,20.865722,225,True,715.4288917244796,,0.0
83036,413,20.56734,225,True,738.693581113276,,0.0
83216,414,26.390653,225,True,949.2261310072365,,0.0
83512,415,25.803293,225,True,912.9317197407347,,0.0
83516,416,25.768368,225,True,911.5347348576402,,0.0
83936,417,26.365955,225,True,903.4382033557615,,0.0
84116,418,27.729371,225,True,973.9748365593939,,0.0
84412,419,20.489588,225,True,700.3835395876915,,0.0
84416,420,30.528271,225,True,1053.9308400555333,,0.0
84836,421,27.892094,225,True,1002.8837489900868,,0.0
85016,422,26.142637,225,True,878.505465022547,,0.0
85152,423,4.306818,184,False,696.2727262560411,,1.7999999999999998
85312,424,24.087328,225,True,844.2931094273911,,0.0
85736,425,22.633279,225,True,786.1311797049009,,0.0
85916,426,27.295707,225,True,908.6282898688978,,0.0
86052,427,20.885777,225,True,716.2310967240378,,0.0
86212,428,26.202729,225,True,928.9091547419137,,0.0
86636,429,24.602835,225,True,864.9133866749962,,0.0
86816,430,23.096005,225,True,804.640209247641,,0.0
86952,431,26.589321,225,True,944.3728249648063,,0.0
87112,432,29.100913,225,True,1051.2365117900554,,0.0
87536,433,25.889284,225,True,916.3713596072787,,0.0
87716,434,24.381029,225,True,856.0411651334575,,0.0
87852,435,24.628839,225,True,865.9535486171849,,0.0
88012,436,32.220494,225,True,1137.6197471589462,,0.0
88436,437,23.259849,225,True,817.5939417001578,,0.0
88616,438,22.664297,225,True,787.3718721510404,,0.0
88752,439,29.924229,225,True,1045.7691616456896,,0.0
88912,440,25.416687,225,True,897.4674731422986,,0.0
89336,441,24.45795,225,True,843.1180093007856,,0.0
89516,442,27.544856,225,True,966.5942476992868,,0.0
89652,443,25.864457,225,True,921.778293565676,,0.0
89812,444,25.672485,225,True,875.6993867853225,,0.0
90236,445,31.588584,225,True,1096.343363361928,,0.0
90416,446,24.401342,225,True,856.8536600392331,,0.0
90552,447,20.649215,225,True,706.7686008896876,,0.0
90712,448,21.171772,225,True,727.6708617774909,,0.0
91136,449,20.798935,225,True,719.1573972997319,,0.0
91316,450,21.366711,225,True,735.468427492345,,0.0
91452,451,20.275902,225,True,691.8360903389525,,0.0
91612,452,28.86578,225,True,1003.4311833399272,,0.0
92036,453,29.680255,225,True,1036.0101849984565,,0.0
92216,454,23.061815,225,True,803.2725986916867,,0.0
92352,455,26.769369,225,True,957.9747427911987,,0.0
92512,456,19.10169,225,True,644.8676082361924,,0.0
92936,457,26.358139,225,True,935.1255414887221,,0.0
93116,458,21.550534,225,True,742.8213508578917,,0.0
93252,459,27.553131,225,True,966.9252390460438,,0.0
93412,460,20.772345,225,True,711.6938167920812,,0.0
93836,461,23.761949,225,True,831.2779724820398,,0.0
94016,462,20.952559,225,True,718.9023749124647,,0.0
94152,463,25.730617,225,True,916.424682711714,,0.0
94312,464,20.790636,225,True,712.4254461397077,,0.0
94736,465,28.898633,225,True,979.1453199629882,,0.0
94916,466,23.513512,225,True,805.340466951136,,0.0
95052,467,20.458542,225,True,699.1416820540751,,0.0
95212,468,26.064989,225,True,907.3995781891679,,0.0
95636,469,23.949836,225,True,845.193440283548,,0.0
95816,470,22.792653,225,True,792.5061137066414,,0.0
95952,471,27.086593,225,True,948.2637037824456,,0.0
96112,472,24.278193,225,True,835.9277054997197,,0.0
96536,473,21.334856,225,True,734.1942518693638,,0.0
96716,474,26.414456,225,True,921.3782420316033,,0.0
96852,475,25.338569,225,True,894.3427417717824,,0.0
97012,476,20.476005,225,True,699.8401868976962,,0.0
97436,477,20.864548,225,True,715.381931191843,,0.0
97616,478,21.851413,225,True,754.856532160464,,0.0
97752,479,26.532625,225,True,942.1050062522197,,0.0
97912,480,22.192047,225,True,768.4818872567953,,0.0
98336,481,24.369968,225,True,855.5987230835315,,0.0
98516,482,24.236262,225,True,834.2504711849531,,0.0
98652,483,20.876967,225,True,715.8786779969466,,0.0
98812,484,19.744433,225,True,670.5773248416331,,0.0
99236,485,26.067842,225,True,923.5136788618738,,0.0
99416,486,27.712178,225,True,979.6871241681586,,0.0
99552,487,22.021943,225,True,745.67773891159,,0.0
99712,488,27.682952,225,True,989.7180835022273,,0.0
100136,489,20.479786,225,True,712.791434689507,,0.0
100316,490,27.566886,225,True,983.475448923032,,0.0
100452,491,24.15757,225,True,847.9027954957137,,0.0
100612,492,27.686617,225,True,988.2646641173253,,0.0
101036,493,28.542401,225,True,1006.4960473115661,,0.0
101216,494,24.479136,225,True,850.3654260570574,,0.0
101352,495,20.05807,225,True,683.1228112217666,,0.0
101512,496,21.29011,225,True,732.4043865332542,,0.0
101936,497,23.58293,225,True,824.1172082693331,,0.0
102116,498,25.747542,225,True,894.7016955012105,,0.0
102252,499,22.323981,225,True,773.7592594656712,,0.0
102412,500,25.433706,225,True,898.1482518073221,,0.0
102836,501,24.018741,225,True,825.5496289477721,,0.0
103016,502,20.213226,225,True,689.3290317153953,,0.0
103152,503,31.070031,225,True,1091.6012594578542,,0.0
103312,504,32.268291,225,True,1139.5316281387236,,0.0
103736,505,22.829584,225,True,806.7833515788889,,0.0
103916,506,28.892801,225,True,1004.5120454780515,,0.0
104052,507,32.539266,225,True,1134.3706266491995,,0.0
104212,508,27.859966,225,True,995.1986452152485,,0.0
104636,509,26.78834,225,True,952.3335967159226,,0.0
104816,510,20.952334,225,True,718.8933496033692,,0.0
104952,511,25.614542,225,True,889.3816618237345,,0.0
105112,512,25.132707,225,True,886.1082691215092,,0.0
105536,513,20.67962,225,True,707.9847839192048,,0.0
105716,514,22.564921,225,True,783.3968299126718,,0.0
105852,515,22.571689,225,True,767.6675500328952,,0.0
106012,516,26.913104,225,True,957.324156468959,,0.0
106436,517,25.494077,225,True,900.5630784985481,,0.0
106616,518,26.902008,225,True,924.8803210197204,,0.0
106752,519,26.218856,225,True,929.5542207066796,,0.0
106912,520,25.142315,225,True,854.492587761363,,0.0
107336,521,24.779361,225,True,871.9744284617182,,0.0
107516,522,23.270896,225,True,811.6358235107671,,0.0
107652,523,25.715066,225,True,909.4026474749294,,0.0
107812,524,24.443517,225,True,842.5406774003989,,0.0
108064,525,3.541004,182,False,780.8401713696871,,6.600000000000003
108416,526,25.573975,225,True,887.7589957730213,,0.0
108552,527,24.108678,225,True,851.5471153064082,,0.0
108712,528,23.785366,225,True,832.2146305229958,,0.0
108964,529,29.915012,225,True,1061.400490605627,,0.0
109316,530,21.929504,225,True,757.9801782297209,,0.0
109452,531,24.070701,225,True,811.6280513327804,,0.0
109612,532,26.353511,225,True,934.9404252543702,,0.0
109864,533,23.255134,225,True,811.005362659494,,0.0
110216,534,25.984404,225,True,920.1761585938843,,0.0
110352,535,23.466727,225,True,819.4690624336647,,0.0
110512,536,26.068612,225,True,907.5444731852781,,0.0
110724,537,-9.882574,53,False,200.69702509949502,,4.800000000000002
110764,538,24.388165,225,True,862.7265938815644,,0.0
111116,539,24.01392,225,True,825.3568065602158,,0.0
111252,540,20.136076,225,True,692.6430321129712,,0.0
111624,541,24.336735,225,True,854.2693956217981,,0.0
111664,542,21.151131,225,True,726.8452448465669,,0.0
112016,543,24.380217,225,True,856.0086712087957,,0.0
112152,544,27.708631,225,True,989.1452591603475,,0.0
112524,545,25.106932,225,True,885.0772963063657,,0.0
112564,546,36.55207,225,True,1246.8827838304255,,0.0
112916,547,28.378358,225,True,999.9343010825135,,0.0
113052,548,23.201612,225,True,808.8644663858399,,0.0
113424,549,30.859374,225,True,1083.1749433140776,,0.0
113464,550,22.17141,225,True,767.6564087228605,,0.0
113816,551,29.121031,225,True,1029.6412426456955,,0.0
113952,552,23.566986,225,True,823.4794255390855,,0.0
114324,553,25.848396,225,True,914.7358349977842,,0.0
114364,554,24.132568,225,True,830.1027153668267,,0.0
114716,555,21.27218,225,True,731.6872141859408,,0.0
114852,556,27.514391,225,True,981.3756522357107,,0.0
115224,557,19.468555,225,True,659.5421824405107,,0.0
115264,558,24.687132,225,True,852.2852813355769,,0.0
115616,559,21.964771,225,True,759.3908290233896,,0.0
115752,560,21.98836,225,True,760.3343894054419,,0.0
116124,561,24.934374,225,True,878.1749407038731,,0.0
116164,562,29.673167,225,True,1051.7266990606827,,0.0
116516,563,21.309543,225,True,733.1817316318811,,0.0
116652,564,30.122663,225,True,1069.706537436327,,0.0
117024,565,25.030806,225,True,882.0322426620005,,0.0
117064,566,25.373184,225,True,895.7273490790803,,0.0
117416,567,26.849992,225,True,954.7996688988401,,0.0
117552,568,22.615771,225,True,785.4308566247294,,0.0
117924,569,29.563799,225,True,1031.3519482360848,,0.0
117964,570,25.209069,225,True,948.362756531923,,2.1999999999999997
118316,571,25.328298,225,True,893.9319316003628,,0.0
118452,572,22.150048,225,True,766.8019312780566,,0.0
118824,573,25.869535,225,True,921.9813864618322,,0.0
118864,574,25.47169,225,True,899.6676064267101,,0.0
119216,575,32.346301,225,True,1142.6520202094498,,0.0
119352,576,23.479339,225,True,819.9735568275303,,0.0
119724,577,27.057092,225,True,947.083691570728,,0.0
119764,578,23.072105,225,True,803.6842099058244,,0.0
120116,579,23.162657,225,True,807.306271402812,,0.0
120252,580,20.57816,225,True,715.1264113235152,,0.0
120624,581,22.844386,225,True,794.5754353249747,,0.0
120664,582,24.258036,225,True,851.1214584385491,,0.0
121016,583,27.338693,225,True,926.3477250851336,,0.0
121152,584,24.990501,225,True,880.420034157087,,0.0
121524,585,27.049836,225,True,946.793425481253,,0.0
121564,586,23.070253,225,True,803.6101324604213,,0.0
121916,587,25.022074,225,True,881.6829741650934,,0.0
122052,588,25.515332,225,True,869.413265424628,,0.0
122424,589,27.757428,225,True,959.0971245688484,,0.0
122464,590,26.371999,225,True,919.6799581267292,,0.0
122816,591,34.883776,225,True,1212.1510494780728,,0.0
122952,592,30.624963,225,True,1057.798500951716,,0.0
123324,593,30.304068,225,True,1076.962736937517,,0.0
123364,594,20.788458,225,True,712.3383002429405,,0.0
123584,595,1.419035,192,False,614.3614162262884,,3.2000000000000006
123852,596,26.931085,225,True,958.0433823223684,,0.0
124088,597,-8.239366,59,False,213.62535760662286,,2.6
124224,598,26.37389,225,True,919.7556111620243,,0.0
124264,599,21.915583,225,True,757.423301970281,,0.0
124484,600,28.844742,225,True,1002.5896902401303,,0.0
124988,601,28.058615,225,True,1003.1445820023041,,0.0
125124,602,24.455014,225,True,843.0005531884574,,0.0
125164,603,20.310595,225,True,693.2237839251175,,0.0
125384,604,25.242042,225,True,874.4816680461063,,0.0
125888,605,25.005214,225,True,865.0085583732334,,0.0
126024,606,24.991521,225,True,864.460843241033,,0.0
126064,607,24.892462,225,True,876.4984699455283,,0.0
126284,608,29.510548,225,True,1045.2219031360332,,0.0
126788,609,20.566566,225,True,703.4626593096984,,0.0
126924,610,20.968358,225,True,757.9343236798834,,1.5999999999999999
126964,611,22.616283,225,True,785.4513278556165,,0.0
127184,612,21.618002,225,True,745.5200718334718,,0.0
127688,613,27.168042,225,True,919.5216777213384,,0.0
127824,614,23.842344,225,True,834.4937777736147,,0.0
127864,615,22.674138,225,True,787.7655378292786,,0.0
128084,616,25.265241,225,True,891.4096459751061,,0.0
128588,617,25.859568,225,True,915.182738031353,,0.0
128724,618,22.516646,225,True,781.465826071299,,0.0
128764,619,34.981381,225,True,1216.0552418946695,,0.0
128984,620,29.402707,225,True,1040.9082798462089,,0.0
129488,621,21.433,225,True,738.1200120464916,,0.0
129624,622,19.593885,225,True,664.5554124423265,,0.0
129664,623,30.413372,225,True,1065.334883879359,,0.0
129884,624,25.159109,225,True,887.1643505651352,,0.0
130388,625,24.508149,225,True,861.1259799594811,,0.0
130524,626,23.462119,225,True,819.2847497064301,,0.0
130564,627,26.595412,225,True,928.6164822031783,,0.0
130784,628,22.114861,225,True,765.3944542114841,,0.0
131288,629,23.175771,225,True,807.8308225201977,,0.0
131424,630,26.330932,225,True,934.0372613217555,,0.0
131464,631,21.200995,225,True,728.8397858621879,,0.0
131684,632,22.035058,225,True,746.2023335761928,,0.0
132188,633,25.317649,225,True,877.5059565527961,,0.0
132324,634,17.793405,225,True,712.5361905618729,,5.000000000000002
132364,635,21.320553,225,True,733.6221207527235,,0.0
132584,636,25.943228,225,True,918.5291065384631,,0.0
133088,637,20.257717,225,True,697.508680684695,,0.0
133224,638,26.187784,225,True,928.3113426800703,,0.0
133264,639,27.806593,225,True,993.0637262768269,,0.0
133484,640,25.322939,225,True,845.7175623071316,,0.0
133752,641,-2.672949,132,False,556.2820362700868,,7.600000000000004
133988,642,22.518885,225,True,781.5553808657214,,0.0
134164,643,25.349553,225,True,894.7821176011375,,0.0
134384,644,21.22271,225,True,729.7084030826254,,0.0
134652,645,25.580021,225,True,888.000851162853,,0.0
134888,646,28.556616,225,True,991.0646296785094,,0.0
135064,647,21.530059,225,True,742.0023552569703,,0.0
135284,648,22.143124,225,True,766.5249623817965,,0.0
135552,649,24.508715,225,True,861.1485854291777,,0.0
135788,650,20.635312,225,True,706.2124985575012,,0.0
135964,651,21.103688,225,True,708.9475325079109,,0.0
136184,652,26.071365,225,True,923.654604749963,,0.0
136452,653,24.38036,225,True,824.0144064287699,,0.0
136688,654,27.119193,225,True,949.5677388827719,,0.0
136864,655,24.454218,225,True,858.9687214778876,,0.0
137084,656,21.577844,225,True,743.9137784212853,,0.0
137352,657,29.037572,225,True,1010.3028791021279,,0.0
137468,658,-4.471071,96,False,369.15714265527004,,2.8000000000000003
137588,659,34.872544,225,True,1179.7017565199321,,0.0
137764,660,24.734569,225,True,854.182769620686,,0.0
138252,661,25.494021,225,True,900.5608334581862,,0.0
138368,662,29.243961,225,True,970.5584491723819,,0.0
138488,663,22.234101,225,True,754.1640258661955,,0.0
138664,664,23.080479,225,True,788.0191728893585,,0.0
139152,665,28.386337,225,True,984.2534686204142,,0.0
139268,666,22.82112,225,True,761.6447836697184,,0.0
139388,667,26.068233,225,True,923.5293298167487,,0.0
139564,668,24.210655,225,True,849.2262004216486,,0.0
140052,669,24.992876,225,True,880.5150446785826,,0.0
140168,670,23.437366,225,True,802.2946375286508,,0.0
140288,671,25.124978,225,True,869.7991032370614,,0.0
140464,672,30.089552,225,True,1068.3820897068922,,0.0
140952,673,25.969268,225,True,919.5707163296242,,0.0
141068,674,27.554664,225,True,982.9865622420148,,0.0
141188,675,31.318978,225,True,1101.5591289965355,,0.0
141364,676,21.260534,225,True,731.2213657841655,,0.0
141852,677,24.100248,225,True,812.8099360253525,,0.0
141968,678,31.438342,225,True,1074.3336961723007,,0.0
142088,679,25.495984,225,True,900.6393713271682,,0.0
142264,680,29.015365,225,True,993.4145990082204,,0.0
142476,681,-5.303516,97,False,422.25936372326623,,6.400000000000003
142752,682,33.007107,225,True,1137.0842830670772,,0.0
142868,683,21.993424,225,True,760.5369669347826,,0.0
143164,684,24.935764,225,True,846.2305664255239,,0.0
143376,685,21.329343,225,True,733.9737029741277,,0.0
143652,686,21.694872,225,True,748.5948855423092,,0.0
143768,687,22.143969,225,True,766.5587569110187,,0.0
144064,688,26.940038,225,True,926.4015223788247,,0.0
144276,689,21.061952,225,True,723.2780842166471,,0.0
144552,690,19.750449,225,True,677.2179773517903,,0.0
144572,691,9.073377,201,False,893.3350605888697,,3.400000000000001
144964,692,21.899532,225,True,740.7812866969064,,0.0
145176,693,24.005556,225,True,809.0222290555114,,0.0
145452,694,23.527747,225,True,945.1098849619107,,5.8000000000000025
145472,695,30.466732,225,True,1067.4692891734517,,0.0
145864,696,23.526556,225,True,821.8622318487442,,0.0
146076,697,20.132809,225,True,686.1123703604751,,0.0
146352,698,27.294869,225,True,972.5947567255628,,0.0
146372,699,29.40586,225,True,1009.0343942822587,,0.0
146764,700,25.456484,225,True,883.059370128735,,0.0
146976,701,20.448755,225,True,698.7502079189078,,0.0
147252,702,25.967777,225,True,919.5110910110382,,0.0
147272,703,24.345256,225,True,854.6102473579735,,0.0
147664,704,27.165909,225,True,935.4363483062571,,0.0
147876,705,27.888221,225,True,964.3288566497167,,0.0
148152,706,24.652788,225,True,866.9115334166388,,0.0
148172,707,25.951453,225,True,918.858114745336,,0.0
148564,708,26.84227,225,True,954.4908109018186,,0.0
148776,709,22.111102,225,True,765.2440668782972,,0.0
148916,710,-7.212597,88,False,307.49612430259367,,4.800000000000002
149052,711,25.992436,225,True,904.4974205638716,,0.0
149072,712,25.100347,225,True,868.8138621391208,,0.0
149676,713,22.64299,225,True,786.5195985324765,,0.0
149816,714,20.808386,225,True,713.1354219065186,,0.0
149952,715,25.056879,225,True,883.0751678359829,,0.0
149972,716,21.335529,225,True,734.221153790673,,0.0
150576,717,28.19721,225,True,944.6884011407687,,0.0
150716,718,28.519525,225,True,1005.5809962094031,,0.0
150852,719,24.365771,225,True,855.4308404126548,,0.0
150872,720,22.018241,225,True,761.5296213861675,,0.0
151476,721,22.356481,225,True,775.0592567902854,,0.0
151616,722,20.342459,225,True,694.498355676777,,0.0
151752,723,23.461493,225,True,819.2597217545047,,0.0
151772,724,25.423305,225,True,897.7322080371168,,0.0
152376,725,26.597544,225,True,944.7017489238422,,0.0
152516,726,22.765596,225,True,759.423821411526,,0.0
152652,727,20.420336,225,True,697.6134371692262,,0.0
152672,728,23.924852,225,True,805.7940942700393,,0.0
153276,729,23.356117,225,True,815.0446697787754,,0.0
153416,730,24.221275,225,True,833.6510080362536,,0.0
153552,731,24.3041,225,True,820.9640023549646,,0.0
153572,732,25.926526,225,True,853.8610370488191,,0.0
154176,733,21.298615,225,True,732.7446018040489,,0.0
154316,734,28.252912,225,True,978.9164982879063,,0.0
154452,735,28.452848,225,True,970.9139250259739,,0.0
154472,736,28.359036,225,True,999.1614405220018,,0.0
155076,737,21.572577,225,True,743.7030907606984,,0.0
155216,738,26.688054,225,True,916.322167292511,,0.0
155352,739,29.229319,225,True,1049.9727564865075,,0.0
155372,740,26.707052,225,True,933.0820926145409,,0.0
155672,741,-0.795011,114,False,487.39957667117756,,1.5999999999999999
155976,742,26.013414,225,True,921.3365667009755,,0.0
156252,743,35.118712,225,True,1157.5484698159844,,0.0
156272,744,22.260194,225,True,771.207750007972,,0.0
156572,745,21.971767,225,True,743.6706736706521,,0.0
156876,746,20.942388,225,True,718.4955187973328,,0.0
157152,747,20.312164,225,True,693.2865622254806,,0.0
157172,748,27.163815,225,True,951.3526079538033,,0.0
157472,749,24.912611,225,True,877.3044378448624,,0.0
157776,750,26.539401,225,True,942.3760295943719,,0.0
158052,751,24.563067,225,True,863.3226618872395,,0.0
158072,752,28.867334,225,True,1035.493365561538,,0.0
158356,753,-6.082666,71,False,304.69336088878754,,2.8000000000000003
158372,754,28.97634,225,True,1023.8536078300247,,0.0
158676,755,28.739383,225,True,982.3753196895204,,0.0
158952,756,27.738869,225,True,958.3547637872309,,0.0
159256,757,25.073177,225,True,867.7270824158909,,0.0
159272,758,27.782109,225,True,960.084345813317,,0.0
159576,759,26.266147,225,True,931.4458960680315,,0.0
159852,760,26.89928,225,True,956.771209573156,,0.0
160156,761,23.598414,225,True,808.7365753492202,,0.0
160172,762,24.467098,225,True,859.483908792909,,0.0
160476,763,27.343125,225,True,942.5249898304028,,0.0
160752,764,30.280431,225,True,1066.4172497505388,,0.0
161056,765,21.548437,225,True,755.5374973796095,,1.2
161072,766,22.755626,225,True,775.0250419001038,,0.0
161376,767,26.955458,225,True,911.0183088904439,,0.0
161652,768,23.214992,225,True,809.3996766532587,,0.0
161956,769,22.936842,225,True,798.2736818798332,,0.0
161972,770,26.959251,225,True,959.1700521166133,,0.0
162276,771,23.442355,225,True,802.4942196129155,,0.0
162552,772,24.113042,225,True,829.3216773026886,,0.0
162856,773,25.535617,225,True,886.2246737495143,,0.0
162872,774,23.037086,225,True,802.2834225584518,,0.0
163176,775,28.557583,225,True,975.1033180442644,,0.0
163452,776,29.740362,225,True,1022.4144828248066,,0.0
163756,777,30.931546,225,True,1070.0618427502695,,0.0
163772,778,23.143324,225,True,806.5329443671926,,0.0
164076,779,26.986389,225,True,928.2555420528247,,0.0
164352,780,27.064314,225,True,883.3725703815892,,0.0
164656,781,22.030936,225,True,762.0374365970767,,0.0
164672,782,21.75731,225,True,751.092408384045,,0.0
164976,783,22.538987,225,True,782.3594753203683,,0.0
165252,784,25.957079,225,True,887.0831575717893,,0.0
165556,785,29.902836,225,True,996.9134552680557,,0.0
165572,786,27.902562,225,True,980.9024772114958,,0.0
165876,787,29.817495,225,True,1057.4997950115562,,0.0
166152,788,29.791896,225,True,1078.8758441510727,,0.0
166456,789,26.259643,225,True,915.1857197447107,,0.0
166472,790,21.078245,225,True,723.9298047676041,,0.0
166776,791,22.152863,225,True,750.91451238538,,0.0
167052,792,26.738444,225,True,934.3377686929284,,0.0
167356,793,21.183704,225,True,728.1481652845068,,0.0
167372,794,22.781274,225,True,798.4509519246171,,0.0
167676,795,24.1265,225,True,845.860000896429,,0.0
167952,796,25.004557,225,True,864.9822837356155,,0.0
168256,797,22.780848,225,True,792.0339008231779,,0.0
168272,798,27.293768,225,True,940.5507109425532,,0.0
168576,799,27.437585,225,True,978.3034167211295,,0.0
168852,800,21.411426,225,True,743.6570423558267,,0.0
169156,801,24.432104,225,True,826.0841419756266,,0.0
169172,802,24.334011,225,True,838.1604465140599,,0.0
169476,803,22.66246,225,True,787.298384323281,,0.0
169752,804,28.782286,225,True,1016.0914498197835,,0.0
170056,805,22.498138,225,True,780.7255175806929,,0.0
170072,806,25.558176,225,True,887.1270260037231,,0.0
170376,807,25.864169,225,True,915.3667504721482,,0.0
170388,808,-5.533989,79,False,296.2404339211505,,2.1999999999999997
170652,809,23.789541,225,True,832.3816541348988,,0.0
170956,810,25.909198,225,True,917.1679276168361,,0.0
171276,811,25.484398,225,True,900.1759119318374,,0.0
171288,812,30.618299,225,True,1041.531940327123,,0.0
171552,813,30.726588,225,True,1077.8635006035151,,0.0
171688,814,-8.681053,100,False,368.75787803674666,,9.799999999999997
171856,815,25.735998,225,True,910.2399327517271,,0.0
172176,816,22.464242,225,True,779.3696843314374,,0.0
172452,817,25.356094,225,True,895.0437668701145,,0.0
172588,818,24.801369,225,True,824.8547797793558,,0.0
172756,819,22.432668,225,True,778.1067357758893,,0.0
173076,820,27.096343,225,True,964.6537196110598,,0.0
173352,821,26.806958,225,True,937.0783349449089,,0.0
173488,822,27.424021,225,True,977.7608237392735,,0.0
173656,823,30.177624,225,True,1071.9049547864215,,0.0
173976,824,27.237574,225,True,906.3029725051954,,0.0
174252,825,21.001556,225,True,720.8622510070643,,0.0
174388,826,27.150802,225,True,966.8320645086073,,0.0
174556,827,28.21634,225,True,993.4535847407033,,0.0
174876,828,23.160221,225,True,807.2088367056599,,0.0
175128,829,1.995402,143,False,621.416098982254,,3.2000000000000006
175152,830,26.033183,225,True,922.1273211979521,,0.0
175288,831,21.118534,225,True,725.541364878095,,0.0
175776,832,25.428805,225,True,872.3522111235375,,0.0
176028,833,22.203686,225,True,768.9474475651411,,0.0
176052,834,23.041089,225,True,802.4435460864374,,0.0
176188,835,20.432532,225,True,698.1012832750519,,0.0
176676,836,29.883984,225,True,1044.1593675105312,,0.0
176928,837,26.589425,225,True,944.3770137918775,,0.0
176952,838,27.495858,225,True,932.6343326510103,,0.0
177088,839,21.699792,225,True,748.7916790977736,,0.0
177576,840,25.501085,225,True,900.8433984264077,,0.0
177828,841,25.658101,225,True,875.1240352493251,,0.0
177852,842,21.384738,225,True,736.189521351577,,0.0
177988,843,23.729969,225,True,829.9987547902647,,0.0
178476,844,32.247711,225,True,1138.7084382515923,,0.0
178728,845,27.785078,225,True,976.2031203784625,,0.0
178752,846,22.336597,225,True,758.2638925196402,,0.0
178888,847,26.541102,225,True,926.4440624888778,,0.0
179376,848,25.343518,225,True,862.5407139784911,,0.0
179628,849,25.033289,225,True,866.131542994892,,0.0
179652,850,25.154611,225,True,893.3844304722945,,0.0
179788,851,21.932207,225,True,742.0882704743269,,0.0
179940,852,-6.620681,72,False,254.37276180261347,,1.5999999999999999
180276,853,27.403206,225,True,960.9282530498574,,0.0
180528,854,26.22703,225,True,930.681209928623,,0.0
180688,855,26.231269,225,True,914.0507685426003,,0.0
180840,856,23.641686,225,True,826.4674251914589,,0.0
181176,857,27.807248,225,True,993.0899393169439,,0.0
181428,858,23.680167,225,True,828.0066723945752,,0.0
181588,859,26.24143,225,True,904.8571960439731,,0.0
181740,860,23.093645,225,True,804.545802737113,,0.0
182076,861,28.715932,225,True,997.4372963246512,,0.0
182328,862,26.655158,225,True,915.0063274093195,,0.0
182488,863,23.173985,225,True,791.7593851961444,,0.0
182640,864,21.857731,225,True,739.1092318309563,,0.0
182976,865,23.16743,225,True,791.4971923249266,,0.0
183228,866,25.490059,225,True,884.4023616975826,,0.0
183388,867,28.810577,225,True,1001.2230921576586,,0.0
183540,868,21.858661,225,True,755.1464363298167,,0.0
183876,869,19.142678,225,True,646.5071305225747,,0.0
184128,870,31.681409,225,True,1084.05636399583,,0.0
184288,871,23.928234,225,True,821.9293679519969,,0.0
184440,872,20.617169,225,True,705.4867798713749,,0.0
184776,873,32.344332,225,True,1126.5732674269352,,0.0
185028,874,26.528493,225,True,941.9397215579256,,0.0
185188,875,24.618111,225,True,865.524446990748,,0.0
185340,876,22.083766,225,True,764.1506212250213,,0.0
185676,877,20.697321,225,True,708.6928313378503,,0.0
185928,878,25.67914,225,True,907.965610407935,,0.0
186088,879,21.661885,225,True,731.2753875781802,,0.0
186240,880,27.877079,225,True,995.8831769235151,,0.0
186576,881,28.314492,225,True,981.379663530133,,0.0
186828,882,32.515386,225,True,1149.415426588107,,0.0
186988,883,26.068514,225,True,907.5405611204264,,0.0
187140,884,23.684062,225,True,828.1624766935468,,0.0
187476,885,23.845458,225,True,834.6183340504808,,0.0
187728,886,22.749563,225,True,790.7825355303276,,0.0
187888,887,27.123815,225,True,965.7526027782344,,0.0
188040,888,28.031593,225,True,986.0637077493948,,0.0
188376,889,34.492759,225,True,1180.5103471705293,,0.0
188628,890,23.06378,225,True,803.3511821670716,,0.0
188788,891,26.706057,225,True,949.0422666695808,,0.0
188940,892,25.688109,225,True,908.324366641539,,0.0
189276,893,24.313214,225,True,837.3285505186391,,0.0
189528,894,31.007808,225,True,1089.112327465392,,0.0
189688,895,21.211013,225,True,729.2405141336415,,0.0
189840,896,25.36162,225,True,895.2648045005285,,0.0
190176,897,27.802551,225,True,944.9020251667271,,0.0
190428,898,22.901295,225,True,796.8517896818623,,0.0
190588,899,24.748083,225,True,870.72332428607,,0.0
190740,900,25.46639,225,True,883.4556000906166,,0.0
191076,901,34.192964,225,True,1168.5185508752152,,0.0
191328,902,27.626587,225,True,960.2634798986992,,0.0
191488,903,22.741481,225,True,790.4592329632383,,0.0
191640,904,21.564152,225,True,743.3660665874886,,0.0
191976,905,26.059495,225,True,913.5797842776556,,0.0
192228,906,24.679221,225,True,867.9688364790368,,0.0
192388,907,30.176697,225,True,1087.8678886759362,,0.0
192540,908,30.070801,225,True,1035.6320467748783,,0.0
192876,909,29.093753,225,True,996.550103017694,,0.0
193128,910,26.052788,225,True,906.9115306133242,,0.0
193288,911,22.096498,225,True,748.6599289666083,,0.0
193440,912,27.839217,225,True,946.3686779622428,,0.0
193776,913,25.32205,225,True,845.6820107441299,,0.0
194028,914,28.643313,225,True,1010.5325077666319,,0.0
194188,915,27.549519,225,True,950.7807404350685,,0.0
194340,916,22.287403,225,True,772.2961200112463,,0.0
194676,917,21.316531,225,True,733.461243625426,,0.0
194928,918,22.666674,225,True,787.466973344938,,0.0
195088,919,37.858587,225,True,1315.1434728050285,,0.0
195240,920,24.152228,225,True,830.889128017415,,0.0
195576,921,25.830137,225,True,914.0054955614303,,0.0
195828,922,23.693584,225,True,812.5433488434096,,0.0
195988,923,30.790166,225,True,1048.4066230306016,,0.0
196140,924,37.745068,225,True,1310.6027187229756,,0.0
196476,925,28.435389,225,True,1002.2155608618614,,0.0
196728,926,26.157948,225,True,911.1179060034883,,0.0
196888,927,23.700879,225,True,796.8351767652755,,0.0
196984,928,8.060342,211,False,856.0136874915356,,2.1999999999999997
197376,929,20.951527,225,True,718.8610675496036,,0.0
197628,930,21.225273,225,True,729.8109147297482,,0.0
197788,931,22.36567,225,True,759.4268188527628,,0.0
197884,932,21.961424,225,True,759.2569557092295,,0.0
198052,933,-5.847435,66,False,298.10259168655057,,2.8000000000000003
198276,934,20.183166,225,True,688.1266432456657,,0.0
198528,935,27.47142,225,True,947.6568090822402,,0.0
198784,936,30.597646,225,True,1024.705844978041,,0.0
198952,937,28.802647,225,True,1000.9058693604097,,0.0
199176,938,34.68608,225,True,1220.2432119445157,,0.0
199428,939,32.324599,225,True,1148.1839566744152,,0.0
199684,940,22.651048,225,True,830.0419191522826,,1.7999999999999998
199852,941,22.372684,225,True,759.7073794969799,,0.0
200076,942,31.396022,225,True,1088.640867756898,,0.0
200328,943,22.217223,225,True,769.4889260108241,,0.0
200584,944,24.434101,225,True,826.1640481103775,,0.0
201604,945,28.247108,225,True,978.6843398122269,2,0.0
201604,946,23.056361,225,True,841.4544521564455,0,1.5999999999999999
201604,947,24.66125,225,True,819.2500100048512,3,0.0
201604,948,23.684636,225,True,812.1854415477706,1,0.0
202504,949,27.894602,225,True,980.5840764482482,1,0.0
202504,950,22.984625,225,True,784.184993740429,1,0.0
202504,951,21.434112,225,True,738.1644885930787,0,0.0
202504,952,26.864537,225,True,945.781479337036,1,0.0
203404,953,21.241384,225,True,730.4553720286883,0,0.0
203404,954,26.462223,225,True,939.2889224373778,0,0.0
203404,955,22.949646,225,True,782.7858251315326,1,0.0
203404,956,21.361497,225,True,735.259889390989,0,0.0
204304,957,28.437347,225,True,1018.2938821046412,0,0.0
204304,958,32.854217,225,True,1146.9686742056956,3,0.0
204304,959,27.89097,225,True,964.4387975951943,2,0.0
204304,960,25.099503,225,True,852.7801203175436,2,0.0
204688,961,-4.566764,96,False,355.7294437999085,0,2.4
205204,962,30.631242,225,True,1042.0496685988671,4,0.0
205204,963,24.483847,225,True,860.1538970376541,0,0.0
205204,964,20.578876,225,True,703.9550374550856,0,0.0
205588,965,24.709315,225,True,853.1725863764436,1,0.0
206104,966,23.71848,225,True,829.5392088101071,0,0.0
206104,967,26.206123,225,True,849.0449197086539,5,0.0
206104,968,23.702075,225,True,828.8829982360742,0,0.0
206488,969,21.274538,225,True,731.7815186003193,0,0.0
207004,970,24.515158,225,True,861.4063191608523,0,0.0
207004,971,22.023108,225,True,761.7243265078271,0,0.0
207004,972,21.304938,225,True,732.9975318610102,0,0.0
207388,973,25.895655,225,True,916.6261923659688,0,0.0
207904,974,31.976567,225,True,1111.8626735139032,3,0.0
207904,975,28.388793,225,True,1000.3517081282632,1,0.0
207904,976,21.766164,225,True,751.4465586350775,0,0.0
208288,977,21.40967,225,True,737.1868000373813,0,0.0
208804,978,20.994286,225,True,720.5714557228498,0,0.0
208804,979,24.437894,225,True,826.3157402246111,2,0.0
208804,980,25.013442,225,True,919.7376773779963,0,1.5999999999999999
209188,981,25.774855,225,True,863.7941944866757,3,0.0
209704,982,24.002168,225,True,840.8867233739397,0,0.0
209704,983,20.096368,225,True,684.654739180658,0,0.0
209704,984,31.254248,225,True,1066.9699392877533,4,0.0
210088,985,26.824107,225,True,953.7642713519906,0,0.0
210604,986,24.51521,225,True,861.4083826861156,0,0.0
210604,987,25.376219,225,True,863.8487663720339,2,0.0
210604,988,26.325846,225,True,901.8338545906272,2,0.0
210988,989,25.064514,225,True,867.3805790691524,1,0.0
211504,990,27.023296,225,True,929.7318516114249,2,0.0
211504,991,22.378153,225,True,759.9261143174558,1,0.0
211504,992,23.929844,225,True,837.99377974497,0,0.0
211888,993,28.793971,225,True,1032.5588384526534,0,0.0
212404,994,22.573034,225,True,767.7213537063374,1,0.0
212404,995,26.732185,225,True,950.0874071134422,0,0.0
212404,996,23.587089,225,True,824.2835627155143,0,0.0
212788,997,21.13516,225,True,750.2064191609538,0,1.0
213304,998,28.626452,225,True,993.8580713063634,2,0.0
213304,999,23.54049,225,True,822.4195988398135,0,0.0
213304,1000,23.675418,225,True,811.8167118717035,1,0.0
213688,1001,28.482878,225,True,988.1151201725145,2,0.0
214204,1002,31.471825,225,True,1107.6730186312034,2,0.0
214204,1003,23.792591,225,True,784.5036249755608,3,0.0
214204,1004,27.195716,225,True,968.6286357899578,0,0.0
214588,1005,28.061622,225,True,987.2648843529494,1,0.0
215104,1006,23.770084,225,True,815.6033722200816,1,0.0
215104,1007,26.155068,225,True,895.0027198183461,2,0.0
215104,1008,37.024444,225,True,1233.7777547433866,8,0.0
215488,1009,27.397227,225,True,928.6890637941083,3,0.0
216004,1010,21.865032,225,True,755.4012763734006,0,0.0
216004,1011,29.927365,225,True,997.8945884616594,5,0.0
216004,1012,22.318623,225,True,773.544930426752,0,0.0
216388,1013,24.558611,225,True,831.1444301017752,2,0.0
216904,1014,28.212708,225,True,993.3083019618739,1,0.0
216904,1015,28.855921,225,True,1019.036831617289,1,0.0
216904,1016,26.637535,225,True,898.3014009656492,3,0.0
217288,1017,23.987678,225,True,840.3071172276523,0,0.0
217804,1018,19.640371,225,True,666.4148346004743,0,0.0
217804,1019,22.393223,225,True,776.5289236300007,0,0.0
217804,1020,31.122718,225,True,1061.7087376516583,4,0.0
218188,1021,28.301566,225,True,1012.8626265318001,0,0.0
218704,1022,23.263753,225,True,811.350137864812,0,0.0
218704,1023,35.897453,225,True,1188.6981361399075,8,0.0
218704,1024,32.23797,225,True,1138.3187961835993,2,0.0
219088,1025,22.159869,225,True,767.1947484386728,0,0.0
219604,1026,27.739795,225,True,926.3918139464893,4,0.0
219604,1027,31.018878,225,True,1073.555139660014,3,0.0
219604,1028,34.794119,225,True,1192.5647491086315,5,0.0
219988,1029,25.050784,225,True,850.8313523729635,2,0.0
220504,1030,23.285121,225,True,812.2048532323777,0,0.0
220504,1031,21.17071,225,True,727.6284162329987,0,0.0
220504,1032,32.610028,225,True,1025.2011162253848,10,0.0
220888,1033,25.327236,225,True,893.8894530418513,0,0.0
221404,1034,26.357801,225,True,935.1120516315032,0,0.0
221404,1035,21.891089,225,True,756.4435500610282,0,0.0
221404,1036,22.684135,225,True,788.1654001971417,0,0.0
221788,1037,23.401487,225,True,800.8594821272898,1,0.0
222304,1038,29.626584,225,True,1033.8633402207201,2,0.0
222304,1039,25.173662,225,True,887.7464929818482,0,0.0
222304,1040,29.08437,225,True,996.174784291647,3,0.0
222688,1041,26.762909,225,True,935.3163774975969,1,0.0
223204,1042,29.719337,225,True,1021.5734812938626,3,0.0
223204,1043,20.462305,225,True,699.2922197876451,0,0.0
223204,1044,23.535587,225,True,822.2234698352156,0,0.0
223588,1045,21.866183,225,True,755.4473353035244,0,0.0
224104,1046,29.389694,225,True,1024.3877799707745,2,0.0
224104,1047,24.617427,225,True,833.4970853112768,2,0.0
224104,1048,26.913345,225,True,925.3338119505222,2,0.0
224488,1049,32.855697,225,True,1147.027893665825,3,0.0
225004,1050,36.615173,225,True,1233.4069062998951,7,0.0
225004,1051,29.63112,225,True,1072.44480106722,0,0.0
225004,1052,27.710496,225,True,989.219825037929,0,0.0
225388,1053,20.723602,225,True,709.7440663882701,0,0.0
225904,1054,23.162053,225,True,791.2821313924248,1,0.0
225904,1055,26.538978,225,True,958.3591175181737,2,1.9999999999999998
225904,1056,27.479333,225,True,963.9733339606446,1,0.0
226288,1057,23.272538,225,True,811.7015276500415,0,0.0
226804,1058,22.17341,225,True,767.7363903264575,0,0.0
226804,1059,21.123008,225,True,725.7203116663447,0,0.0
226804,1060,25.001951,225,True,880.878051275195,0,0.0
227188,1061,26.45861,225,True,939.1443832161021,0,0.0
227704,1062,24.214575,225,True,927.7830134101732,0,3.0000000000000004
227704,1063,29.466956,225,True,1043.47823608657,1,0.0
227704,1064,30.520023,225,True,1101.6009046596237,0,0.0
228088,1065,19.338596,225,True,774.3438320604434,0,5.000000000000002
228604,1066,27.432679,225,True,962.1071422503585,1,0.0
228604,1067,25.423191,225,True,1004.9276294325246,2,5.8000000000000025
228604,1068,20.669841,225,True,707.5936445948093,0,0.0
228988,1069,26.707008,225,True,869.0803012547144,5,0.0
229504,1070,23.975624,225,True,839.8249689329239,0,0.0
229504,1071,31.389276,225,True,1072.3710413469162,4,0.0
229504,1072,32.257368,225,True,1059.0947026504227,7,0.0
229888,1073,24.426338,225,True,846.6535223510361,1,0.2
230404,1074,30.501201,225,True,1091.2480342871836,1,0.0
230404,1075,25.803407,225,True,880.9362780535853,2,0.0
230404,1076,25.817745,225,True,881.5097860353405,2,0.0
230788,1077,24.496184,225,True,860.6473449775292,0,0.0
231304,1078,21.418356,225,True,737.5342306540517,0,0.0
231304,1079,23.731859,225,True,830.0743662683763,0,0.0
231304,1080,28.403593,225,True,968.9437391084027,3,0.0
231688,1081,30.73778,225,True,1094.3111929696684,1,0.0
232204,1082,29.23071,225,True,1018.0284077663907,2,0.0
232204,1083,26.354724,225,True,918.9889757612668,1,0.0
232204,1084,28.357666,225,True,935.1066275862304,5,0.0
232588,1085,29.774544,225,True,959.7817711602268,7,0.0
233104,1086,27.220286,225,True,969.6114259768435,0,0.0
233104,1087,32.155555,225,True,1135.022215936271,2,0.0
233104,1088,27.632323,225,True,986.0929060315116,0,0.0
233488,1089,29.108099,225,True,1029.1239400120553,1,0.0
234004,1090,21.868353,225,True,755.5341186862022,0,0.0
234004,1091,20.638735,225,True,706.3494047455251,0,0.0
234004,1092,26.980053,225,True,937.6021065731904,2,0.4
234388,1093,24.070062,225,True,827.6024729445594,1,0.0
234904,1094,31.735807,225,True,1102.2322612681883,3,0.0
234904,1095,28.326755,225,True,997.8702103442706,1,0.0
234904,1096,32.114994,225,True,1149.3997595201713,1,0.0
235288,1097,33.546376,225,True,1174.6550532500737,3,0.0
235804,1098,21.077187,225,True,723.8874623592023,0,0.0
235804,1099,27.206774,225,True,969.0709667968306,0,0.0
235804,1100,19.615224,225,True,665.4089644694261,0,0.0
236188,1101,26.621051,225,True,881.6420384518628,4,0.0
236704,1102,27.898699,225,True,969.5479782383254,2,0.2
236704,1103,22.081901,225,True,764.0760301067658,0,0.0
236704,1104,20.518289,225,True,701.5315598709024,0,0.0
237088,1105,26.147532,225,True,926.7012920670559,0,0.0
237604,1106,30.478979,225,True,1083.95917090984,1,0.0
237604,1107,24.760846,225,True,869.6338586339887,1,0.6000000000000001
237604,1108,25.983814,225,True,944.1525638155115,0,1.0
237988,1109,21.612759,225,True,745.3103643374502,0,0.0
238504,1110,25.096725,225,True,884.6689824991747,0,0.0
238504,1111,22.582452,225,True,784.0980720967102,0,0.0
238504,1112,28.659347,225,True,1027.1738889953115,0,0.0
238888,1113,34.062692,225,True,1179.3076831845633,4,0.0
239404,1114,27.312984,225,True,925.319367345189,3,0.0
239404,1115,27.998968,225,True,904.7587173698814,6,0.0
239404,1116,34.157292,225,True,1183.0916998662178,4,0.0
239788,1117,21.404137,225,True,736.9654753804821,0,0.0
240304,1118,28.602112,225,True,1008.8844885279179,1,0.0
240304,1119,24.683702,225,True,868.1480742849174,0,0.0
240304,1120,22.115224,225,True,765.4089447176448,0,0.0
240688,1121,26.459738,225,True,923.1895073251276,1,0.0
241204,1122,24.156914,225,True,815.0765457815096,2,0.0
241204,1123,26.596168,225,True,928.6467169978832,1,0.0
241204,1124,23.112108,225,True,805.2843124697736,0,0.0
241588,1125,29.170317,225,True,983.6126647908625,4,0.0
242104,1126,24.103685,225,True,828.9474001938304,1,0.0
242104,1127,23.368148,225,True,783.5259123017106,2,0.0
242104,1128,26.681474,225,True,900.0589767149595,3,0.0
242488,1129,23.900297,225,True,820.8118616308504,1,0.0
243004,1130,29.095288,225,True,996.61152074299,3,0.0
243004,1131,23.14949,225,True,790.7796014507562,1,0.0
243004,1132,20.501978,225,True,700.879112871939,0,0.0
243388,1133,25.611973,225,True,873.2789373703483,2,0.0
243904,1134,35.1745,225,True,1207.7799879585782,5,0.0
243904,1135,29.234449,225,True,1002.1779732394557,3,0.0
243904,1136,22.646509,225,True,770.6603485365531,1,0.0
244288,1137,24.711568,225,True,869.262703958216,0,0.0
244804,1138,34.876234,225,True,1179.8493694433305,6,0.0
244804,1139,31.067879,225,True,1059.5151683694912,4,0.0
244804,1140,21.033448,225,True,722.1379125424182,0,0.0
245188,1141,33.151643,225,True,1174.865733467383,2,0.0
245704,1142,23.969606,225,True,807.5842389190825,2,0.0
245704,1143,24.512352,225,True,829.2940988393561,2,0.0
245704,1144,26.339246,225,True,918.3698237335302,1,0.0
246084,1145,-1.273513,95,False,473.05947369198475,0,1.7999999999999998
246088,1146,22.503096,225,True,764.923850050551,1,0.0
246604,1147,24.161786,225,True,815.2714489392706,2,0.0
246604,1148,32.764428,225,True,1047.3771097768176,9,0.0
246984,1149,20.514016,225,True,701.3606240008767,0,0.0
246988,1150,25.952361,225,True,941.2944563140454,1,1.5999999999999999
247504,1151,19.85344,225,True,679.7375804857845,0,0.2
247504,1152,23.644507,225,True,810.5802669533721,1,0.0
247884,1153,28.016211,225,True,985.4484276967423,1,0.0
247888,1154,34.468757,225,True,1147.5502978134687,7,0.0
248404,1155,26.413956,225,True,921.3582442221602,1,0.0
248404,1156,28.597858,225,True,992.7143399463378,2,0.0
248784,1157,27.336903,225,True,974.2761183393857,0,0.0
248788,1158,21.256994,225,True,735.8797434586518,0,0.2
249304,1159,23.236107,225,True,810.2442896073137,0,0.0
249304,1160,30.099678,225,True,1004.7871334142351,5,0.0
249684,1161,23.059951,225,True,787.198048848353,1,0.0
249688,1162,27.863333,225,True,947.3333379069411,3,0.0
250204,1163,30.553656,225,True,1086.946221987851,1,0.0
250204,1164,26.078815,225,True,923.9525949011963,0,0.0
250584,1165,24.105918,225,True,845.0367234279138,0,0.0
250588,1166,35.310529,225,True,1197.221165340682,6,0.0
251104,1167,25.1191,225,True,863.1639885165512,2,0.4
251104,1168,22.62386,225,True,769.7544130106946,1,0.0
251484,1169,25.052373,225,True,866.8949319044436,1,0.0
251488,1170,30.729742,225,True,1013.9896894490573,6,0.0
252004,1171,29.205903,225,True,1033.036112154834,1,0.0
252004,1172,22.56113,225,True,783.2452021886536,0,0.0
252384,1173,32.943201,225,True,1134.528040663737,4,0.0
252388,1174,19.489542,225,True,665.1816641500102,0,0.2
252904,1175,24.607127,225,True,865.0850818402141,0,0.0
252904,1176,21.494904,225,True,740.5961727237366,0,0.0
253284,1177,34.243805,225,True,1186.5522145739992,4,0.0
253288,1178,32.885359,225,True,1100.2143511139025,6,0.0
253804,1179,33.410689,225,True,1105.2275787976068,7,0.0
253804,1180,27.152296,225,True,918.8918219406974,3,0.0
254184,1181,26.34307,225,True,918.5227944026165,1,0.0
254188,1182,28.300927,225,True,1012.8370778034932,0,0.0
254704,1183,25.678763,225,True,907.9505341489075,0,0.0
254704,1184,27.838275,225,True,994.3309951861402,0,0.0
255084,1185,33.528393,225,True,1157.9357272622897,4,0.0
255088,1186,21.091159,225,True,734.0463448895707,0,0.4
255604,1187,24.804905,225,True,840.9962151665302,2,0.0
255604,1188,28.666728,225,True,1011.4691255322873,1,0.0
255984,1189,28.069136,225,True,955.565458675884,3,0.0
255988,1190,25.122994,225,True,869.719748414504,1,0.0
256504,1191,26.20154,225,True,928.86161693444,0,0.0
256504,1192,22.872493,225,True,795.699708607583,0,0.0
256884,1193,35.396971,225,True,1200.6788544153455,6,0.0
256888,1194,24.812528,225,True,873.3011257116725,0,0.0
257404,1195,23.506482,225,True,789.0592996562741,2,0.0
257404,1196,19.148492,225,True,769.9396605323893,1,5.8000000000000025
257784,1197,31.019585,225,True,1073.5833864562105,3,0.0
257788,1198,22.802871,225,True,776.9148332485026,1,0.0
258304,1199,27.36463,225,True,975.3852030421517,0,0.0
258304,1200,31.146605,225,True,1014.664191964067,7,0.0
258684,1201,34.282394,225,True,1108.0957474294955,9,0.0
258688,1202,27.003647,225,True,965.7458942134713,3,2.1999999999999997
259204,1203,16.385729,225,True,685.0291797182474,0,6.200000000000003
259204,1204,31.243198,225,True,1098.5279043648507,2,0.0
259444,1205,9.101551,190,False,835.2620491633716,1,0.0
259588,1206,27.046246,225,True,946.6498370215638,1,0.0
260104,1207,23.788679,225,True,800.3471734852224,2,0.0
260104,1208,26.24805,225,True,914.7220112258831,1,0.0
260344,1209,29.003114,225,True,1040.9245633282408,0,0.0
260488,1210,25.135706,225,True,886.228248137832,0,0.0
261004,1211,31.403211,225,True,1056.9284544752413,5,0.0
261004,1212,31.898115,225,True,1092.7245931677785,4,0.0
261244,1213,33.323108,225,True,1149.7243241610558,4,0.0
261260,1214,-6.803979,64,False,271.040841756354,0,2.6
261388,1215,26.320977,225,True,869.6390908346261,4,0.0
261852,1216,12.673982,212,False,1008.5592820358918,2,2.1999999999999997
261960,1217,1.125539,179,False,612.2215743303584,0,3.600000000000001
262160,1218,19.779808,225,True,761.5923164906019,1,4.400000000000001
262288,1219,25.1182,225,True,891.9279828030374,2,1.5999999999999999
262404,1220,-0.362124,138,False,531.9150508657722,1,3.400000000000001
262860,1221,30.894076,225,True,1100.5630475861449,1,0.0
263060,1222,30.780712,225,True,1080.0284853245644,2,0.0
263088,1223,-7.340073,57,False,230.3970939719552,0,1.7999999999999998
263188,1224,28.065966,225,True,987.4386234660815,1,0.0
263304,1225,31.536618,225,True,1126.264715127928,1,0.0
263924,1226,10.93152,216,False,1025.2608061223827,2,5.8000000000000025
263988,1227,28.810123,225,True,1033.2049208169162,0,0.0
264088,1228,27.271511,225,True,971.6604459310643,0,0.0
264204,1229,29.140619,225,True,1014.4247767405839,2,0.0
264824,1230,30.615474,225,True,993.4189632793293,7,0.0
264888,1231,25.235088,225,True,938.2035271536556,0,1.9999999999999998
264988,1232,21.389892,225,True,736.3956810091636,0,0.0
265104,1233,23.078491,225,True,787.9396449130468,1,0.0
265724,1234,30.261214,225,True,1075.2485622567192,1,0.0
265788,1235,29.416777,225,True,1041.471093058375,1,0.0
265888,1236,24.289592,225,True,820.3836836543146,2,0.0
266004,1237,25.68987,225,True,892.3948082331115,1,0.0
266624,1238,24.969698,225,True,965.987923094505,0,3.600000000000001
266688,1239,28.946298,225,True,990.6519226804573,3,0.0
266788,1240,23.651632,225,True,810.8652723815812,1,0.0
266904,1241,28.621019,225,True,977.640753941655,3,0.0
267524,1242,25.986567,225,True,888.2626970710246,2,0.0
267588,1243,21.705743,225,True,753.8297197514455,0,0.2
267688,1244,29.817288,225,True,1057.491514014825,1,0.0
267804,1245,21.096916,225,True,782.276622928033,0,2.4
268424,1246,23.623457,225,True,825.7382966943335,0,0.0
268488,1247,23.17519,225,True,814.2075891760844,0,0.0
268588,1248,18.815052,225,True,700.602092652902,0,2.8000000000000003
268704,1249,31.016233,225,True,1105.4493173662322,1,0.0
268856,1250,-5.538428,67,False,280.0628870520302,2,2.1999999999999997
269324,1251,26.424135,225,True,921.7653913285847,1,0.0
269388,1252,25.26803,225,True,875.5212003222364,1,0.0
269604,1253,34.133211,225,True,1166.1284434148174,5,0.0
269756,1254,26.533787,225,True,926.1514768462141,1,0.0
270224,1255,32.546907,225,True,1102.6762633615626,5,0.0
270288,1256,34.656166,225,True,1171.0466502143959,6,0.0
270504,1257,26.73456,225,True,902.1824115375352,3,0.0
270656,1258,27.387679,225,True,976.3071699189795,0,0.0
271124,1259,27.252437,225,True,946.897477913511,3,1.0
271188,1260,30.590283,225,True,1072.4113054509703,2,0.0
271404,1261,26.458774,225,True,891.1509449825176,3,0.0
271556,1262,24.444077,225,True,858.5630708773099,0,0.0
272024,1263,28.111833,225,True,957.2733357710079,3,0.0
272088,1264,23.816318,225,True,833.4527317065183,0,0.0
272304,1265,29.198725,225,True,1048.7490007528054,0,0.0
272456,1266,29.395617,225,True,1008.6246673230219,3,0.0
272924,1267,33.069599,225,True,1187.5839422156027,1,0.0
272988,1268,22.45281,225,True,778.91238016489,0,0.0
273204,1269,27.735238,225,True,974.209524370732,1,0.0
273356,1270,24.519483,225,True,829.5793188663733,2,0.0
273824,1271,25.087908,225,True,868.3163223426955,1,0.0
273888,1272,21.800287,225,True,752.8114847421775,0,0.0
274104,1273,22.023059,225,True,761.7223547665444,0,0.0
274256,1274,32.869279,225,True,1163.5711417112143,2,0.0
274724,1275,25.237303,225,True,890.2921388625382,0,0.0
274788,1276,25.087227,225,True,868.2890697800144,1,0.0
275004,1277,21.815253,225,True,753.410136966445,0,0.0
275156,1278,29.639671,225,True,975.1868403589874,6,0.2
275624,1279,22.711573,225,True,789.2629397816006,0,0.0
275688,1280,29.585524,225,True,1016.2209777017083,3,0.0
275904,1281,25.891049,225,True,873.241957443485,3,0.2
276056,1282,30.965119,225,True,1071.4047781919407,3,0.0
276524,1283,31.043497,225,True,1074.539897367159,3,0.0
276588,1284,27.371338,225,True,959.6535275032047,1,0.0
276804,1285,20.347622,225,True,694.7048870396029,0,0.0
276956,1286,21.019822,225,True,721.5928856755752,0,0.0
277424,1287,24.113256,225,True,829.3302357288508,1,0.0
277488,1288,23.707349,225,True,829.0939444281769,0,0.0
277704,1289,21.11026,225,True,725.2103890765911,0,0.0
277856,1290,26.677734,225,True,931.909378904978,1,0.0
278324,1291,22.668321,225,True,787.53282948482,0,0.0
278388,1292,29.230985,225,True,1053.2394107098007,1,0.8
278604,1293,27.103624,225,True,948.944966281483,1,0.0
278756,1294,27.310278,225,True,909.2111159091842,4,0.0
279224,1295,22.198763,225,True,752.7505224696861,1,0.0
279288,1296,33.202809,225,True,1176.9123624782596,2,0.0
279504,1297,26.781284,225,True,920.0513714099613,2,0.0
279656,1298,22.904924,225,True,796.9969427778897,0,0.0
280124,1299,28.840222,225,True,1018.408897102436,1,0.0
280188,1300,27.465162,225,True,1038.6064629580044,2,3.800000000000001
280404,1301,28.872479,225,True,987.6991753612422,3,0.0
280556,1302,31.476956,225,True,1091.878229425712,3,0.0
281024,1303,30.579766,225,True,1055.9906416424228,3,0.0
281088,1304,28.917251,225,True,1021.490030452622,1,0.0
281304,1305,18.886576,225,True,833.0630458970579,0,8.200000000000003
281456,1306,25.385183,225,True,915.4073119880461,0,0.8
281924,1307,21.310513,225,True,882.0205112530252,0,6.200000000000003
281988,1308,25.979031,225,True,855.9612456949269,4,0.0
282204,1309,19.352376,225,True,654.8950449123763,0,0.0
282356,1310,27.026636,225,True,897.865432254079,4,0.0
282824,1311,30.981309,225,True,1072.0523749738318,3,0.0
282888,1312,23.108878,225,True,789.1551261153738,1,0.0
283104,1313,20.281103,225,True,692.0441260973071,0,0.0
283256,1314,29.864174,225,True,1043.366968156994,2,0.0
283724,1315,28.365004,225,True,953.0001738593212,5,0.0
283788,1316,32.604048,225,True,1136.9619316169938,3,0.0
284004,1317,30.768591,225,True,1079.5436342870707,2,0.0
284156,1318,32.798514,225,True,1144.7405612328175,3,0.0
284348,1319,-0.751257,140,False,497.1497195913644,1,2.6
284624,1320,32.773089,225,True,1127.723562955468,4,0.0
284904,1321,24.715773,225,True,837.4309203648786,2,0.0
285056,1322,29.71251,225,True,1053.3004099485543,1,0.0
285248,1323,27.117334,225,True,933.4933575861212,2,0.0
285524,1324,28.827693,225,True,985.9077048606598,3,0.0
285804,1325,25.471539,225,True,851.6615582907689,3,0.0
285956,1326,37.74695,225,True,1294.677981815572,6,0.0
286148,1327,23.0729,225,True,787.7160050627779,1,0.0
286424,1328,26.263271,225,True,915.3308585395764,1,0.0
286704,1329,35.217656,225,True,1193.5062450414307,6,0.0
286856,1330,25.574624,225,True,876.5849474336235,2,0.2
287048,1331,23.70146,225,True,812.8583809962777,1,0.0
287324,1332,21.791512,225,True,762.0604796754712,0,0.4
287604,1333,21.506876,225,True,741.0750543192048,0,0.0
287756,1334,27.053505,225,True,905.3402164258259,4,0.0
287948,1335,34.836625,225,True,1226.2649934056913,3,0.0
288224,1336,29.630406,225,True,1034.0162454711049,2,0.0
288504,1337,25.561794,225,True,887.2717535379481,1,0.0
288656,1338,27.328213,225,True,973.9285232078919,0,0.0
288848,1339,22.699938,225,True,772.7975316019713,1,0.0
289124,1340,29.178591,225,True,1036.7436498104576,1,0.2
289404,1341,29.686179,225,True,1020.2471663918975,3,0.0
289556,1342,25.157413,225,True,823.0965313435529,4,0.0
289748,1343,33.584717,225,True,1176.1886792888813,3,0.0
290024,1344,33.277439,225,True,1131.8975758857132,5,0.0
290304,1345,28.490448,225,True,972.4179108293195,3,0.0
290456,1346,23.05339,225,True,807.7355932594987,0,0.2
290648,1347,21.777268,225,True,751.8907094136312,0,0.0
290924,1348,28.980293,225,True,1008.0117348697552,2,0.0
291204,1349,33.268474,225,True,1163.538959159604,3,0.0
291356,1350,28.979214,225,True,991.9685599909674,3,0.0
291548,1351,24.397131,225,True,856.6852590382305,0,0.0
291824,1352,28.475558,225,True,1003.8223193553056,1,0.0
292104,1353,21.607735,225,True,749.909397978252,0,0.2
292256,1354,25.82934,225,True,849.9735992866458,4,0.0
292448,1355,23.782291,225,True,836.8916435000942,0,0.2
292724,1356,27.125399,225,True,933.8159794950723,2,0.0
293004,1357,33.031957,225,True,1138.0782971948038,4,0.0
293156,1358,23.652795,225,True,826.9118172459578,0,0.0
293348,1359,30.179366,225,True,1007.974631713553,5,0.0
293624,1360,30.218076,225,True,1089.5230273192801,0,0.0
293904,1361,31.518511,225,True,1083.9404454681317,4,0.0
294056,1362,26.580554,225,True,944.0221709760358,0,0.0
294248,1363,34.514131,225,True,1197.3652464039992,4,0.0
294524,1364,20.171691,225,True,687.6676232805926,0,0.0
294804,1365,21.480163,225,True,740.0065108150498,0,0.0
294956,1366,26.811636,225,True,962.8654486564906,0,0.4
295148,1367,24.930959,225,True,862.0383515086985,1,0.0
295424,1368,23.785346,225,True,832.2138520974877,0,0.0
295704,1369,25.274852,225,True,891.7940891911378,0,0.0
295856,1370,30.66783,225,True,1059.5131814626084,3,0.0
296048,1371,32.671758,225,True,1182.8703149370108,3,1.7999999999999998
296324,1372,24.498544,225,True,860.741746952913,0,0.0
296604,1373,31.599073,225,True,1064.762930291316,5,0.0
296756,1374,26.765386,225,True,951.4154427600154,0,0.0
296948,1375,28.013217,225,True,921.3286985819825,5,0.0
297224,1376,27.113006,225,True,933.3202234454798,2,0.0
297504,1377,23.074716,225,True,803.7886266279136,0,0.0
297656,1378,26.540071,225,True,912.0028356467819,2,0.0
297848,1379,28.056638,225,True,987.0655368817459,1,0.0
298124,1380,30.214711,225,True,1057.3884458945972,2,0.0
298404,1381,23.404405,225,True,800.976188165768,1,0.0
298556,1382,24.656163,225,True,851.0465135494235,1,0.0
298748,1383,37.19436,225,True,1240.5744124765688,8,0.0
299024,1384,30.112153,225,True,1053.2861150223143,2,0.0
299304,1385,27.025961,225,True,958.6384294113816,2,1.2
299456,1386,27.609398,225,True,985.1759272429633,0,0.0
299648,1387,31.163708,225,True,1063.3483288063953,4,0.0
299924,1388,27.417296,225,True,977.4918494692097,0,0.0
300204,1389,32.773817,225,True,1127.7526689663096,4,0.0
300356,1390,21.425159,225,True,744.2063787527109,0,0.0
300548,1391,23.833712,225,True,834.148479955328,0,0.0
300824,1392,27.373072,225,True,943.7228709970746,2,0.0
301104,1393,23.197432,225,True,792.697285998149,1,0.0
301256,1394,24.375733,225,True,823.8293297209598,2,0.0
301448,1395,24.832319,225,True,856.492756896628,2,0.6000000000000001
301724,1396,26.179757,225,True,927.9902674497916,0,0.0
302004,1397,22.422413,225,True,768.0965255611302,1,0.0
302156,1398,21.216936,225,True,729.4774582518053,0,0.0
302348,1399,21.566994,225,True,743.4797712253715,0,0.0
302624,1400,23.576615,225,True,823.8646180784444,0,0.0
302904,1401,23.391716,225,True,800.4686325242935,1,0.0
303056,1402,28.966815,225,True,1007.472587806586,2,0.0
303248,1403,27.531171,225,True,982.0468290556048,0,0.0
303524,1404,34.123211,225,True,1133.728437924648,7,0.0
303804,1405,24.965861,225,True,847.4344256012621,2,0.0
303956,1406,21.735804,225,True,750.232172020869,0,0.0
304148,1407,24.596789,225,True,864.6715511983509,0,0.0
304424,1408,27.800371,225,True,967.2148304806706,2,0.0
304704,1409,31.691935,225,True,1084.477382721855,4,0.0
304856,1410,20.5102,225,True,701.2080073619684,0,0.0
305048,1411,26.961081,225,True,959.2432383955452,0,0.0
305324,1412,25.419338,225,True,865.5735132115383,2,0.0
305604,1413,26.127373,225,True,909.8949064747146,1,0.0
305756,1414,25.534803,225,True,886.1921022789079,1,0.0
305948,1415,20.145912,225,True,686.6364638119035,0,0.0
306224,1416,24.376242,225,True,823.8496612052177,2,0.0
306504,1417,33.864378,225,True,1139.375129732448,6,0.0
306656,1418,21.848958,225,True,754.7583152687348,0,0.0
306848,1419,25.108373,225,True,885.134919198199,0,0.0
307124,1420,30.495752,225,True,1084.6300854121928,1,0.0
307404,1421,23.442955,225,True,818.5182014756476,0,0.0
307556,1422,36.095048,225,True,1276.601932881751,3,0.0
307748,1423,29.382359,225,True,1040.0943414460473,1,0.0
308024,1424,24.538049,225,True,839.9219689587396,2,0.4
308304,1425,19.793106,225,True,672.5242254412008,0,0.0
308456,1426,28.549394,225,True,1022.7757787707908,0,0.0
308648,1427,27.328711,225,True,957.948431981164,1,0.0
308924,1428,24.773634,225,True,839.7453434740612,2,0.0
309204,1429,27.017524,225,True,961.5009482565993,0,0.0
309356,1430,28.167727,225,True,927.5090681260008,5,0.0
309548,1431,32.203812,225,True,1104.952471264421,4,0.0
309824,1432,26.441112,225,True,922.4444809984673,1,0.0
310104,1433,27.024384,225,True,945.7753546424733,1,0.0
310256,1434,30.710208,225,True,1109.2083134840173,0,0.0
310448,1435,25.522527,225,True,869.7010667264772,2,0.0
310724,1436,27.740762,225,True,990.4304856621845,0,0.0
311004,1437,26.669998,225,True,947.5999296231023,0,0.0
311156,1438,28.901143,225,True,1020.8457145216712,1,0.0
311348,1439,28.694413,225,True,986.9765085750612,3,0.0
311624,1440,26.973944,225,True,895.757740385427,4,0.0
311904,1441,34.06355,225,True,1147.3419806385068,6,0.0
312056,1442,25.558601,225,True,903.1440236407896,0,0.0
312248,1443,21.101126,225,True,724.8450309133727,0,0.0
312524,1444,36.954131,225,True,1230.9652460393463,8,0.0
312804,1445,22.037239,225,True,762.289561997047,0,0.0
312956,1446,26.571985,225,True,943.6793840726898,0,0.0
313148,1447,23.998839,225,True,840.7535449990357,0,0.0
313424,1448,36.17017,225,True,1215.6067979538766,7,0.0
313704,1449,30.728531,225,True,1029.9412506878668,5,0.0
313856,1450,28.890159,225,True,1020.4063615447603,1,0.0
314048,1451,30.669305,225,True,1091.572203794126,1,0.0
314324,1452,26.323949,225,True,885.7579641992922,3,0.0
314604,1453,22.711695,225,True,773.2678013372727,1,0.0
314756,1454,22.947837,225,True,798.7134829275335,0,0.0
314948,1455,27.812532,225,True,961.3012924116958,2,0.0
315224,1456,24.243134,225,True,850.5253755765793,0,0.0
315504,1457,23.015148,225,True,801.4059241282059,0,0.0
315656,1458,26.932005,225,True,930.8801854879569,2,0.2
315848,1459,29.27254,225,True,1050.1016162017331,4,2.6
316124,1460,24.276319,225,True,851.8527725856268,0,0.0
316404,1461,33.008434,225,True,1105.1373794071174,6,0.0
316556,1462,28.533781,225,True,1006.1512299309875,1,0.0
316748,1463,24.171233,225,True,831.6493040987596,1,0.0
317024,1464,24.702724,225,True,836.9089726290722,2,0.0
317304,1465,26.273662,225,True,925.3464604885467,1,0.4
317456,1466,26.262015,225,True,940.8805947820874,0,0.4
317648,1467,34.319477,225,True,1205.5790949197904,3,0.0
317924,1468,34.818,225,True,1231.919994703323,3,0.0
318204,1469,32.149046,225,True,1118.761842547765,3,0.0
318356,1470,21.435467,225,True,738.2186950641731,0,0.0
318548,1471,32.195749,225,True,1120.629974857839,3,0.0
318824,1472,28.686743,225,True,1010.6697185010703,2,0.6000000000000001
319104,1473,21.590164,225,True,733.2065548428209,1,0.2
319256,1474,29.401326,225,True,1008.8530450035164,3,0.0
319448,1475,28.607998,225,True,977.1199327363574,3,0.0
319724,1476,26.621679,225,True,945.6671646017737,0,0.0
320004,1477,29.49324,225,True,1060.5295945164958,0,0.0
320156,1478,31.405103,225,True,1057.0041041334907,5,0.0
320348,1479,24.634829,225,True,850.1931729192436,1,0.0
320624,1480,23.403915,225,True,816.9565970033239,0,0.0
320904,1481,20.21371,225,True,689.3484042020814,0,0.0
321056,1482,26.25741,225,True,915.0963904624491,1,0.0
321248,1483,35.999289,225,True,1160.7715695970096,10,0.0
321524,1484,26.277161,225,True,915.8864389743062,1,0.0
321804,1485,29.038597,225,True,1010.3438802568553,2,0.0
321956,1486,29.312173,225,True,1037.286907060027,1,0.0
322148,1487,25.91071,225,True,869.2284014678967,3,0.0
322424,1488,26.816886,225,True,921.4754391817278,2,0.0
322704,1489,28.518065,225,True,1005.5226164344031,1,0.0
322856,1490,28.147975,225,True,1006.7189838111556,0,0.0
323048,1491,26.305617,225,True,933.0246966071898,0,0.0
323324,1492,20.974831,225,True,719.7932346711157,0,0.0
323604,1493,32.121439,225,True,1117.6575572912739,3,0.0
323756,1494,22.747421,225,True,774.6968428422608,1,0.0
323948,1495,21.81789,225,True,753.5156114888484,0,0.0
324224,1496,38.648477,225,True,1266.7390630842424,10,0.0
324504,1497,22.647721,225,True,786.7088422084803,0,0.0
324656,1498,28.227638,225,True,961.9055256491115,3,0.0
324848,1499,23.888386,225,True,804.3354470158772,2,0.0
325124,1500,26.686427,225,True,916.2570836739849,2,0.0
325404,1501,22.910222,225,True,781.2088742946053,1,0.0
325556,1502,24.196768,225,True,848.67073033874,0,0.0
325748,1503,35.983099,225,True,1256.123976131798,4,0.0
326024,1504,24.735717,225,True,854.2286637627158,1,0.0
326304,1505,25.708294,225,True,861.1317733748174,3,0.0
326456,1506,29.716652,225,True,1080.6660980572774,5,3.800000000000001
326648,1507,27.330827,225,True,1007.6330706567965,0,1.4
326924,1508,25.383454,225,True,848.1381532658004,3,0.0
327204,1509,23.25046,225,True,905.2184019124584,1,4.600000000000001
327356,1510,27.95295,225,True,950.9180108964038,3,0.0
327548,1511,30.764052,225,True,1079.3620929069525,2,0.0
327824,1512,32.414756,225,True,1113.3902573737796,4,0.0
328104,1513,34.16413,225,True,1167.3651822797688,5,0.0
328256,1514,31.247828,225,True,1087.5131385565583,3,0.2
328448,1515,26.227259,225,True,913.8903669043623,1,0.0
328724,1516,25.990342,225,True,920.4136707356763,0,0.0
329004,1517,29.239641,225,True,1040.7856367039817,1,0.0
329156,1518,23.917019,225,True,821.4807425449897,1,0.0
329348,1519,24.809835,225,True,857.1933829685645,1,0.0
329624,1520,34.166771,225,True,1167.4708414989982,5,0.0
329904,1521,33.480056,225,True,1140.0022409860012,5,0.0
330056,1522,34.392409,225,True,1144.4963747123338,7,0.0
330248,1523,26.23247,225,True,914.098799645066,1,0.0
330524,1524,27.582347,225,True,952.0938668769688,2,0.0
330804,1525,35.887751,225,True,1220.3100482030814,6,0.0
330956,1526,22.158534,225,True,767.1413410742255,0,0.0
331148,1527,25.689409,225,True,876.3763774648082,2,0.0
331424,1528,26.299673,225,True,916.7869281086273,1,0.0
331704,1529,26.424593,225,True,1070.5837293316545,1,6.200000000000003
331856,1530,28.586576,225,True,1024.26302749539,0,0.0
332048,1531,25.309901,225,True,877.1960361951835,1,0.0
332324,1532,33.093099,225,True,1108.5239781355067,6,0.0
332604,1533,30.531385,225,True,1070.0553877998705,2,0.0
332756,1534,24.129723,225,True,845.9889371479974,0,0.0
332948,1535,21.454402,225,True,738.9760724614932,0,0.0
333224,1536,20.271285,225,True,701.2513801176981,0,0.4
333504,1537,22.957699,225,True,799.1079420465808,0,0.0
333656,1538,23.832857,225,True,818.1142972298937,1,0.0
333848,1539,32.718013,225,True,1152.7205015155637,3,0.2
334124,1540,31.455502,225,True,1059.020084411101,5,0.0
334404,1541,23.45941,225,True,819.1763820894494,0,0.0
334556,1542,23.694145,225,True,828.5658149076478,0,0.0
334748,1543,35.685379,225,True,1244.2151763536153,4,0.0
335024,1544,28.717466,225,True,981.498633075523,3,0.0
335304,1545,35.29668,225,True,1196.6672035257425,6,0.0
335456,1546,30.943044,225,True,1054.5217797809341,4,0.0
335648,1547,37.850532,225,True,1282.8212643183329,7,0.0
335924,1548,27.937147,225,True,955.0858819982104,3,0.2
336204,1549,27.617511,225,True,985.500430742343,0,0.0
336356,1550,24.765382,225,True,871.4152741939104,0,0.0
336548,1551,23.972832,225,True,839.7132800670606,0,0.0
336824,1552,26.351192,225,True,918.8476729520673,1,0.0
337104,1553,21.087848,225,True,724.3139191635969,0,0.0
337256,1554,24.751827,225,True,870.8730691911676,0,0.0
337448,1555,27.060367,225,True,947.2146727688039,1,0.0
337724,1556,26.764258,225,True,951.3703361580338,0,0.0
338004,1557,27.992536,225,True,984.5014282854597,1,0.0
338156,1558,24.433493,225,True,826.139731381581,2,0.0
338348,1559,22.104706,225,True,764.9882476636708,0,0.0
338624,1560,32.546981,225,True,1102.6792456683238,5,0.0
338904,1561,33.033583,225,True,1154.1433103735326,3,0.0
339056,1562,29.344917,225,True,1022.5966739983644,2,0.0
339248,1563,23.195388,225,True,850.2155157501445,1,2.4
339524,1564,30.297891,225,True,1084.7156474794301,2,1.0
339804,1565,31.462774,225,True,1123.3109610896063,1,0.0
339956,1566,29.001981,225,True,1024.8792534584745,1,0.0
340148,1567,26.130461,225,True,926.0184478698866,0,0.0
340424,1568,28.272697,225,True,979.7078933401356,2,0.0
340704,1569,22.985288,225,True,805.0115177619678,0,0.2
340856,1570,23.127235,225,True,805.8894054200166,0,0.0
341048,1571,23.538438,225,True,790.3375078932381,2,0.0
341324,1572,31.023844,225,True,1073.7537667800848,3,0.0
341604,1573,21.697511,225,True,748.7004585190382,0,0.0
341756,1574,29.975046,225,True,1047.8018472767938,2,0.0
341948,1575,24.382911,225,True,856.1164433037716,0,0.0
342224,1576,34.916767,225,True,1197.4706889334861,5,0.0
342504,1577,24.86976,225,True,974.7903820283893,1,4.800000000000002
342656,1578,27.31305,225,True,957.3220093230689,1,0.0
342848,1579,22.917904,225,True,797.5161642017142,0,0.0
343124,1580,25.027962,225,True,865.918484035579,1,0.0
343404,1581,22.95164,225,True,798.8656194552361,0,0.0
343556,1582,23.641392,225,True,820.0556944289085,1,0.4
343748,1583,25.043693,225,True,882.547736938388,0,0.0
344024,1584,25.935974,225,True,902.2389620215172,1,0.0
344304,1585,26.424511,225,True,897.7804542724678,4,1.0
344456,1586,35.843057,225,True,1234.5222703646791,5,0.0
344648,1587,28.666058,225,True,1011.4423317831906,1,0.0
344924,1588,31.223432,225,True,1126.5372672442336,2,1.2
345204,1589,26.276894,225,True,915.8757698349509,1,0.0
345356,1590,21.461943,225,True,745.6777127206583,0,0.0
345548,1591,24.558296,225,True,863.1318509054779,0,0.0
345824,1592,24.786303,225,True,840.252126387848,2,0.0
346104,1593,25.943257,225,True,966.5302673545834,0,1.9999999999999998
346256,1594,31.486952,225,True,1076.2780880441092,4,0.0
346448,1595,28.163755,225,True,975.3501802664246,2,0.0
346724,1596,24.577809,225,True,863.9123465494768,0,0.0
347004,1597,22.27647,225,True,771.8587846413595,0,0.0
347156,1598,25.497933,225,True,919.9173295520868,0,0.8
347348,1599,28.889727,225,True,972.3890841655343,4,0.0
347624,1600,25.210816,225,True,873.232659805406,1,0.0
347904,1601,21.829303,225,True,753.9721199448013,0,0.0
348056,1602,25.947459,225,True,921.8983426260629,1,0.8
348248,1603,24.271656,225,True,851.6662334997995,0,0.0
348524,1604,26.239762,225,True,914.390494833975,1,0.0
348804,1605,23.672933,225,True,811.7173138751366,1,0.0
348956,1606,31.363055,225,True,1119.3221893752716,1,0.0
349148,1607,32.367652,225,True,1143.506082374805,2,0.0
349424,1608,26.183623,225,True,896.1449135529926,2,0.0
349704,1609,28.001934,225,True,936.8773747536061,4,0.0
349856,1610,24.631701,225,True,866.068032583642,0,0.0
350048,1611,19.319335,225,True,653.5733981474641,0,0.0
350304,1612,4.695677,220,False,716.6270857573729,0,1.9999999999999998
350604,1613,26.039761,225,True,890.3904336326568,2,0.0
350756,1614,20.79093,225,True,712.4371887686159,0,0.0
350948,1615,26.6391,225,True,946.3640198063813,0,0.0
351204,1616,27.923343,225,True,972.1337340206151,4,1.5999999999999999
351504,1617,37.704382,225,True,1308.975296669194,5,0.0
351656,1618,31.832071,225,True,1090.0828396767301,4,0.0
351848,1619,23.849462,225,True,834.7784824991329,0,0.0
352104,1620,26.434556,225,True,938.1822503204219,0,0.0
352404,1621,27.088798,225,True,961.1519235224075,2,1.2
352556,1622,26.935165,225,True,894.2066171117588,4,0.0
352748,1623,29.50059,225,True,1012.8235989416323,3,0.0
353004,1624,23.593177,225,True,808.5270652258855,1,0.0
353304,1625,25.757235,225,True,879.0893863871613,2,0.0
353456,1626,23.996494,225,True,824.6597625582704,1,0.0
353648,1627,29.91864,225,True,1061.5455958056864,1,0.0
353904,1628,25.846822,225,True,866.672889313043,3,0.0
354204,1629,23.536127,225,True,822.2450858092407,0,0.0
354356,1630,25.053737,225,True,882.9494697403809,0,0.0
354548,1631,23.378972,225,True,815.9588917236842,0,0.0
354804,1632,21.495222,225,True,740.6088873220651,0,0.0
355104,1633,21.571285,225,True,743.6513947496437,0,0.0
355256,1634,30.345193,225,True,1030.6077083150171,4,0.0
355448,1635,24.856695,225,True,873.4678120393392,1,0.6000000000000001
355704,1636,29.579573,225,True,1015.9829238059808,3,0.0
356004,1637,26.296615,225,True,932.6646051346468,0,0.0
356156,1638,29.518404,225,True,1029.5361703015385,2,0.0
356348,1639,21.307011,225,True,737.8804408652456,0,0.2
356604,1640,22.396588,225,True,760.6635043691786,1,0.0
356904,1641,29.802695,225,True,992.9078085148333,5,0.0
357056,1642,24.993397,225,True,880.5358606544471,0,0.0
357248,1643,28.085941,225,True,911.4376215788084,7,0.8
357504,1644,33.771913,225,True,1183.6765367557414,3,0.0
357804,1645,21.876346,225,True,755.8538354740497,0,0.0
357956,1646,27.210267,225,True,953.2106807407899,1,0.0
358148,1647,27.36723,225,True,927.4892152797233,3,0.0
358404,1648,30.486863,225,True,1052.2745295505888,3,0.0
358704,1649,30.798877,225,True,1096.7550766017525,1,0.0
358856,1650,32.998669,225,True,1173.5467545582724,2,0.2
359048,1651,19.740804,225,True,776.0321645034278,0,4.400000000000001
359304,1652,21.785077,225,True,752.2030731189163,0,0.0
359604,1653,31.192831,225,True,1080.5132306403607,3,0.0
359756,1654,27.992653,225,True,984.5061302870542,1,0.0
359948,1655,25.035652,225,True,871.0260901820916,1,0.2
360204,1656,33.574003,225,True,1175.7601084447742,3,0.0
360504,1657,24.41776,225,True,841.510390626499,1,0.0
360656,1658,26.683703,225,True,932.1481260793312,1,0.0
360700,1659,6.001275,188,False,778.4510002459442,0,2.4
361104,1660,22.64907,225,True,786.7627851316911,0,0.0
361404,1661,26.748997,225,True,950.7598627398224,0,0.0
361556,1662,25.017006,225,True,871.8802224210724,1,0.0
361600,1663,28.408342,225,True,986.7336626718161,4,1.4
362004,1664,23.912947,225,True,837.3178804865322,0,0.0
362304,1665,25.508211,225,True,901.1284534652825,0,0.0
362456,1666,24.22171,225,True,849.6684017609102,0,0.0
362500,1667,24.138066,225,True,846.3226519147238,0,0.0
362904,1668,25.729021,225,True,893.960825955701,1,0.0
363204,1669,25.372736,225,True,977.3094339537154,3,5.400000000000002
363356,1670,26.336936,225,True,918.2774500568426,1,0.0
363400,1671,23.014577,225,True,785.3830985662344,1,0.0
363804,1672,21.447812,225,True,767.5124784929571,0,1.2
364104,1673,25.881107,225,True,1037.6442904782766,5,8.400000000000002
364256,1674,31.283866,225,True,1068.154624081163,4,0.0
364300,1675,24.509731,225,True,861.1892469562913,0,0.0
364704,1676,23.094758,225,True,793.3903242638153,1,0.2
365004,1677,25.803084,225,True,912.923365977402,0,0.0
365156,1678,25.500935,225,True,900.8374046437445,0,0.0
365200,1679,28.363287,225,True,935.3314885297432,5,0.0
365604,1680,24.185355,225,True,848.2142042522437,0,0.0
365904,1681,28.788907,225,True,1000.356295379619,2,0.0
366056,1682,26.763062,225,True,903.3224715683266,3,0.0
366100,1683,22.430017,225,True,762.0006820679364,1,0.0
366504,1684,28.03286,225,True,970.1143906368579,2,0.0
366804,1685,24.483016,225,True,860.1206398433926,0,0.0
366956,1686,25.789322,225,True,912.3728781241546,0,0.0
367000,1687,29.092675,225,True,932.506980872849,7,0.0
367404,1688,25.442844,225,True,898.5137762730401,0,0.0
367704,1689,26.963952,225,True,943.3580915464731,1,0.0
367856,1690,34.305011,225,True,1189.000452334937,4,0.0
367900,1691,26.4161,225,True,937.4440135164555,0,0.0
368304,1692,33.095205,225,True,1179.0081827856698,2,0.0
368604,1693,24.6646,225,True,867.384002905419,0,0.0
368756,1694,26.154937,225,True,939.7974672848632,0,0.0
368800,1695,19.8909,225,True,676.4360133245957,0,0.0
369204,1696,22.58257,225,True,784.1027913720131,0,0.0
369504,1697,22.25876,225,True,771.1503846953678,0,0.0
369656,1698,28.69817,225,True,1028.7268184034663,0,0.0
369700,1699,27.385614,225,True,985.824568876466,0,0.4
370104,1700,31.822284,225,True,1105.6913612800554,3,0.0
370404,1701,23.110891,225,True,789.2356496409207,1,0.0
370556,1702,25.263258,225,True,891.3303171842047,0,0.0
370600,1703,26.74222,225,True,934.4888005115424,1,0.0
371004,1704,25.696899,225,True,892.6759451092823,1,0.0
371304,1705,26.230444,225,True,898.0177727996681,2,0.0
371456,1706,20.822662,225,True,713.7064717595897,0,0.0
371500,1707,28.622147,225,True,1025.6858755637445,0,0.0
371904,1708,27.821616,225,True,977.6646527397318,1,0.0
372204,1709,25.322608,225,True,893.7043320050743,0,0.0
372356,1710,24.799757,225,True,872.7902798720736,0,0.0
372400,1711,28.665518,225,True,1011.4207321580232,1,0.0
372804,1712,23.54327,225,True,822.5307816672907,0,0.0
373104,1713,25.382826,225,True,848.11304614904,3,0.0
373256,1714,20.752053,225,True,710.8821068805325,0,0.0
373300,1715,30.66693,225,True,1011.4772039022264,6,0.0
373704,1716,23.218154,225,True,809.5261407018456,0,0.0
374004,1717,29.896369,225,True,1044.6547503744796,2,0.0
374156,1718,36.24365,225,True,1186.5459919998248,9,0.0
374200,1719,26.008312,225,True,873.1324602323089,3,0.0
374604,1720,25.443168,225,True,898.526707234173,0,0.0
374904,1721,25.665146,225,True,907.4058367383436,0,0.0
375056,1722,33.482895,225,True,1172.115810265224,3,0.0
375100,1723,26.198651,225,True,896.7460404966005,2,0.0
375504,1724,30.132628,225,True,1070.1051353936878,1,0.0
375804,1725,23.496149,225,True,839.8459721276831,0,0.8
375956,1726,22.214518,225,True,778.9807380540005,0,0.4
376000,1727,24.732503,225,True,870.1001213137511,0,0.0
376404,1728,27.088001,225,True,932.3200582647189,2,0.0
376704,1729,21.423053,225,True,737.7221202359378,0,0.0
376856,1730,28.519846,225,True,973.5938563249429,3,0.0
376900,1731,29.873386,225,True,1010.1354214506596,5,0.6000000000000001
377304,1732,21.254656,225,True,730.9862437039608,0,0.0
377508,1733,12.499903,201,False,958.3961169292045,5,2.4
377756,1734,29.421897,225,True,1025.6758814118002,2,0.0
377800,1735,34.409967,225,True,1209.1986797863392,3,0.0
378204,1736,27.648504,225,True,1028.3401597588913,1,2.4
378408,1737,31.153005,225,True,1030.9202042637457,6,0.0
378656,1738,27.447207,225,True,978.6882982821567,0,0.0
378700,1739,24.250997,225,True,834.8398925479457,1,0.0
379104,1740,22.416369,225,True,745.4547725375562,2,0.0
379308,1741,29.424228,225,True,977.7691058822968,5,0.0
379556,1742,32.672971,225,True,1139.718846275553,6,1.9999999999999998
379600,1743,19.776763,225,True,763.0705241151522,0,3.800000000000001
380004,1744,23.474803,225,True,803.7921135020522,1,0.0
380208,1745,28.32406,225,True,965.7624167701017,3,0.0
380456,1746,31.733955,225,True,1070.1581903715796,5,0.0
380500,1747,30.58325,225,True,1126.5300023864156,4,3.600000000000001
380904,1748,25.905036,225,True,901.001429570741,1,0.0
381108,1749,21.628606,225,True,902.7442266833077,1,7.200000000000004
381356,1750,29.117631,225,True,1045.5052498369694,0,0.0
381400,1751,21.946241,225,True,742.64963316083,1,0.0
381804,1752,20.469559,225,True,699.582344183224,0,0.0
382008,1753,32.562623,225,True,1135.3049020924495,3,0.0
382256,1754,25.529123,225,True,929.1649398327484,1,1.7999999999999998
382300,1755,33.147196,225,True,1174.6878502253498,2,0.0
382704,1756,23.777787,225,True,831.9114764459403,0,0.0
382908,1757,25.751834,225,True,894.8733504606189,1,0.0
383156,1758,34.073061,225,True,1163.722440515127,5,0.0
383200,1759,23.942013,225,True,838.4805252377535,0,0.0
383604,1760,24.665813,225,True,851.4325220882256,1,0.0
383808,1761,20.862972,225,True,715.3188930732993,0,0.0
384056,1762,26.518547,225,True,976.7418996774575,2,2.8000000000000003
384100,1763,21.332919,225,True,758.1167420033339,0,1.0
384464,1764,10.213529,215,False,1178.9411502824923,5,15.399999999999977
384708,1765,27.473822,225,True,947.7528807760607,2,0.0
384956,1766,32.026153,225,True,1097.8461305088722,4,0.0
385000,1767,27.764201,225,True,975.3680327985262,1,0.0
385364,1768,20.362007,225,True,695.2802968546671,0,0.0
385608,1769,20.255948,225,True,691.0379134782941,0,0.0
385856,1770,26.985232,225,True,896.2092990372973,4,0.0
385900,1771,24.538329,225,True,830.33316868678,2,0.0
386264,1772,31.270643,225,True,1067.625707255153,4,0.0
386508,1773,34.407607,225,True,1145.1042840412165,7,0.0
386756,1774,20.611265,225,True,705.250609326707,0,0.0
386800,1775,33.301627,225,True,1164.865087482518,3,0.0
387164,1776,28.497186,225,True,1103.8874285085508,2,4.800000000000002
387408,1777,24.579892,225,True,831.9956605023749,2,0.0
387656,1778,20.953142,225,True,718.9256968800755,0,0.0
387700,1779,27.712826,225,True,957.3130327431682,2,0.0
388064,1780,26.612083,225,True,945.2833161553392,0,0.0
388308,1781,25.230509,225,True,890.0203436176137,0,0.0
388556,1782,25.333632,225,True,894.1452753186659,0,0.0
388600,1783,27.853247,225,True,978.9298928862197,1,0.0
388964,1784,22.527571,225,True,781.902843495466,0,0.0
389208,1785,28.291845,225,True,964.473810785862,3,0.0
389456,1786,31.383516,225,True,1072.1406378612178,4,0.0
389500,1787,24.891441,225,True,876.4576268132473,0,0.0
389864,1788,31.230672,225,True,1050.0268737631482,5,0.0
390108,1789,27.785333,225,True,976.2133150389479,1,0.0
390356,1790,22.339547,225,True,775.9818658882505,2,1.4
390400,1791,28.404158,225,True,984.9663323950613,2,0.0
390764,1792,25.13532,225,True,854.2128011282609,2,0.0
391008,1793,29.137711,225,True,950.3084528893487,6,0.0
391256,1794,30.497677,225,True,1004.7070805604442,6,0.0
391300,1795,20.764803,225,True,711.3921029182566,0,0.0
391664,1796,23.310424,225,True,813.2169547514748,0,0.0
391908,1797,30.497987,225,True,1052.7194869667173,3,0.0
392156,1798,28.583741,225,True,976.1496557424987,3,0.0
392200,1799,29.986252,225,True,1048.2500714566431,2,0.0
392564,1800,28.512518,225,True,1005.3007375866093,1,0.0
392808,1801,29.403884,225,True,1008.9553693820053,3,0.0
393056,1802,24.566831,225,True,831.4732329210365,2,0.0
393100,1803,28.686617,225,True,1018.6646795612862,1,0.0
393464,1804,27.061102,225,True,915.2440717617369,3,0.0
393708,1805,30.494498,225,True,1052.57992490583,3,0.0
393956,1806,25.608099,225,True,873.1239433935959,2,0.0
394000,1807,27.615748,225,True,985.429939021155,0,0.0
394364,1808,28.207986,225,True,977.1194223025379,2,0.0
394608,1809,28.588468,225,True,960.3387349112174,4,0.0
394856,1810,21.633027,225,True,746.1210808550702,0,0.0
394900,1811,22.734897,225,True,790.1958777272762,0,0.0
395264,1812,30.870017,225,True,1035.6006940630264,5,0.0
395508,1813,24.880245,225,True,860.0097969520123,1,0.0
395756,1814,28.680602,225,True,1028.0240633706499,0,0.0
395800,1815,25.309356,225,True,861.1742443693577,2,0.0
396164,1816,26.014353,225,True,873.3741199861647,3,0.0
396408,1817,24.690298,225,True,868.4119007101663,0,0.0
396656,1818,28.786458,225,True,968.2583024318683,4,0.0
396700,1819,34.343805,225,True,1174.5522146243916,5,0.0
397064,1820,25.866057,225,True,899.4422892456262,1,0.0
397308,1821,31.219698,225,True,1038.3879234058988,6,0.2
397556,1822,25.882262,225,True,916.0904721131863,0,0.0
397600,1823,24.313032,225,True,837.321266478702,1,0.0
397964,1824,28.365125,225,True,999.4050100560974,1,0.0
398208,1825,25.53519,225,True,902.20761738579,0,0.0
398456,1826,28.484964,225,True,988.1985576672603,2,0.0
398500,1827,27.401036,225,True,960.8414211896709,1,0.0
398864,1828,29.952155,225,True,1062.8861865297176,1,0.0
399108,1829,25.994237,225,True,904.5694988444577,1,0.0
399356,1830,35.09861,225,True,1172.7444020262924,7,0.0
399400,1831,26.592771,225,True,944.5108524280238,0,0.0
399764,1832,21.240219,225,True,730.4087464890263,0,0.0
400008,1833,25.254277,225,True,890.9710897230577,0,0.0
400256,1834,28.111632,225,True,957.2652997019234,3,0.0
400300,1835,32.028315,225,True,1113.9325854964022,3,0.0
400664,1836,33.846577,225,True,1186.663082258428,3,0.0
400908,1837,22.41058,225,True,777.2232139576747,0,0.0
401156,1838,23.531672,225,True,825.2668919604366,1,0.8
401200,1839,29.156249,225,True,1015.049954428139,2,0.0
401564,1840,30.236526,225,True,1058.2610408333157,2,0.0
401808,1841,23.847796,225,True,834.7118366678412,0,0.0
402056,1842,35.363004,225,True,1167.3201547396707,8,0.0
402100,1843,21.049468,225,True,722.7787141314245,0,0.0
402464,1844,22.063055,225,True,747.3221894992073,1,0.0
402708,1845,33.512649,225,True,1157.3059762602843,4,0.0
402956,1846,26.653085,225,True,930.923402976448,1,0.0
403000,1847,27.912838,225,True,965.3135052139755,2,0.0
403364,1848,22.672382,225,True,787.6952816863688,0,0.0
403608,1849,30.68308,225,True,1076.1232176737344,2,0.0
403856,1850,23.4231,225,True,785.7239919229414,2,0.0
403900,1851,21.092708,225,True,724.5083290494438,0,0.0
404264,1852,23.347426,225,True,814.697034183836,0,0.0
404508,1853,27.62612,225,True,1070.644799023,1,4.200000000000001
404756,1854,24.491309,225,True,828.4523637514267,2,0.0
404800,1855,22.576417,225,True,783.8566655267514,0,0.0
405164,1856,26.450687,225,True,906.8274688789218,2,0.0
405408,1857,24.934774,225,True,862.1909749072613,1,0.0
405656,1858,30.571015,225,True,1071.640602100129,2,0.0
405700,1859,20.762954,225,True,711.3181768475395,0,0.0
406064,1860,32.295522,225,True,1124.6208779983267,3,0.0
406208,1861,5.93829,138,False,699.1315811670761,6,3.2000000000000006
406308,1862,26.29878,225,True,932.7512095786099,0,0.0
406600,1863,32.259695,225,True,1107.1878085713965,4,0.0
406720,1864,7.250298,164,False,759.6119159456277,4,2.1999999999999997
407108,1865,22.969261,225,True,799.5704311234172,0,0.0
407208,1866,21.342244,225,True,734.4897566745733,0,0.0
407500,1867,24.384976,225,True,856.1990304971273,0,0.0
407620,1868,28.805254,225,True,1017.0101632956273,1,0.0
408008,1869,31.232713,225,True,1086.9085123289678,3,0.2
408108,1870,26.354002,225,True,918.9600644154641,1,0.0
408400,1871,24.313861,225,True,853.3544452046287,0,0.0
408520,1872,27.344206,225,True,958.5682545949771,1,0.0
408908,1873,35.940943,225,True,1212.8377260433426,7,0.0
409008,1874,24.811845,225,True,841.2738035855054,2,0.0
409300,1875,25.969904,225,True,887.5961779380634,2,0.0
409420,1876,34.318041,225,True,1189.5216471466097,4,0.0
409808,1877,23.873057,225,True,803.7222627438548,2,0.0
409908,1878,32.005379,225,True,1175.415168496731,6,4.600000000000001
410200,1879,19.785526,225,True,678.6210203802825,0,0.0
410320,1880,28.683447,225,True,996.1378987643589,2,0.0
410708,1881,34.164128,225,True,1167.3651308048698,5,0.0
410808,1882,27.716413,225,True,989.4565356901151,0,0.0
411100,1883,34.231295,225,True,1202.051786693933,3,0.0
411220,1884,23.582849,225,True,824.1139714781823,0,0.0
411608,1885,31.089725,225,True,1060.3890044656705,4,0.0
411708,1886,25.87278,225,True,899.711214358272,1,0.0
412000,1887,34.095414,225,True,1228.6165420964935,1,0.0
412120,1888,23.43319,225,True,818.1275936062648,0,0.0
412508,1889,19.806785,225,True,673.0714150021831,0,0.0
412608,1890,37.983906,225,True,1304.156241777052,6,0.0
412900,1891,21.987078,225,True,760.2831176608609,0,0.0
413020,1892,30.722961,225,True,1061.7184465300256,3,0.0
413408,1893,34.30688,225,True,1173.0752199882477,5,0.0
413508,1894,33.329368,225,True,1165.9747377488566,3,0.0
413800,1895,34.775703,225,True,1223.828109610923,3,0.0
413920,1896,21.66232,225,True,747.2928092373527,0,0.0
414308,1897,22.527645,225,True,781.9058173553706,0,0.0
414408,1898,19.621954,225,True,665.6781604075879,0,0.0
414700,1899,32.281371,225,True,1156.0548526889984,1,0.0
414820,1900,20.888864,225,True,722.754567675212,0,0.0
415208,1901,21.630354,225,True,746.0141651473009,0,0.0
415308,1902,27.355816,225,True,895.0326308878152,5,0.0
415600,1903,22.626731,225,True,785.8692411468887,0,0.0
415720,1904,27.597121,225,True,968.6848585571715,1,0.0
416108,1905,23.704903,225,True,828.9961132227204,0,0.0
416208,1906,21.657482,225,True,747.099260549696,0,0.0
416500,1907,22.903271,225,True,796.9308303856426,0,0.0
416620,1908,30.368537,225,True,1063.5414880995168,2,0.0
417008,1909,33.8555,225,True,1193.419984179371,3,0.0
417108,1910,21.794097,225,True,752.5638625071924,0,0.0
417400,1911,26.432299,225,True,938.0919441541951,0,0.0
417520,1912,25.405026,225,True,865.0010243861016,2,0.0
417908,1913,32.138273,225,True,1150.330939485174,1,0.0
418008,1914,23.580217,225,True,824.0086609954105,0,0.0
418300,1915,22.690894,225,True,772.4357419631388,1,0.0
418420,1916,22.655397,225,True,787.0158920857943,0,0.0
418808,1917,28.955901,225,True,991.0360560506681,3,0.0
418908,1918,27.854648,225,True,978.9859233892262,1,0.0
419200,1919,25.965264,225,True,887.4105774668385,2,0.0
419320,1920,23.984227,225,True,824.1690826102529,1,0.0
419708,1921,26.317178,225,True,933.4871209959315,0,0.0
419808,1922,19.59234,225,True,664.4935956705119,0,0.0
420100,1923,25.976632,225,True,919.8652674386221,0,0.0
420220,1924,26.040457,225,True,922.418267525074,0,0.0
420608,1925,27.562047,225,True,967.2818740838977,1,0.0
420708,1926,22.804757,225,True,792.9902747362241,0,0.0
421000,1927,25.507901,225,True,901.1160205365327,0,0.0
421120,1928,27.403053,225,True,912.9221355228146,4,0.0
421508,1929,25.353881,225,True,894.9552478116946,0,0.0
421608,1930,24.751914,225,True,842.0765450630845,3,0.8
421900,1931,23.064599,225,True,803.3839514042982,0,0.0
422020,1932,36.232871,225,True,1250.1148355031441,5,0.0
422284,1933,7.068573,169,False,809.9429350742162,1,2.6
422408,1934,22.649849,225,True,906.7939570000585,3,7.0000000000000036
422800,1935,22.08823,225,True,764.3291801503456,0,0.0
422920,1936,27.18303,225,True,904.1212052066455,4,0.0
423184,1937,20.432954,225,True,698.1181646470613,0,0.0
423308,1938,23.484863,225,True,788.1945375754394,2,0.0
423700,1939,26.080498,225,True,908.0199280234847,1,0.0
423820,1940,25.752542,225,True,909.3016997350558,1,0.6000000000000001
424084,1941,30.617379,225,True,1073.4951400253885,2,0.0
424208,1942,26.475417,225,True,939.8166676411035,0,0.0
424600,1943,23.312221,225,True,813.2888442701778,0,0.0
424720,1944,30.084513,225,True,1052.1805209695358,2,0.0
424984,1945,23.625763,225,True,825.830518450394,0,0.0
425108,1946,32.719267,225,True,1125.5706644035745,4,0.0
425500,1947,31.76103,225,True,1023.2411914438619,8,0.0
425620,1948,30.850595,225,True,1066.8237822480282,3,0.0
425884,1949,25.344187,225,True,894.5674929296376,0,0.0
426008,1950,23.008153,225,True,785.1261034316747,1,0.0
426400,1951,20.373107,225,True,695.7242987307666,0,0.0
426520,1952,25.791775,225,True,912.4710028134057,0,0.0
426784,1953,27.859288,225,True,951.9715187853685,3,0.2
426908,1954,30.629944,225,True,1089.997747698876,1,0.0
427300,1955,30.513186,225,True,1053.3274283277128,3,0.0
427420,1956,31.453803,225,True,1042.952129412635,6,0.0
427684,1957,21.058712,225,True,723.1484659701944,0,0.0
427808,1958,22.509224,225,True,781.1689654786578,0,0.0
428200,1959,23.531304,225,True,822.0521692610189,0,0.0
428320,1960,34.804989,225,True,1176.9995525062818,6,0.0
428584,1961,32.518637,225,True,1154.3454825170925,2,0.2
428708,1962,24.040299,225,True,826.411962404075,1,0.0
429100,1963,19.684782,225,True,668.1912684432302,0,0.0
429220,1964,25.453211,225,True,834.928437652175,4,0.0
429484,1965,27.297848,225,True,972.7139143901502,0,0.0
429608,1966,30.144518,225,True,990.5807082800698,6,0.0
430000,1967,32.276622,225,True,1123.8648665800242,3,0.0
430056,1968,9.788232,209,False,888.3292923390991,2,1.9999999999999998
430384,1969,20.673043,225,True,707.7217317075376,0,0.0
430508,1970,25.305849,225,True,877.0339475796286,1,0.0
430900,1971,30.99688,225,True,1072.6751825905717,3,0.0
430956,1972,21.885866,225,True,756.2346580887561,0,0.0
431284,1973,27.921844,225,True,965.6737483614654,2,0.0
431408,1974,26.018872,225,True,889.5548675348812,2,0.0
431800,1975,31.476052,225,True,1114.2420773017866,2,0.0
431856,1976,27.083766,225,True,932.1506342045875,2,0.0
432184,1977,27.750227,225,True,958.8090905095453,2,0.0
432308,1978,20.142206,225,True,686.4882288965337,0,0.0
432700,1979,24.991651,225,True,832.4660330059842,3,0.0
432756,1980,34.183671,225,True,1200.1468340067568,3,0.0
433084,1981,29.691522,225,True,1052.4608980052349,1,0.0
433208,1982,28.983072,225,True,992.1228954497501,3,0.0
433600,1983,34.006728,225,True,1135.469103836565,7,0.0
433656,1984,23.763701,225,True,831.3480397205346,0,0.0
433984,1985,24.415041,225,True,841.401654092319,1,0.0
434108,1986,32.215254,225,True,1121.4101760757135,3,0.0
434500,1987,19.435634,225,True,658.2253589651809,0,0.0
434556,1988,28.962023,225,True,991.2809021570622,3,0.0
434884,1989,23.711663,225,True,813.2665389034435,1,0.0
435008,1990,26.279831,225,True,883.9932373626382,3,0.0
435400,1991,34.614003,225,True,1185.360108443209,5,0.0
435456,1992,27.618498,225,True,985.5399230071268,0,0.0
435784,1993,24.046692,225,True,826.6676936345796,1,0.0
435908,1994,36.074567,225,True,1211.7826789806136,7,0.0
436300,1995,27.560533,225,True,983.2213254828184,0,0.0
436356,1996,19.832954,225,True,674.1181601745113,0,0.0
436684,1997,25.903855,225,True,900.9542056347402,1,0.0
436808,1998,23.343426,225,True,814.5370448681267,0,0.0
437200,1999,30.141572,225,True,1006.4628938606431,5,0.0
437256,2000,30.073535,225,True,1035.741383156687,3,0.0
437584,2001,29.880978,225,True,1044.039125289928,2,0.0
437708,2002,23.024846,225,True,801.7938234536475,0,0.0
438100,2003,26.162931,225,True,879.3172363825092,3,0.0
438156,2004,33.57361,225,True,1127.744405972072,6,0.0
438484,2005,26.094546,225,True,892.5818379680111,2,0.0
438608,2006,28.082785,225,True,956.1114133958633,3,0.0
439000,2007,27.840431,225,True,946.4172365054308,3,0.0
439056,2008,26.63569,225,True,914.2276123917129,2,0.0
439384,2009,21.604202,225,True,744.9680811054657,0,0.0
439508,2010,22.873355,225,True,779.7342015282331,1,0.0
439900,2011,34.617282,225,True,1185.4912849768089,5,0.0
439956,2012,26.592341,225,True,928.4936569246963,1,0.0
440284,2013,21.0678,225,True,723.512017583645,0,0.0
440408,2014,21.90303,225,True,776.1212059264433,0,0.8
440800,2015,24.994081,225,True,880.5632270268313,0,0.0
440856,2016,30.397144,225,True,1096.6857564906172,0,0.0
441184,2017,28.815538,225,True,1001.42152763798,2,0.0
441308,2018,30.218433,225,True,993.5373067931534,6,0.0
441700,2019,23.821944,225,True,833.6777404780112,0,0.0
441756,2020,30.475854,225,True,1051.8341694635628,3,0.0
442084,2021,28.462829,225,True,939.3131437080581,5,0.0
442208,2022,24.52981,225,True,829.9923965708804,2,0.0
442600,2023,26.732878,225,True,950.1151102998613,0,0.0
442656,2024,25.414626,225,True,897.3850587388067,0,0.0
442984,2025,24.366501,225,True,855.4600499127293,0,0.0
443108,2026,25.892992,225,True,884.519681741157,2,0.0
443500,2027,27.80549,225,True,977.0196181436422,1,0.0
443556,2028,20.540821,225,True,702.4328596384296,0,0.0
443884,2029,29.425203,225,True,1025.808139018125,2,0.0
444008,2030,21.23538,225,True,730.2152177716068,0,0.0
444400,2031,29.512723,225,True,981.308932128047,5,0.0
444456,2032,28.984725,225,True,992.1890191012169,3,0.0
444784,2033,25.537876,225,True,902.3150422556225,0,0.0
444908,2034,27.592977,225,True,904.5190788121329,5,0.0
445300,2035,26.530549,225,True,926.0219403108956,1,0.0
445356,2036,27.300268,225,True,940.8107386138838,2,0.0
445684,2037,23.143814,225,True,790.5525726194915,1,0.0
445808,2038,29.603673,225,True,984.9469350364373,5,0.0
446184,2039,10.192928,221,False,888.517114143837,3,1.9999999999999998
446256,2040,26.913185,225,True,1038.927380009255,0,3.400000000000001
446584,2041,27.549712,225,True,982.7884717959423,0,0.0
446708,2042,28.03023,225,True,986.0092172555212,1,0.0
447084,2043,24.006108,225,True,825.0443108338054,1,0.0
447156,2044,30.771254,225,True,1031.6501477709476,5,0.0
447484,2045,27.993805,225,True,952.5522146167359,3,0.0
447608,2046,24.196773,225,True,832.6709228388988,1,0.0
447984,2047,25.974374,225,True,903.7749646063176,1,0.0
448056,2048,26.565235,225,True,943.4094144282985,0,0.0
448384,2049,28.085109,225,True,924.2043432140924,5,0.0
448508,2050,22.273061,225,True,755.7224429484677,1,0.0
448884,2051,20.62913,225,True,705.9651852430168,0,0.0
448956,2052,21.550529,225,True,742.8211705930398,0,0.0
449284,2053,30.049691,225,True,1066.7876338013502,1,0.0
449408,2054,27.5231,225,True,965.7240118846307,1,0.0
449784,2055,34.264309,225,True,1203.3723599504547,3,0.0
449856,2056,19.918747,225,True,677.5498624112101,0,0.0
450184,2057,29.773267,225,True,1055.7306960726883,1,0.0
450308,2058,25.142826,225,True,838.5130291074897,3,0.0
450684,2059,30.282304,225,True,1028.0921734611334,4,0.0
450756,2060,30.893311,225,True,1084.5324474179301,2,0.0
451084,2061,26.966685,225,True,943.4673896941133,1,0.0
451208,2062,25.599975,225,True,888.7990021196817,1,0.0
451584,2063,30.4898,225,True,1084.391995906306,1,0.0
451656,2064,26.266627,225,True,915.4650749766713,1,0.0
451984,2065,29.413131,225,True,1041.325256439805,1,0.0
452108,2066,26.061336,225,True,907.2534227923052,1,0.0
452484,2067,21.404393,225,True,736.9757124505536,0,0.0
452556,2068,21.363141,225,True,735.3256345055149,0,0.0
452884,2069,29.663643,225,True,1035.3457081147567,2,0.0
453008,2070,26.067719,225,True,907.508776119583,1,0.0
453384,2071,33.673055,225,True,1163.7221972719694,4,0.0
453456,2072,26.914003,225,True,957.3601186266724,0,0.0
453784,2073,27.771995,225,True,959.6798066635206,2,0.0
453908,2074,25.871958,225,True,915.6783101201784,0,0.0
454284,2075,33.653034,225,True,1146.9213713820764,5,0.0
454356,2076,20.097225,225,True,684.689009441759,0,0.0
454684,2077,26.730779,225,True,940.4311467432397,1,0.0
454808,2078,30.890938,225,True,1084.4375298340142,2,0.0
455184,2079,32.663055,225,True,1155.322205698591,2,0.0
455256,2080,29.555355,225,True,999.0142167543554,4,0.0
455584,2081,25.003034,225,True,864.921373485892,1,0.0
455708,2082,22.40384,225,True,776.9535984614495,0,0.0
456084,2083,29.248982,225,True,1034.759262206758,1,0.0
456156,2084,19.259529,225,True,651.1811576594976,0,0.0
456484,2085,23.487102,225,True,820.2840941829818,0,0.0
456608,2086,23.199774,225,True,792.790940570342,1,0.0
456940,2087,9.612233,196,False,895.6893304955738,2,2.6
456984,2088,28.790034,225,True,1000.4013503781778,2,0.0
457384,2089,25.526119,225,True,901.8447544402818,0,0.0
457508,2090,23.531424,225,True,806.0569733682935,1,0.0
457840,2091,28.162345,225,True,991.293780485451,1,0.0
457884,2092,28.688932,225,True,996.3572764899354,2,0.0
458284,2093,23.926531,225,True,821.8612556371668,1,0.0
458348,2094,14.507427,210,False,1097.8970639117256,4,4.200000000000001
458740,2095,21.209449,225,True,729.177946154749,0,0.0
458784,2096,27.799978,225,True,960.799107176239,2,0.0
459184,2097,30.619134,225,True,1041.565349239582,4,0.0
459248,2098,21.64371,225,True,746.5483920782051,0,0.0
459640,2099,21.06075,225,True,723.2300185566594,0,0.0
459684,2100,28.945365,225,True,1006.6145838849382,2,0.0
460084,2101,27.092102,225,True,964.4840622000372,0,0.0
460148,2102,23.095585,225,True,788.6233852994867,1,0.0
460540,2103,21.51753,225,True,725.5012060335116,1,0.0
460584,2104,25.712149,225,True,909.2859722884718,0,0.0
460984,2105,27.736509,225,True,974.2603570076112,1,0.0
461048,2106,20.76097,225,True,711.238818948322,0,0.0
461440,2107,26.192063,225,True,947.6825382700385,0,0.8
461484,2108,24.421713,225,True,841.6685056028132,1,0.0
461884,2109,25.503055,225,True,852.9221901373132,3,0.0
461948,2110,30.301861,225,True,1012.8744415392596,5,0.0
462340,2111,23.584351,225,True,824.1740470583263,0,0.0
462384,2112,26.220325,225,True,881.6130139493773,3,0.0
462784,2113,25.983754,225,True,920.1501728531975,0,0.0
462848,2114,30.951969,225,True,1070.8787675200315,3,0.0
463240,2115,27.717137,225,True,957.4854972160672,2,0.0
463284,2116,22.073239,225,True,763.729560384935,0,0.0
463684,2117,24.642968,225,True,850.5187203453884,1,0.0
463748,2118,23.627759,225,True,825.9103487507016,0,0.0
464140,2119,24.125568,225,True,845.822718540312,0,0.0
464184,2120,21.346976,225,True,734.6790468044151,0,0.0
464584,2121,22.365546,225,True,775.4218442981928,0,0.0
464648,2122,24.601747,225,True,864.8698723541452,0,0.0
465040,2123,20.513522,225,True,701.3408842340489,0,0.0
465084,2124,25.043054,225,True,850.5221602140527,2,0.0
465484,2125,24.750537,225,True,870.8214813515956,0,0.0
465548,2126,25.498843,225,True,900.7537327982948,0,0.0
465940,2127,34.622838,225,True,1169.7135015520757,6,0.0
465984,2128,23.732968,225,True,830.1187315181237,0,0.0
466384,2129,28.37423,225,True,983.7691827701899,2,0.0
466448,2130,30.181633,225,True,1088.0653237100705,0,0.0
466840,2131,25.516491,225,True,869.4596322217874,2,0.0
466884,2132,25.812938,225,True,881.3175240029116,2,0.0
467284,2133,23.507756,225,True,821.1102232193341,0,0.0
467348,2134,23.864831,225,True,835.3932203883812,0,0.0
467740,2135,24.883997,225,True,860.1598838257435,1,0.0
467784,2136,28.924673,225,True,1005.7869251690472,2,0.0
468184,2137,29.044836,225,True,1042.593459844009,0,0.0
468248,2138,29.527262,225,True,997.8904638721133,4,0.0
468640,2139,23.532509,225,True,806.1003790114742,1,0.0
468684,2140,29.647249,225,True,1018.689977954589,3,0.0
469084,2141,27.772878,225,True,959.7151055983104,2,0.0
469148,2142,21.560498,225,True,743.2199096936235,0,0.0
469540,2143,30.571109,225,True,1087.6443474202006,1,0.0
469584,2144,29.686909,225,True,1052.2763659943912,1,0.0
469984,2145,24.400835,225,True,824.8333914662614,2,0.0
470048,2146,26.783693,225,True,872.1477063912655,5,0.0
470440,2147,21.87213,225,True,755.6851968460171,0,0.0
470484,2148,22.321359,225,True,773.6543654885136,0,0.0
470884,2149,26.843055,225,True,874.5221896959401,5,0.0
470948,2150,23.231302,225,True,810.0520949683932,0,0.0
471340,2151,25.036688,225,True,850.26752723088,2,0.0
471384,2152,27.127953,225,True,949.9181123085123,1,0.0
471784,2153,28.870408,225,True,1035.6163163656972,0,0.0
471848,2154,28.663037,225,True,995.3214894751661,2,0.0
472240,2155,32.509025,225,True,1085.1610045376715,6,0.0
472284,2156,29.68413,225,True,1052.1651811461406,1,0.0
472684,2157,32.921844,225,True,1101.673751667789,6,0.0
472748,2158,33.491724,225,True,1156.4689738728734,4,0.0
473140,2159,29.493055,225,True,1012.522184232512,3,0.0
473184,2160,24.50928,225,True,861.1711855669919,0,0.0
473584,2161,22.827732,225,True,777.9092667808002,1,0.0
473648,2162,25.494339,225,True,900.5735594062744,0,0.0
474040,2163,22.560643,225,True,783.2257070535322,0,0.0
474084,2164,22.168987,225,True,767.5594981024367,0,0.0
474484,2165,31.371402,225,True,1103.6560909218138,2,0.0
474548,2166,31.594131,225,True,1096.565253734865,3,0.0
474940,2167,22.262055,225,True,771.2822137024882,0,0.0
474984,2168,29.707481,225,True,1037.0992383442463,2,0.0
475384,2169,24.554118,225,True,846.9647053537117,1,0.0
475448,2170,27.14055,225,True,966.4219893324157,0,0.0
475840,2171,25.623555,225,True,873.7421878500138,2,0.0
475884,2172,32.016896,225,True,1145.4758486383375,1,0.0
476284,2173,29.902286,225,True,996.8914592593089,5,0.0
476348,2174,24.822449,225,True,857.6979695199425,1,0.0
476740,2175,23.723254,225,True,797.7301526594763,2,0.0
476784,2176,32.534144,225,True,1070.1657543319252,7,0.0
477184,2177,23.253798,225,True,810.9519001713825,0,0.0
477248,2178,21.653684,225,True,746.9473542855796,0,0.0
477640,2179,26.065875,225,True,923.4349892936668,0,0.0
477684,2180,30.527145,225,True,1085.8858021148121,1,0.0
478084,2181,24.425136,225,True,857.8054277999593,0,0.0
478148,2182,22.569903,225,True,783.5961186288669,0,0.0
478540,2183,20.689141,225,True,708.3656295384712,0,0.0
478584,2184,28.264371,225,True,1011.3748321825008,0,0.0
478984,2185,26.379708,225,True,919.9883217204895,1,0.0
479048,2186,22.082771,225,True,764.1108438545004,0,0.0
479440,2187,22.355413,225,True,775.0165354236603,0,0.0
479484,2188,23.400733,225,True,816.8293012312708,0,0.0
479884,2189,30.134647,225,True,1086.1858729908768,0,0.0
479948,2190,29.855643,225,True,1059.0257259917485,1,0.0
480340,2191,29.185229,225,True,1048.209178977117,0,0.0
480384,2192,31.761773,225,True,1071.2709111981103,5,0.0
480784,2193,25.598768,225,True,872.7507169387109,2,0.0
480848,2194,29.271964,225,True,971.6785665447817,5,0.0
481240,2195,31.006286,225,True,1089.0514232862583,2,0.0
481284,2196,21.873475,225,True,755.7390133061122,0,0.0
481684,2197,24.043805,225,True,826.552218920433,1,0.0
481748,2198,21.972187,225,True,759.6874749729855,0,0.0
482140,2199,23.786865,225,True,832.2745981780874,0,0.0
482184,2200,34.121956,225,True,1181.6782577977797,4,0.0
482584,2201,24.095029,225,True,828.6011618487014,1,0.0
482648,2202,30.215033,225,True,1025.4013055766104,4,0.0
483040,2203,23.602243,225,True,824.8897356868374,0,0.0
483084,2204,26.722791,225,True,917.7116497704596,2,0.0
483484,2205,31.194288,225,True,1080.5715132383043,3,0.0
483548,2206,22.832618,225,True,794.1047114836265,0,0.0
483940,2207,26.357883,225,True,919.1153190429782,1,0.0
483984,2208,36.494351,225,True,1260.5740211485677,5,0.0
484384,2209,24.763874,225,True,855.3549766923045,1,0.0
484448,2210,24.852034,225,True,858.8813600526935,1,0.0
484840,2211,29.708982,225,True,1053.159282210083,1,0.0
484884,2212,32.253259,225,True,1166.1303589411473,3,1.7999999999999998
485284,2213,21.322884,225,True,733.7153497793643,0,0.0
485348,2214,22.652429,225,True,770.8971453463714,1,0.0
485740,2215,29.324131,225,True,1037.76524770894,1,0.0
485784,2216,32.042965,225,True,1066.5185815180535,6,0.0
486184,2217,27.816097,225,True,977.443868502457,1,0.0
486248,2218,31.053999,225,True,1122.9599737724598,0,0.0
486640,2219,22.684789,225,True,788.1915438100775,0,0.0
486684,2220,27.593286,225,True,952.5314518788423,2,0.0
487084,2221,34.554784,225,True,1166.9913686159443,6,0.0
487148,2222,30.05389,225,True,1002.9555957981138,5,0.0
487540,2223,21.665057,225,True,747.4022651508401,0,0.0
487584,2224,24.711345,225,True,869.2537877527493,0,0.0
487984,2225,21.691721,225,True,748.4688296096369,0,0.0
488048,2226,33.986317,225,True,1208.2526887413478,2,0.0
488440,2227,23.116065,225,True,789.4426194927244,1,0.0
488484,2228,27.062887,225,True,963.3154602331365,0,0.0
488884,2229,22.153212,225,True,766.928478940132,0,0.0
488948,2230,22.439773,225,True,778.3909270542802,0,0.0
489340,2231,31.378056,225,True,1044.722227826696,6,0.2
489384,2232,29.255928,225,True,1019.0371194604195,2,0.0
489784,2233,28.59646,225,True,992.6583900722801,2,0.0
489848,2234,22.650816,225,True,786.8326486630815,0,0.0
490240,2235,22.825783,225,True,793.8313287350295,0,0.0
490284,2236,32.265146,225,True,1107.4058480573399,4,0.0
490684,2237,22.037516,225,True,762.300626804077,0,0.0
490748,2238,35.583099,225,True,1208.1239754315757,6,0.0
491140,2239,26.216923,225,True,913.4769398421481,1,0.0
491184,2240,27.564529,225,True,967.3811562212695,1,0.0
491584,2241,28.555937,225,True,991.0374731710517,2,0.0
491648,2242,24.092537,225,True,844.5014700819195,0,0.0
492040,2243,22.844825,225,True,778.5929988318171,1,0.0
492084,2244,27.67649,225,True,939.8596176014607,3,0.0
492484,2245,24.348266,225,True,854.7306435358419,0,0.0
492548,2246,27.871477,225,True,1067.659067271351,6,7.0000000000000036
492940,2247,22.53016,225,True,782.0063934418627,0,0.0
492984,2248,23.734826,225,True,830.1930545858429,0,0.0
493384,2249,24.867437,225,True,827.4974737673608,3,0.0
493448,2250,27.733279,225,True,974.1311714909705,1,0.0
493840,2251,30.268926,225,True,1059.5570390412527,2,0.0
493884,2252,28.481678,225,True,1004.0671061837179,1,0.0
494284,2253,30.56394,225,True,1071.357590742702,2,0.0
494348,2254,29.403447,225,True,1008.9378998508735,3,0.0
494740,2255,21.657771,225,True,747.1108256918458,0,0.0
494784,2256,30.484489,225,True,1068.1795636748284,2,0.0
495184,2257,28.851904,225,True,954.8761693233539,5,0.0
495212,2258,10.321669,216,False,1037.666774995767,3,8.000000000000004
495640,2259,23.531694,225,True,806.067776572193,1,0.0
495684,2260,28.865624,225,True,1019.4249735423077,1,0.0
496084,2261,29.441723,225,True,1042.4689116638135,1,0.0
496112,2262,24.12307,225,True,879.3228047717491,0,1.4
496540,2263,27.318996,225,True,925.5598268021481,3,0.0
496584,2264,25.019459,225,True,881.5783506970829,0,0.0
496984,2265,29.935839,225,True,1027.0335760468326,5,1.2
497012,2266,23.466226,225,True,824.2490539614562,0,0.2
497440,2267,24.651953,225,True,834.8781084179798,2,0.0
497484,2268,24.681337,225,True,868.0534615918184,0,0.0
497884,2269,27.913128,225,True,933.3251005828217,4,0.0
497912,2270,23.339546,225,True,814.381830813983,0,0.0
498340,2271,20.984134,225,True,720.16536141133,0,0.0
498384,2272,25.793379,225,True,902.935172462478,1,0.0
498784,2273,29.26312,225,True,1035.3247853279818,1,0.0
498812,2274,27.284999,225,True,956.1999631680328,1,0.0
499240,2275,25.630627,225,True,890.025098217335,1,0.0
499284,2276,25.470722,225,True,899.6288915910766,0,0.0
499684,2277,21.37641,225,True,822.2563829621504,0,3.600000000000001
499712,2278,27.89787,225,True,932.7147820743482,4,0.0
500140,2279,32.128602,225,True,1149.944088265679,1,0.0
500184,2280,33.674257,225,True,1147.7702954467422,5,0.0
500584,2281,23.670238,225,True,827.6095324789483,0,0.0
500612,2282,21.631758,225,True,746.0703339725653,0,0.0
501040,2283,30.912834,225,True,1069.313375078109,3,0.0
501084,2284,28.035209,225,True,981.4083436787416,4,1.7999999999999998
501484,2285,27.592324,225,True,904.4929710988768,5,0.0
501512,2286,22.671338,225,True,787.6535363065141,0,0.0
501940,2287,27.834225,225,True,978.1690123609992,1,0.0
501984,2288,21.266527,225,True,731.4610665713474,0,0.0
502384,2289,27.506689,225,True,933.0675666029545,3,0.0
502412,2290,27.493223,225,True,980.5289365643157,0,0.0
502840,2291,26.43278,225,True,890.11121222364,3,0.0
502884,2292,22.930485,225,True,798.0193863069371,0,0.0
503284,2293,27.828605,225,True,993.9441992292357,0,0.0
503312,2294,27.157046,225,True,919.0818567655035,3,0.0
503740,2295,24.766618,225,True,855.4647049195833,1,0.0
503784,2296,28.649239,225,True,978.7695619330666,3,0.0
504184,2297,27.253001,225,True,906.9200404136732,4,0.0
504212,2298,22.89837,225,True,796.7348011836566,0,0.0
504640,2299,29.579895,225,True,1047.995794866407,1,0.0
504684,2300,29.188468,225,True,968.3387386031193,5,0.0
505084,2301,26.419498,225,True,937.5799279421622,0,0.0
505112,2302,26.657498,225,True,899.09992762723,3,0.0
505540,2303,33.423949,225,True,1214.5579528225085,2,1.2
505584,2304,35.71594,225,True,1197.4375819000284,7,0.0
505984,2305,24.986416,225,True,880.2566385632733,0,0.0
506012,2306,25.193608,225,True,856.5443213572833,2,0.0
506440,2307,27.915263,225,True,981.4105032119769,1,0.0
506484,2308,31.873099,225,True,1091.7239753428908,4,0.0
506884,2309,32.505392,225,True,1117.0156761822623,4,0.0
506912,2310,34.483049,225,True,1196.1219567721364,4,0.0
507340,2311,33.953888,225,True,1190.9555167753601,3,0.0
507384,2312,21.686137,225,True,732.2454770912032,1,0.0
507784,2313,24.209189,225,True,849.1675580801384,0,0.0
507812,2314,20.521961,225,True,701.6784230365347,0,0.0
508240,2315,29.078646,225,True,1043.9458351309775,0,0.0
508284,2316,20.341155,225,True,694.4462179558202,0,0.0
508684,2317,32.378949,225,True,1127.9579780536978,3,0.0
508712,2318,28.335925,225,True,998.2369861033876,1,0.0
509140,2319,34.536489,225,True,1198.2595672557577,4,0.0
509184,2320,22.662231,225,True,771.2892587987196,1,0.0
509584,2321,29.607196,225,True,1049.0878360443348,1,0.0
509612,2322,28.160337,225,True,975.2134805748926,2,0.0
510040,2323,27.243291,225,True,970.5316307204062,0,0.0
510084,2324,21.070923,225,True,723.6369079875346,0,0.0
510484,2325,24.233309,225,True,850.1323795246794,0,0.0
510512,2326,25.491015,225,True,884.4406004187238,1,0.0
510940,2327,23.713379,225,True,829.3351528439953,0,0.0
510984,2328,26.32702,225,True,885.8808042383641,3,0.0
511384,2329,25.936738,225,True,923.0695103076835,0,0.2
511412,2330,27.036195,225,True,962.2477804823579,0,0.0
511840,2331,23.589173,225,True,824.3669195375196,0,0.0
511884,2332,26.415205,225,True,931.0081937547461,1,0.4
512284,2333,22.82302,225,True,761.7207824156333,2,0.0
512312,2334,27.687877,225,True,956.3150735736381,2,0.0
512740,2335,25.558241,225,True,903.1296309643242,0,0.0
512784,2336,28.239117,225,True,994.3646637005702,1,0.0
513184,2337,24.966353,225,True,932.2541211565358,0,2.1999999999999997
513212,2338,36.689489,225,True,1252.3795644261768,6,0.0
513640,2339,22.858796,225,True,795.1518375732951,0,0.0
513684,2340,31.272851,225,True,1149.3140484546948,1,1.4
514084,2341,32.88321,225,True,1148.1283968490939,3,0.0
514112,2342,21.185745,225,True,734.6298153510115,0,0.0
514540,2343,37.063806,225,True,1251.3522457615095,7,0.0
514584,2344,24.029108,225,True,841.964304046154,0,0.0
514984,2345,22.717039,225,True,842.2815732648507,0,2.1999999999999997
515012,2346,30.823065,225,True,1001.7226113291908,7,0.0
515440,2347,25.773054,225,True,878.1221475496441,6,2.6
515484,2348,22.905696,225,True,797.0278394637944,0,0.0
515884,2349,30.7417,225,True,1078.46798565496,2,0.0
515912,2350,26.086536,225,True,943.4614488928639,0,0.8
516340,2351,20.823044,225,True,742.5217512848155,0,1.2
516384,2352,35.50658,225,True,1189.0632110956453,7,0.0
516784,2353,23.789404,225,True,832.376160395726,0,0.0
516812,2354,26.463131,225,True,891.3252341430214,3,0.0
517240,2355,29.822861,225,True,1025.7144552184795,3,0.0
517284,2356,26.688239,225,True,948.3295651910003,0,0.0
517304,2357,-10.777766,16,False,49.689376526495835,0,0.0
517684,2358,23.04229,225,True,802.4916186514231,0,0.0
517712,2359,28.648934,225,True,1010.7573573976258,1,0.0
518184,2360,26.52299,225,True,941.7196105426235,0,0.0
518204,2361,31.54128,225,True,1078.4511933319054,4,0.0
518584,2362,24.366659,225,True,903.4663600824017,0,1.9999999999999998
518612,2363,26.283342,225,True,932.1336720060851,0,0.0
519072,2364,14.395129,222,False,1063.005146244327,2,1.5999999999999999
519104,2365,22.512958,225,True,765.3183074078227,1,0.0
519484,2366,27.246277,225,True,922.6510790426005,3,0.0
519512,2367,21.955523,225,True,759.0209151115696,0,0.0
519972,2368,24.962166,225,True,863.2866275765016,1,0.0
520004,2369,21.091894,225,True,724.4757611307891,0,0.0
520384,2370,23.013199,225,True,801.3279661612762,0,0.0
520412,2371,31.010384,225,True,1073.2153636110024,3,0.0
520872,2372,26.062561,225,True,923.3024211804482,0,0.0
520904,2373,28.823055,225,True,953.7221897129127,5,0.0
521284,2374,26.593159,225,True,944.5263474692347,0,0.0
521312,2375,35.234073,225,True,1226.1629205569561,4,0.0
521772,2376,23.165322,225,True,807.4128734703011,0,0.0
521804,2377,25.156386,225,True,871.0554568406981,1,0.0
522184,2378,26.369291,225,True,919.5716436362698,1,0.0
522212,2379,22.554259,225,True,766.9703435248462,1,0.0
522672,2380,24.622972,225,True,833.7188689176396,2,0.0
522704,2381,28.643943,225,True,994.5577235175087,2,0.0
523084,2382,21.432566,225,True,738.102654412146,0,0.0
523112,2383,27.80296,225,True,960.9184001688266,2,0.0
523572,2384,23.492762,225,True,820.5104675353709,0,0.0
523604,2385,24.563053,225,True,847.3221389539312,1,0.0
523984,2386,31.864242,225,True,1107.3696650636489,3,0.0
524012,2387,24.79801,225,True,872.7203816714293,0,0.0
524472,2388,25.683806,225,True,908.1522551270427,0,0.0
524504,2389,23.881246,225,True,836.0498243538827,0,0.0
524884,2390,29.262815,225,True,1035.3125935007254,1,0.0
524912,2391,25.179434,225,True,887.9773408594849,0,0.0
525372,2392,26.554354,225,True,910.9741434610285,2,0.0
525404,2393,34.926851,225,True,1229.8740278068544,3,0.0
525784,2394,24.334368,225,True,854.1747318148421,0,0.0
525812,2395,30.813212,225,True,1065.3284601002733,3,0.0
526272,2396,21.343842,225,True,734.5536775923267,0,0.0
526304,2397,24.626073,225,True,865.8429069433569,0,0.0
526684,2398,24.815073,225,True,873.4029072596948,0,0.0
526712,2399,26.714135,225,True,885.3654086277027,4,0.0
527172,2400,32.282822,225,True,1060.112894734074,7,0.0
527204,2401,27.600422,225,True,952.8168738670727,2,0.0
527584,2402,34.753022,225,True,1206.9208632368377,4,0.0
527612,2403,25.287467,225,True,860.2986961283862,2,0.0
528072,2404,30.059854,225,True,1051.1941726486489,2,0.0
528104,2405,22.412214,225,True,777.2885415970522,0,0.0
528484,2406,22.291281,225,True,772.4512479651376,0,0.0
528512,2407,35.074219,225,True,1219.7687569715831,4,0.0
528972,2408,28.039486,225,True,970.3794289494949,2,0.0
529004,2409,26.51895,225,True,925.5579970152085,1,0.0
529384,2410,28.397414,225,True,968.6965768736252,3,0.0
529412,2411,25.40855,225,True,897.1420167805202,0,0.0
529872,2412,27.844553,225,True,978.5821146872099,1,0.0
529904,2413,28.42414,225,True,1020.965584124423,1,0.8
530284,2414,26.774658,225,True,935.7863018166183,1,0.0
530312,2415,24.037899,225,True,826.3159421962541,1,0.0
530772,2416,24.243286,225,True,850.5314398509333,0,0.0
530804,2417,27.593209,225,True,952.5283693060803,2,0.0
531184,2418,22.448502,225,True,762.7400810151187,1,0.0
531212,2419,29.388462,225,True,1024.3384695800091,2,0.0
531672,2420,28.382274,225,True,1016.0909450422732,0,0.0
531704,2421,22.103601,225,True,748.9440206485317,1,0.0
532084,2422,24.113696,225,True,797.3478300861082,3,0.0
532112,2423,27.181097,225,True,968.0438735710757,0,0.0
532572,2424,20.596668,225,True,711.0667393072897,0,0.0
532604,2425,26.955691,225,True,927.0276308148359,2,0.0
532984,2426,24.139092,225,True,846.3636911982749,0,0.0
533012,2427,22.422797,225,True,766.511879555962,1,0.2
533472,2428,24.511325,225,True,861.2530121568245,0,0.0
533504,2429,23.729924,225,True,829.9969472172822,0,0.0
533884,2430,32.418686,225,True,1129.5474585465713,3,0.0
533912,2431,26.407365,225,True,921.0946009080506,1,0.0
534372,2432,32.313902,225,True,1125.356069935866,3,0.0
534404,2433,38.163065,225,True,1311.3226114764466,6,0.0
534784,2434,31.272867,225,True,1115.714666942933,1,0.0
534812,2435,28.311939,225,True,981.2775639221002,2,0.0
535272,2436,36.577658,225,True,1263.9063029887989,5,0.0
535304,2437,25.1238,225,True,869.7520079183987,1,0.0
535684,2438,23.049582,225,True,802.7832667474888,0,0.0
535712,2439,28.953773,225,True,1038.950938184924,0,0.0
536172,2440,26.052771,225,True,906.9108328878917,1,0.0
536204,2441,25.37877,225,True,847.9507818921154,3,0.0
536584,2442,30.83973,225,True,1018.389190630983,6,0.0
536612,2443,27.431455,225,True,978.0582196661912,0,0.0
537072,2444,23.822075,225,True,876.8829949273681,0,1.7999999999999998
537104,2445,34.294444,225,True,1204.577741244117,3,0.0
537484,2446,27.851453,225,True,988.4581178716794,1,0.4
537512,2447,34.09404,225,True,1146.9615919593361,7,0.6000000000000001
537972,2448,33.816647,225,True,1185.4658637171187,3,0.0
538004,2449,22.229688,225,True,776.3875171226377,0,0.0
538384,2450,33.569392,225,True,1127.5756759061824,6,0.0
538412,2451,26.213675,225,True,897.3469893646984,2,0.0
538872,2452,35.273065,225,True,1211.7226113284669,5,0.0
538904,2453,20.79598,225,True,712.6392137426496,0,0.0
539284,2454,23.267983,225,True,827.5193192276076,0,0.4
539312,2455,22.719146,225,True,773.5658456426963,1,0.0
539772,2456,27.146152,225,True,1033.8460827904696,0,2.8000000000000003
539804,2457,28.40605,225,True,969.042007633743,3,0.0
540072,2458,9.583152,190,False,836.9260690558253,5,2.1999999999999997
540184,2459,26.063449,225,True,948.9379582916442,2,2.4
540672,2460,24.872022,225,True,875.6808726046661,0,0.0
540704,2461,29.401631,225,True,1040.8652563361388,4,1.9999999999999998
540972,2462,22.905452,225,True,797.0180860409475,0,0.0
541084,2463,24.50034,225,True,844.8135999653091,1,0.0
541572,2464,21.441785,225,True,738.4713833043456,0,0.0
541604,2465,19.998088,225,False,1261.5235218076614,6,3.2000000000000006
541872,2466,32.692839,225,True,1092.5135690746997,6,0.0
541984,2467,24.613071,225,True,849.3228489394846,1,0.0
542472,2468,37.966995,225,True,1297.0798095416094,7,0.4
542504,2469,23.165448,225,True,807.4179239708983,0,0.0
542772,2470,23.688974,225,True,828.3589753472581,0,0.0
542884,2471,20.038882,225,True,682.3552897418967,0,0.0
543372,2472,25.167302,225,True,887.4920837525297,0,0.0
543404,2473,20.159389,225,True,687.1755534177032,0,0.0
543672,2474,32.783005,225,True,1112.120183322967,5,0.0
543784,2475,26.473381,225,True,923.7352255013323,1,0.0
544272,2476,25.210109,225,True,873.2043514466259,1,0.0
544304,2477,33.358487,225,True,1151.1394958526444,4,0.0
544572,2478,25.264181,225,True,891.3672287181803,0,0.0
544684,2479,27.427852,225,True,977.9140720000685,0,0.0
545172,2480,22.783209,225,True,792.1283684914342,0,0.0
545204,2481,29.267929,225,True,971.5171577820306,5,0.0
545472,2482,31.888208,225,True,1108.3283170327904,3,0.0
545584,2483,25.523541,225,True,901.7416206497294,0,0.0
546072,2484,29.851681,225,True,1042.867233616174,2,0.0
546104,2485,22.185207,225,True,768.2082651806872,0,0.0
546372,2486,27.913177,225,True,981.3270985574413,1,0.0
546484,2487,26.722358,225,True,933.6943175827969,1,0.0
546972,2488,24.339226,225,True,838.3690320025305,1,0.0
547004,2489,31.9614,225,True,1095.2559926326035,4,0.0
547272,2490,29.643274,225,True,1050.5309550017287,1,0.0
547384,2491,28.110482,225,True,984.4192752963622,2,0.2
547872,2492,25.722929,225,True,893.7171513928258,1,0.0
547904,2493,25.938283,225,True,918.3313119115542,0,0.0
548172,2494,23.36297,225,True,815.3187903339415,0,0.0
548284,2495,22.561129,225,True,783.2451610395765,0,0.0
548772,2496,24.088835,225,True,844.3533971254628,0,0.0
548804,2497,31.1917,225,True,1096.4679924109796,2,0.0
549072,2498,26.101352,225,True,924.8540667126131,0,0.0
549184,2499,29.853066,225,True,1026.9226596742271,3,0.0
549672,2500,29.642977,225,True,1018.5190698351232,3,0.0
549704,2501,24.489548,225,True,844.3819182212446,1,0.0
549972,2502,24.759298,225,True,871.171913742596,0,0.0
550084,2503,21.498244,225,True,724.7297585428603,1,0.0
550572,2504,27.606734,225,True,985.0693724318915,0,0.0
550604,2505,22.392402,225,True,776.4960621423661,0,0.0
550872,2506,25.677993,225,True,891.9197058380657,1,0.0
550984,2507,26.747243,225,True,918.6897292085191,2,0.0
551472,2508,31.426023,225,True,1105.8409041636132,2,0.0
551504,2509,31.628971,225,True,1065.9588518100018,5,0.0
551772,2510,34.526144,225,True,1165.8457466624586,6,0.0
551884,2511,28.42035,225,True,1001.6140039631371,1,0.0
552372,2512,29.061633,225,True,963.2653384011876,5,0.0
552404,2513,30.025941,225,True,1049.837657232968,2,0.0
552672,2514,21.420132,225,True,744.0052855393037,0,0.0
552784,2515,27.736733,225,True,990.2693251496617,0,0.0
553272,2516,28.623155,225,True,977.7261810481186,3,0.0
553304,2517,22.847015,225,True,794.6806171523067,0,0.0
553572,2518,29.563283,225,True,1047.3313256438007,1,0.0
553684,2519,24.408805,225,True,809.1522075321566,3,0.0
554172,2520,28.255018,225,True,979.00073269208,2,0.0
554204,2521,24.407581,225,True,857.103253660905,0,0.0
554472,2522,22.376797,225,True,775.8718920490162,0,0.0
554584,2523,24.58827,225,True,864.3307812992157,0,0.0
555072,2524,24.353654,225,True,838.946154321703,1,0.0
555104,2525,34.002826,225,True,1128.9130403049367,7,0.0
555372,2526,35.182784,225,True,1208.1113562292135,5,0.0
555484,2527,32.992646,225,True,1136.5058390679355,4,0.0
555972,2528,28.792811,225,True,968.5124383793461,4,0.0
556004,2529,23.504454,225,True,820.97817215697,0,0.0
556272,2530,26.152698,225,True,894.9079091101,2,0.0
556384,2531,31.412772,225,True,1089.3108878158732,3,0.0
556872,2532,28.845834,225,True,1018.6333463311068,1,0.0
556904,2533,20.519201,225,True,701.5680241448929,0,0.0
557172,2534,25.592873,225,True,904.5149377648511,0,0.0
557284,2535,33.743306,225,True,1166.5322220738358,4,0.0
557772,2536,24.402772,225,True,840.9108932641207,1,0.0
557804,2537,24.984736,225,True,864.1894475019237,1,0.0
558072,2538,20.456088,225,True,699.0435362076826,0,0.0
558184,2539,24.363775,225,True,855.3509857771974,0,0.0
558672,2540,21.868717,225,True,755.5486971054681,0,0.0
558704,2541,23.776645,225,True,831.8658009256926,0,0.0
558972,2542,31.49213,225,True,1108.4851919371135,2,0.0
559084,2543,30.573804,225,True,1055.7521519817856,3,0.0
559572,2544,23.898255,225,True,836.7301850947176,0,0.0
559604,2545,23.063436,225,True,803.3374438769195,0,0.0
559872,2546,24.437318,225,True,858.2927241326552,0,0.0
559984,2547,27.440612,225,True,978.4244874071999,0,0.0
560472,2548,23.246046,225,True,794.6418322252907,1,0.0
560504,2549,26.855392,225,True,955.0156957375593,0,0.0
560772,2550,24.896615,225,True,876.6645997662938,0,0.0
560884,2551,26.613098,225,True,897.3239147201484,3,0.0
561372,2552,26.650123,225,True,930.8049233850288,1,0.0
561404,2553,30.804005,225,True,1080.9602006475006,2,0.0
561672,2554,32.722292,225,True,1061.691669012439,8,0.0
561784,2555,25.10375,225,True,852.9499909812664,2,0.0
562272,2556,26.714826,225,True,949.3930230136273,0,0.0
562304,2557,24.966184,225,True,879.4473570139291,0,0.0
562572,2558,21.054057,225,True,722.9622934628901,0,0.0
562684,2559,30.339817,225,True,1062.3926836652104,2,0.0
563172,2560,23.856787,225,True,835.0714860262042,0,0.0
563204,2561,29.790467,225,True,1024.4186686362505,3,0.0
563472,2562,26.308255,225,True,933.1302020247842,0,0.0
563584,2563,31.296513,225,True,1052.6605261440245,5,0.0
564072,2564,26.889506,225,True,940.380235982273,1,0.0
564104,2565,27.841683,225,True,978.4673078509779,1,0.0
564372,2566,21.927359,225,True,757.8943648127988,0,0.0
564484,2567,23.088432,225,True,810.7372744904985,0,0.0
564972,2568,23.878098,225,True,835.923929106294,0,0.0
565004,2569,27.411923,225,True,1094.0769159583165,2,6.200000000000003
565272,2570,24.909207,225,True,877.1682641461518,0,0.0
565384,2571,26.344899,225,True,886.5959787876918,3,0.0
565872,2572,31.382784,225,True,1040.1113777034518,6,0.0
565904,2573,21.937437,225,True,871.8974642188614,1,5.400000000000002
566172,2574,20.87588,225,True,715.835181832201,0,0.0
566284,2575,25.063028,225,True,867.3211200563335,1,0.0
566772,2576,20.99464,225,True,720.5856036633711,0,0.0
566804,2577,33.275558,225,True,1131.822319325655,5,0.0
567072,2578,33.289832,225,True,1180.3932935999287,2,0.0
567184,2579,32.135807,225,True,1118.2322710769654,3,0.0
567672,2580,24.190375,225,True,848.4150078005398,0,0.0
567704,2581,26.571091,225,True,950.0436502117689,0,0.0
567744,2582,-10.712605,18,False,52.295814899917104,0,0.0
567972,2583,24.473509,225,True,827.7403544264062,2,0.0
568084,2584,21.207553,225,True,729.102101486119,0,0.0
568604,2585,30.681927,225,True,1076.0770743914263,2,0.0
568644,2586,29.308795,225,True,989.1518105535217,4,0.0
568872,2587,21.299179,225,True,732.7671441859391,0,0.0
568984,2588,23.730116,225,True,830.0046270860764,0,0.0
569504,2589,29.23473,225,True,1002.1892063262965,3,0.0
569544,2590,28.343512,225,True,982.540480055402,2,0.0
569772,2591,27.739372,225,True,958.3748732905099,2,0.0
569884,2592,32.922861,225,True,1133.7144527904688,4,0.0
570404,2593,29.855843,225,True,1043.0337362938196,2,0.0
570444,2594,27.08827,225,True,948.330794408238,1,0.0
570672,2595,25.225038,225,True,889.8015197706693,0,0.0
570784,2596,28.079718,225,True,955.9887066821398,3,0.0
571144,2597,7.757923,185,False,816.7169344501262,2,2.4
571344,2598,32.353056,225,True,1158.922230508907,1,0.0
571572,2599,22.607574,225,True,785.1029468184913,0,0.0
571684,2600,22.863895,225,True,795.3557959954255,0,0.0
572044,2601,26.412008,225,True,921.2803348967473,1,0.0
572244,2602,31.723056,225,True,1085.7222502970444,4,0.0
572472,2603,20.552913,225,True,702.9165092363255,0,0.0
572584,2604,32.29177,225,True,1060.4708091116077,7,0.0
572944,2605,25.21558,225,True,873.4231982501656,1,0.0
573144,2606,30.601949,225,True,1056.8779517626203,3,0.0
573372,2607,24.23547,225,True,850.218816599707,0,0.0
573484,2608,26.336479,225,True,934.2591465545286,0,0.0
573844,2609,29.62372,225,True,1017.7488048134226,3,0.0
574044,2610,23.423863,225,True,817.7545224387095,0,0.0
574272,2611,28.379397,225,True,1004.775885081029,1,0.2
574384,2612,19.922123,225,True,677.6849147978737,0,0.0
574744,2613,28.662588,225,True,1011.3035204744097,1,0.0
574944,2614,20.12799,225,True,685.9195896379144,0,0.0
575172,2615,24.87623,225,True,875.8492107947045,0,0.0
575284,2616,33.138732,225,True,1126.3492782518865,5,0.0
575644,2617,24.015583,225,True,809.4233106771446,2,0.0
575844,2618,32.963806,225,True,1167.3522310084059,2,0.0
576072,2619,24.639235,225,True,850.3693989891619,1,0.0
576184,2620,23.543142,225,True,790.5256743764417,2,0.0
576544,2621,33.140267,225,True,1142.4106805845136,4,0.0
576744,2622,21.208298,225,True,729.1319015033603,0,0.0
576972,2623,27.410808,225,True,961.2323272459803,1,0.0
577084,2624,24.551892,225,True,846.875663402793,1,0.0
577444,2625,20.802339,225,True,712.893555098342,0,0.0
577644,2626,30.426225,225,True,1001.8490186237561,6,0.0
577872,2627,22.511915,225,True,765.2765953726107,1,0.0
577984,2628,22.808558,225,True,777.1423058860225,1,0.0
578344,2629,20.955125,225,True,719.00501205926,0,0.0
578544,2630,25.758318,225,True,911.1327375324981,0,0.0
578772,2631,26.263168,225,True,899.3267366279129,2,0.0
578884,2632,25.275817,225,True,875.8326818955818,1,0.0
579244,2633,31.999247,225,True,1112.769863845895,3,0.0
579444,2634,21.629602,225,True,745.9840900798094,0,0.0
579672,2635,24.559463,225,True,863.178523117931,0,0.0
579784,2636,25.747105,225,True,910.6842097341923,0,0.0
580144,2637,28.974248,225,True,1007.769931268849,2,0.0
580344,2638,28.611208,225,True,1009.248303175174,1,0.0
580572,2639,26.742733,225,True,950.5093345300891,0,0.0
580684,2640,23.801022,225,True,816.8408762215627,1,0.0
581044,2641,28.41551,225,True,969.4203931478444,3,0.0
581244,2642,23.562899,225,True,823.3159767895672,0,0.0
581472,2643,23.323121,225,True,813.7248224748728,0,0.0
581584,2644,24.229967,225,True,817.9986781981722,2,0.0
581944,2645,25.859644,225,True,915.1857527772565,0,0.0
582144,2646,24.150174,225,True,846.8069499981204,0,0.0
582372,2647,26.49113,225,True,940.4452120553033,0,0.0
582484,2648,32.54495,225,True,1134.5980142485396,3,0.0
582844,2649,22.492278,225,True,780.491120019818,0,0.0
583044,2650,24.036496,225,True,842.2598206712432,0,0.0
583272,2651,32.223517,225,True,1121.7406938593022,3,0.0
583384,2652,25.410485,225,True,897.2193842623028,0,0.0
583744,2653,25.263712,225,True,891.3484864154368,0,0.0
583944,2654,33.8938,225,True,1156.551989891921,5,0.0
584172,2655,27.557347,225,True,903.0938691691658,5,0.0
584284,2656,23.340114,225,True,814.4045591508707,0,0.0
584644,2657,32.482809,225,True,1052.112371470666,8,0.0
584844,2658,23.83653,225,True,802.2612111249734,2,0.0
585072,2659,30.184102,225,True,1040.1640843221537,3,0.0
585184,2660,34.740458,225,True,1142.4183135591056,8,0.0
585544,2661,26.152859,225,True,894.9143445760055,2,0.0
585744,2662,24.7002,225,True,820.8080163225541,3,0.0
585972,2663,34.659252,225,True,1219.1700964524716,3,0.0
586084,2664,20.960473,225,True,719.2189273769372,0,0.0
586444,2665,33.782158,225,True,1136.0863276155378,6,0.0
586644,2666,24.759131,225,True,871.1652281767253,0,0.0
586872,2667,25.541926,225,True,838.4770418281412,4,0.0
586984,2668,33.201678,225,True,1128.8671395416472,5,0.0
587344,2669,27.422758,225,True,929.7103158954467,3,0.0
587544,2670,26.861791,225,True,955.2716414405061,0,0.0
587772,2671,26.504706,225,True,924.9882239619928,1,0.0
587884,2672,31.392488,225,True,1104.4995156446325,2,0.0
588244,2673,25.794461,225,True,912.5784227015688,0,0.0
588444,2674,20.968152,225,True,719.526080220897,0,0.0
588672,2675,23.669588,225,True,827.5835071448103,0,0.0
588784,2676,22.923211,225,True,797.7284543692169,0,0.0
589144,2677,24.049716,225,True,810.7886223890796,2,0.0
589344,2678,23.579793,225,True,823.9917099391237,0,0.0
589572,2679,26.161342,225,True,927.2536649955002,0,0.0
589684,2680,30.050495,225,True,1050.8198185408773,2,0.0
590044,2681,24.390054,225,True,856.4021607829911,0,0.0
590244,2682,24.520468,225,True,845.6187097239456,1,0.0
590472,2683,27.390262,225,True,928.4104890905812,3,0.0
590584,2684,31.564991,225,True,1079.3996269463796,4,0.0
590944,2685,22.288543,225,True,756.3417128373283,1,0.0
591144,2686,29.635343,225,True,1034.2137351169065,2,0.0
591372,2687,21.895725,225,True,756.6290051846188,0,0.0
591484,2688,22.863088,225,True,795.3235242578762,0,0.0
591844,2689,32.568639,225,True,1103.5455441527556,5,0.0
592044,2690,31.26218,225,True,1067.287196699709,4,0.0
592272,2691,23.992972,225,True,808.5188788468199,2,0.0
592384,2692,30.002857,225,True,1064.9142724398594,1,0.0
592744,2693,25.288614,225,True,876.3445620957125,1,0.0
592944,2694,32.00728,225,True,1113.0912104649015,3,0.0
593172,2695,33.971321,225,True,1175.6528383330433,4,0.0
593284,2696,29.862849,225,True,1059.3139549311904,1,0.0
593644,2697,32.741985,225,True,1256.0793881768482,4,5.400000000000002
593844,2698,30.618193,225,True,1073.527722617328,2,0.0
594072,2699,20.358218,225,True,695.1287358634768,0,0.0
594184,2700,24.111932,225,True,829.2772730037818,1,0.0
594544,2701,25.938294,225,True,902.3317799082558,1,0.0
594744,2702,21.97624,225,True,759.8495959037764,0,0.0
594972,2703,20.516196,225,True,707.8478517046669,0,0.0
595084,2704,24.042999,225,True,826.5199716804798,1,0.0
595444,2705,28.874645,225,True,939.7858156786983,6,0.0
595644,2706,24.119279,225,True,829.5711561219341,1,0.0
595872,2707,27.191709,225,True,904.4683656617426,4,0.0
595984,2708,22.459903,225,True,779.1961093185696,0,0.0
596344,2709,26.421268,225,True,937.6507271159207,0,0.0
596544,2710,22.079922,225,True,763.9968823681099,0,0.0
596772,2711,29.380471,225,True,1040.0188336955316,1,0.0
596884,2712,28.86952,225,True,1003.5807805072434,2,0.0
597244,2713,26.355643,225,True,919.0257312559409,1,0.0
597444,2714,26.10694,225,True,925.077596820405,0,0.0
597672,2715,25.448499,225,True,882.7399732121876,1,0.0
597784,2716,25.811687,225,True,881.2674890926753,2,0.0
598144,2717,24.048607,225,True,842.744272734687,0,0.0
598344,2718,24.222762,225,True,833.7104805989491,1,0.0
598572,2719,29.532592,225,True,1014.1036886427737,3,0.0
598684,2720,35.972967,225,True,1271.718697997414,3,0.0
599044,2721,27.75989,225,True,943.1956165951394,3,0.0
599244,2722,25.957674,225,True,919.1069469772012,0,0.0
599472,2723,27.22152,225,True,960.0608051169629,1,0.0
599584,2724,30.342384,225,True,1078.49537451467,1,0.0
599944,2725,29.8617,225,True,1075.2680056642516,0,0.0
600144,2726,25.991026,225,True,904.4410386289178,1,0.0
600372,2727,25.889553,225,True,916.3821060123153,0,0.0
600484,2728,19.494076,225,True,660.5630476339238,0,0.0
600844,2729,28.25819,225,True,963.1275988418934,3,0.0
601044,2730,20.157079,225,True,687.0831759086966,0,0.0
601272,2731,23.941626,225,True,838.4650301655342,0,0.0
601384,2732,28.972772,225,True,1007.7108913813211,2,0.0
601744,2733,29.732952,225,True,1022.1180736529316,3,0.0
601944,2734,29.940256,225,True,1062.4102370362089,1,0.0
602172,2735,22.422763,225,True,761.7105026386046,1,0.0
602284,2736,26.323047,225,True,869.7218785385953,4,0.0
602644,2737,25.737192,225,True,910.2876758427929,0,0.0
602844,2738,24.162542,225,True,831.3016687655604,1,0.0
603072,2739,31.246449,225,True,1100.2579556565502,2,0.0
603184,2740,29.944694,225,True,1046.5877605303128,2,0.0
603544,2741,22.377849,225,True,775.9139594344454,0,0.0
603744,2742,25.824448,225,True,865.7779260912021,3,0.0
603972,2743,26.791949,225,True,952.4779546951429,0,0.0
604084,2744,27.081924,225,True,932.0769603908,2,0.0
604444,2745,25.683256,225,True,860.1302211448674,3,0.0
604644,2746,35.642838,225,True,1210.5135033500724,6,0.0
604864,2747,13.753395,195,False,1008.5358115718145,5,2.4
604872,2748,23.158795,225,True,807.1518094045414,0,0.0
605344,2749,25.695994,225,True,876.639752345772,2,0.0
605544,2750,23.318402,225,True,797.5360792954486,1,0.0
605764,2751,30.271512,225,True,1043.6604843437108,3,0.0
605772,2752,31.173211,225,True,1079.728444720086,3,0.0
606244,2753,33.435941,225,True,1138.2376296747298,5,0.0
606444,2754,26.933072,225,True,926.1228726458635,2,0.0
606664,2755,23.590602,225,True,824.4240722150128,0,0.0
606672,2756,29.923714,225,True,1013.7485437574246,4,0.0
607144,2757,28.318025,225,True,981.5210111707804,2,0.0
607344,2758,28.973696,225,True,1023.7478218821232,1,0.0
607564,2759,21.659756,225,True,747.1902306140657,0,0.0
607572,2760,30.70304,225,True,1044.9216091526866,4,0.0
608044,2761,27.894978,225,True,980.5991311067176,1,0.0
608244,2762,23.713702,225,True,813.3480787691383,1,0.0
608464,2763,26.695867,225,True,948.6346901106945,0,0.0
608472,2764,27.969159,225,True,1013.9663690012442,0,0.6000000000000001
608944,2765,23.249497,225,True,810.7798741736867,0,0.0
609144,2766,29.097105,225,True,1028.684216160783,1,0.0
609364,2767,29.876521,225,True,1011.8608396367138,4,0.0
609372,2768,30.382803,225,True,1064.112120087349,2,0.0
609844,2769,26.209357,225,True,897.1742954137612,2,0.0
610044,2770,22.104415,225,True,764.9766003790476,0,0.0
610264,2771,23.041969,225,True,802.4787757614683,0,0.0
610272,2772,20.337365,225,True,694.29458792951,0,0.0
610744,2773,23.715794,225,True,797.4317484415865,2,0.0
610944,2774,28.891422,225,True,1004.4568603717769,2,0.0
611164,2775,23.087678,225,True,865.1071318746494,1,3.2000000000000006
611172,2776,28.020162,225,True,969.6064913002492,2,0.0
611644,2777,32.721334,225,True,1125.6533538481644,4,0.0
611844,2778,24.232738,225,True,818.1095312082889,2,0.0
612064,2779,26.063816,225,True,923.3526425685711,0,0.0
612072,2780,25.98283,225,True,920.1132016472325,0,0.0
612544,2781,20.405281,225,True,697.0112546939529,0,0.0
612744,2782,26.846289,225,True,890.6515617661139,4,0.0
612964,2783,25.352779,225,True,846.911167004876,3,0.0
612972,2784,22.228696,225,True,769.947821914461,0,0.0
613444,2785,32.235167,225,True,1106.2066967523251,4,0.0
613644,2786,26.801972,225,True,888.8788757930081,4,0.0
613864,2787,21.151777,225,True,726.8710930325867,0,0.0
613872,2788,24.467081,225,True,827.4832575140135,2,0.0
614344,2789,28.050573,225,True,938.8229100317067,4,0.0
614544,2790,22.836891,225,True,778.2756536943502,1,0.0
614764,2791,30.682786,225,True,1028.111435720738,5,0.0
614772,2792,26.545999,225,True,926.6399544941294,1,0.0
615244,2793,19.945896,225,True,678.6358233487792,0,0.0
615444,2794,28.322076,225,True,1013.6830334748306,0,0.0
615664,2795,25.382755,225,True,896.1102151347911,0,0.0
615672,2796,22.065729,225,True,763.4291587803555,0,0.0
616144,2797,30.568486,225,True,1055.5394533402755,3,0.0
616344,2798,28.93649,225,True,1022.2595965951823,1,0.0
616564,2799,23.107186,225,True,805.0874304501888,0,0.0
616572,2800,25.122781,225,True,869.7112257320023,1,0.0
617044,2801,22.887709,225,True,796.3083537997036,0,0.0
617244,2802,36.663036,225,True,1251.3214363849106,6,0.0
617464,2803,23.825717,225,True,833.8286803562464,0,0.0
617472,2804,23.251181,225,True,810.8472235647691,0,0.0
617944,2805,31.930308,225,True,1094.01233616862,4,0.0
618144,2806,33.193161,225,True,1144.526451206496,4,0.0
618364,2807,23.03559,225,True,802.2235835835736,0,0.0
618372,2808,30.123724,225,True,1052.1489717373825,3,0.6000000000000001
618844,2809,29.042838,225,True,994.5135045193172,3,0.0
619044,2810,27.177785,225,True,967.9113879475346,0,0.0
619264,2811,33.762679,225,True,1183.3071726127855,3,0.0
619272,2812,24.668463,225,True,867.5385059857774,0,0.0
619744,2813,22.181742,225,True,752.069698461398,1,0.0
619944,2814,25.386776,225,True,896.2710288016838,0,0.0
620164,2815,31.887508,225,True,1092.3003344323483,4,0.0
620172,2816,23.498747,225,True,804.7498937793328,1,0.0
620644,2817,25.691064,225,True,892.4425595340472,1,0.0
620844,2818,30.833084,225,True,1098.1233411462076,1,0.0
621064,2819,24.390082,225,True,856.4032855396749,0,0.0
621072,2820,24.253577,225,True,834.9430989132134,1,0.0
621544,2821,24.961884,225,True,879.2753493148743,0,0.0
621744,2822,25.024499,225,True,865.779955705684,1,0.0
621964,2823,28.793064,225,True,1000.5225712437743,2,0.0
621972,2824,24.151425,225,True,830.8569826908304,1,0.0
622444,2825,21.970657,225,True,766.026282428576,0,0.0
622644,2826,27.027811,225,True,961.912456742934,0,0.0
622864,2827,23.976202,225,True,839.8480778129765,0,0.0
622872,2828,31.782877,225,True,1104.1150741655101,3,0.0
623344,2829,28.997589,225,True,1008.7035663261793,2,0.0
623544,2830,30.742121,225,True,1030.4848389944475,5,0.0
623764,2831,23.739588,225,True,830.3835006205563,0,0.0
623772,2832,25.649224,225,True,906.7689535583622,0,0.0
624244,2833,32.139848,225,True,1134.3939039545744,2,0.0
624444,2834,26.732423,225,True,934.0969264326284,1,0.0
624664,2835,22.333472,225,True,758.1388794292145,1,0.0
624672,2836,26.400329,225,True,936.8131405617762,0,0.0
625144,2837,32.698183,225,True,1140.7273051886818,3,0.0
625344,2838,24.879716,225,True,859.9886378568867,1,0.0
625564,2839,27.180314,225,True,968.0125798200465,0,0.0
625572,2840,23.566785,225,True,791.4714091754929,2,0.0
626044,2841,23.389905,225,True,816.3961842968599,0,0.0
626244,2842,21.633265,225,True,746.1306139824578,0,0.0
626464,2843,34.017933,225,True,1177.5173329314594,4,0.0
626472,2844,26.727173,225,True,949.8869184318185,0,0.0
626944,2845,24.643853,225,True,866.554118202198,0,0.0
627144,2846,27.198467,225,True,952.7386834264835,1,0.0
627364,2847,25.502808,225,True,900.9123379583393,0,0.0
627372,2848,32.500686,225,True,1116.8274376874178,4,0.0
627844,2849,31.703168,225,True,1116.9267316073947,2,0.0
628044,2850,26.180672,225,True,912.0268686446102,1,0.0
628264,2851,31.936959,225,True,1094.2783720542584,4,0.0
628272,2852,26.507611,225,True,909.1044382908708,2,0.0
628744,2853,22.59589,225,True,784.6356004664001,0,0.0
628944,2854,26.109758,225,True,925.1903131739612,0,0.0
629164,2855,27.06358,225,True,963.3432162244208,0,0.0
629172,2856,28.251458,225,True,930.8583056056762,5,0.0
629644,2857,20.718521,225,True,709.5408421463219,0,0.0
629844,2858,27.186413,225,True,952.2565094306053,1,0.0
630064,2859,29.201642,225,True,1032.8656620786378,1,0.0
630072,2860,29.508434,225,True,1013.1373771313683,3,0.0
630544,2861,28.147656,225,True,1006.7062289206019,0,0.0
630744,2862,31.735908,225,True,1102.2363062939453,3,0.0
630964,2863,27.375002,225,True,959.8000773912697,1,0.0
630972,2864,21.225335,225,True,729.8134140840514,0,0.0
631444,2865,32.356568,225,True,1159.0627273903256,1,0.0
631644,2866,27.076295,225,True,931.8517992273594,2,0.0
631864,2867,26.284341,225,True,916.1736354588845,1,0.0
631872,2868,29.120926,225,True,1013.6370261887532,2,0.0
632344,2869,21.720244,225,True,749.6097510277159,0,0.0
632544,2870,25.76367,225,True,895.346801753607,1,0.0
632764,2871,28.535538,225,True,1022.2215311016932,0,0.0
632772,2872,29.284132,225,True,1004.1652663297866,3,0.0
633244,2873,23.203054,225,True,792.9221683560183,1,0.0
633444,2874,25.468338,225,True,883.5335052640285,1,0.0
633664,2875,31.543156,225,True,1110.5262544389916,2,0.0
633672,2876,20.531796,225,True,702.0718337115823,0,0.0
634144,2877,31.9336,225,True,1094.143989517287,4,0.0
634344,2878,26.885763,225,True,940.2305157984042,1,0.0
634564,2879,31.220804,225,True,1097.6321515089699,2,0.0
634572,2880,24.004484,225,True,840.979372766981,0,0.0
635044,2881,23.866768,225,True,819.4707289253704,1,0.0
635244,2882,33.923393,225,True,1157.7357388843993,5,0.0
635464,2883,27.767138,225,True,975.4855217967443,1,0.0
635472,2884,30.112127,225,True,1069.2850989815624,1,0.0
635944,2885,30.83874,225,True,1066.3495921406384,6,1.9999999999999998
636144,2886,24.023055,225,True,809.7221880509971,2,0.0
636364,2887,25.387649,225,True,864.305964486037,2,0.0
636372,2888,30.142835,225,True,1054.5134111183029,2,0.0
636844,2889,27.014003,225,True,945.3601240614385,1,0.0
637044,2890,28.020017,225,True,1001.6006975131309,0,0.0
637264,2891,22.873361,225,True,779.734438844107,1,0.0
637272,2892,26.208845,225,True,913.1538172651829,1,0.0
637744,2893,21.289642,225,True,732.3856647864577,0,0.0
637944,2894,28.792783,225,True,1000.5113359899908,2,0.0
638164,2895,24.270999,225,True,851.6399515181947,0,0.0
638172,2896,21.572765,225,True,743.7106179495265,0,0.0
638644,2897,29.360677,225,True,975.2270823442218,5,0.0
638844,2898,33.862026,225,True,1187.2810381808617,3,0.0
639064,2899,28.170542,225,True,975.6216618915792,2,0.0
639072,2900,29.544865,225,True,1030.5945918398115,2,0.0
639544,2901,31.163018,225,True,1095.3207193564149,2,0.0
639744,2902,21.687844,225,True,748.3137636176452,0,0.0
639964,2903,24.279058,225,True,835.9623040612255,1,0.0
639972,2904,29.529766,225,True,997.9906227350052,4,0.0
640444,2905,24.672764,225,True,851.7105410592333,1,0.0
640644,2906,25.402824,225,True,864.9129733618126,2,0.0
640864,2907,21.362819,225,True,735.3127667702038,0,0.0
640872,2908,25.60107,225,True,904.8427967818627,0,0.0
641344,2909,29.462832,225,True,1059.313298145375,0,0.0
641544,2910,22.649457,225,True,786.7782697663711,0,0.0
641764,2911,23.533091,225,True,806.1236306005806,1,0.0
641772,2912,26.92513,225,True,957.805197415003,0,0.0
642244,2913,22.705977,225,True,789.0390786351245,0,0.0
642444,2914,21.659712,225,True,747.188495427097,0,0.0
642664,2915,31.046022,225,True,1026.640888128312,6,0.0
642672,2916,30.545926,225,True,1086.6370499848317,1,0.0
643144,2917,23.417072,225,True,785.4828977499549,2,0.0
643344,2918,29.701293,225,True,1020.8517098858968,3,0.0
643564,2919,24.353373,225,True,838.9349352165348,1,0.0
643572,2920,29.02219,225,True,1035.2876157792175,1,0.4
644044,2921,25.667052,225,True,907.4820700154328,0,0.0
644244,2922,25.752965,225,True,894.9186043236721,1,0.0
644464,2923,23.312825,225,True,813.3130126850594,0,0.0
644472,2924,29.957592,225,True,1031.1036680870984,3,0.0
644944,2925,25.322288,225,True,893.6915285320415,0,0.0
645144,2926,31.035524,225,True,1058.2209790674192,4,0.0
645364,2927,28.597568,225,True,1008.7027297022585,1,0.0
645372,2928,21.235222,225,True,730.2088859685925,0,0.0
645844,2929,23.209462,225,True,809.1784891227637,0,0.0
646044,2930,27.418278,225,True,977.531128171611,0,0.0
646264,2931,34.242859,225,True,1138.5143451226836,7,0.0
646272,2932,27.588358,225,True,952.334320882537,2,0.0
646744,2933,27.263072,225,True,939.3228836378216,2,0.0
646944,2934,31.886615,225,True,1076.2646020194334,5,0.0
647164,2935,24.861643,225,True,843.2657151624423,2,0.0
647172,2936,24.007594,225,True,825.1037426557045,1,0.0
647644,2937,22.920749,225,True,781.6299658955697,1,0.0
647844,2938,28.713375,225,True,981.3349927924062,3,0.0
648064,2939,21.71921,225,True,749.5683856186547,0,0.0
648072,2940,28.883035,225,True,956.1213999951246,5,0.0
648484,2941,6.747549,210,False,797.1019588923327,1,2.6
648744,2942,29.172986,225,True,1031.7194272084146,1,0.0
648964,2943,26.592822,225,True,928.5128810319441,1,0.0
648972,2944,21.695354,225,True,732.6141652210722,1,0.0
649384,2945,28.128903,225,True,973.9561133368975,2,0.0
649644,2946,20.784562,225,True,712.1824974733806,0,0.0
649864,2947,25.386629,225,True,880.2651539637397,1,0.0
649872,2948,23.524019,225,True,821.7607699415848,0,0.0
650284,2949,24.206152,225,True,849.0460753830071,0,0.0
650544,2950,26.63496,225,True,946.1984092800651,0,0.0
650764,2951,21.749837,225,True,750.7934633759071,0,0.0
650772,2952,27.082827,225,True,932.1130783484955,2,0.0
651184,2953,26.872416,225,True,923.6966540512356,2,0.0
651444,2954,29.106865,225,True,1013.0746122823407,2,0.0
651664,2955,34.79165,225,True,1192.4660016484427,5,0.0
651672,2956,28.113108,225,True,957.3243105892193,3,0.0
652084,2957,28.208995,225,True,975.5597995725418,3,0.6000000000000001
652344,2958,20.440514,225,True,722.4205565518589,0,1.0
652564,2959,28.850786,225,True,1002.8314497158192,2,0.0
652572,2960,20.936413,225,True,718.2565380102774,0,0.0
652984,2961,21.290665,225,True,746.8266096790489,0,0.6000000000000001
653244,2962,30.805923,225,True,1017.0369286242008,6,0.0
653464,2963,31.352978,225,True,1038.9191134962016,6,0.0
653472,2964,20.666369,225,True,707.4547495444212,0,0.0
653884,2965,23.757713,225,True,831.1085161609237,0,0.0
654144,2966,31.723149,225,True,1085.7259754657202,4,0.0
654364,2967,29.812191,225,True,1041.28762708705,2,0.0
654372,2968,23.953031,225,True,822.921240074425,1,0.0
654784,2969,20.042981,225,True,682.5192572764374,0,0.0
655044,2970,30.129405,225,True,989.976210944337,6,0.0
655264,2971,33.20463,225,True,1176.985212865593,2,0.0
655272,2972,22.067415,225,True,763.496611069758,0,0.0
655684,2973,26.281657,225,True,932.0662984726894,0,0.0
655944,2974,32.591291,225,True,1072.4516299402499,7,0.0
656164,2975,26.133658,225,True,926.1463109921356,0,0.0
656172,2976,29.524865,225,True,1045.7945907754295,1,0.0
656584,2977,26.508649,225,True,909.1459429032711,2,0.0
656844,2978,23.681749,225,True,828.0699526149881,0,0.0
657064,2979,27.362973,225,True,927.3189385696478,3,0.0
657072,2980,33.888329,225,True,1204.3331490761288,2,0.0
657484,2981,26.639082,225,True,946.3632734085188,0,0.0
657744,2982,22.663014,225,True,771.3205587387613,1,0.0
657964,2983,28.272367,225,True,995.6946762423595,1,0.0
657972,2984,26.973165,225,True,959.72659524557,0,0.0
658384,2985,25.223231,225,True,857.7292234725337,2,0.0
658644,2986,31.232987,225,True,1082.1194839746995,3,0.0
658864,2987,24.118585,225,True,845.543380257194,0,0.0
658872,2988,29.492839,225,True,1012.5135659990485,3,0.0
659284,2989,20.999329,225,True,720.773173617182,0,0.0
659544,2990,28.082126,225,True,1004.0850401806927,0,0.0
659764,2991,25.936999,225,True,918.2799680358517,0,0.0
659772,2992,23.131781,225,True,806.0712334897403,0,0.0
660184,2993,27.702848,225,True,929.7139022763392,4,0.2
660444,2994,26.992838,225,True,928.513521216966,2,0.0
660664,2995,28.56299,225,True,1023.3196192299818,0,0.0
660672,2996,31.963055,225,True,1095.3221905716919,4,0.0
661084,2997,20.699601,225,True,708.784052854221,0,0.0
661344,2998,25.928217,225,True,901.9286782298914,1,0.0
661564,2999,21.861347,225,True,755.2538980280758,0,0.0
661572,3000,32.452021,225,True,1130.8808535702678,3,0.0
661984,3001,29.881016,225,True,1028.040652727924,3,0.0
662244,3002,24.969025,225,True,831.5610081940363,3,0.0
662464,3003,20.568889,225,True,703.5555779685847,0,0.0
662472,3004,25.631631,225,True,890.0652594747278,1,0.0
662884,3005,22.888809,225,True,796.3523544906277,0,0.0
663144,3006,20.943041,225,True,718.5216461172031,0,0.0
663364,3007,27.736431,225,True,958.2572545815194,2,0.0
663372,3008,25.183339,225,True,824.1335538628236,4,0.0
663732,3009,7.724401,212,False,831.3760200626925,1,2.4
664044,3010,32.604029,225,True,1162.5611424018675,2,0.4
664264,3011,30.292979,225,True,1060.5191545819043,2,0.0
664272,3012,26.992901,225,True,928.5160590801402,2,0.0
664632,3013,24.76188,225,True,855.2751872330145,1,0.0
664944,3014,23.243109,225,True,778.5243453773708,2,0.0
664988,3015,6.105711,181,False,741.0284597202067,2,1.9999999999999998
665172,3016,30.890541,225,True,1052.4216465057734,4,0.0
665532,3017,27.398454,225,True,944.7381554513004,2,0.0
665628,3018,-10.222045,24,False,71.91818476997378,0,0.0
665776,3019,9.641949,208,False,892.0779687991294,2,2.4
665888,3020,23.179712,225,True,775.9884943589445,2,0.0
666072,3021,21.93993,225,True,758.3972083891465,0,0.0
666528,3022,33.583055,225,True,1160.122189585696,4,0.0
666676,3023,24.643029,225,True,850.5211582897518,1,0.0
666772,3024,4.131861,221,False,727.6744337618218,0,3.400000000000001
666972,3025,24.101641,225,True,828.8656267876186,1,0.0
667428,3026,23.490963,225,True,820.4385330618975,0,0.0
667576,3027,29.775597,225,True,1007.823877013816,4,0.0
667672,3028,23.787902,225,True,832.3160740620497,0,0.0
667872,3029,23.729732,225,True,829.9892648347629,0,0.0
668328,3030,27.782718,225,True,992.10873482326,0,0.0
668476,3031,22.884482,225,True,796.1792810898555,0,0.0
668572,3032,22.131688,225,True,766.0675122349144,0,0.0
668772,3033,20.669525,225,True,707.5810022021694,0,0.0
669228,3034,33.612769,225,True,1161.3107573205866,4,0.0
669376,3035,20.905602,225,True,717.0240823370268,0,0.0
669472,3036,31.303822,225,True,1116.9528717089602,1,0.0
669672,3037,31.690347,225,True,1148.4138835031022,0,0.0
670128,3038,21.268713,225,True,731.5485168241912,0,0.0
670276,3039,33.00525,225,True,1169.0099801397719,2,0.0
670372,3040,26.746816,225,True,934.6726361008489,1,0.0
670572,3041,22.898577,225,True,796.7430905104181,0,0.0
671028,3042,24.541883,225,True,862.4753343813904,0,0.0
671176,3043,24.846248,225,True,858.6499051342098,1,0.0
671272,3044,26.411657,225,True,921.266261983345,1,0.0
671472,3045,28.419853,225,True,1017.5941027517845,0,0.0
671928,3046,21.541649,225,True,742.4659423127462,0,0.0
672076,3047,33.799967,225,True,1136.7986964026468,6,0.0
672172,3048,21.880135,225,True,749.605414002742,1,0.4
672372,3049,33.527457,225,True,1157.898273769059,4,0.0
672828,3050,20.693172,225,True,708.5268802668445,0,0.0
672976,3051,25.042762,225,True,850.510483331627,2,0.0
673072,3052,21.766819,225,True,735.4727788762723,1,0.0
673272,3053,26.634596,225,True,946.1838526132262,0,0.0
673728,3054,26.202873,225,True,864.9149280642262,4,0.0
673876,3055,23.555663,225,True,823.0265208590365,0,0.0
673972,3056,30.953493,225,True,1086.9397267833801,2,0.0
674172,3057,25.845919,225,True,898.6367722722114,1,0.0
674628,3058,22.702173,225,True,788.8869169755035,0,0.0
674776,3059,21.235915,225,True,730.2366061930425,0,0.0
674872,3060,20.627569,225,True,705.9027712825891,0,0.0
675072,3061,23.900872,225,True,820.8348632997897,1,0.0
675528,3062,24.188866,225,True,832.3546510252434,1,0.0
675676,3063,22.827074,225,True,793.8829730236077,0,0.0
675772,3064,26.231959,225,True,866.0783662762926,4,0.0
675972,3065,28.138368,225,True,1006.3347362081342,0,0.0
676428,3066,25.536574,225,True,902.2629788850695,0,0.0
676576,3067,19.887595,225,True,676.3038142227281,0,0.0
676672,3068,26.418572,225,True,937.5428741053684,0,0.0
676872,3069,32.939161,225,True,1150.3664306932455,3,0.0
677328,3070,21.196732,225,True,728.6692869094386,0,0.0
677476,3071,25.076216,225,True,883.848657630226,0,0.0
677572,3072,31.015084,225,True,1041.403357896607,5,0.0
677772,3073,23.374667,225,True,799.7866694625593,1,0.0
678228,3074,23.536784,225,True,822.2713631046172,0,0.0
678376,3075,27.288435,225,True,940.3374190912923,2,0.0
678472,3076,24.717829,225,True,869.513168659797,0,0.0
678672,3077,25.652242,225,True,906.8896877417465,0,0.0
679128,3078,20.785213,225,True,712.2085227055811,0,0.0
679276,3079,25.934959,225,True,918.1983605495795,0,0.0
679372,3080,21.838308,225,True,754.3323338095065,0,0.0
679572,3081,30.530462,225,True,1038.0184844995572,4,0.0
680028,3082,25.562702,225,True,903.3080747020754,0,0.0
680176,3083,30.792224,225,True,1096.4889505693504,1,0.0
680272,3084,26.941693,225,True,958.4677048708936,0,0.0
680472,3085,23.433193,225,True,818.1277020557238,0,0.0
680928,3086,30.609489,225,True,1057.1795770167528,3,0.0
681076,3087,25.95327,225,True,918.930805689517,0,0.0
681172,3088,25.966885,225,True,887.4754133107558,2,0.0
681372,3089,21.641388,225,True,730.4555071999812,1,0.0
681828,3090,24.491293,225,True,844.4517190957363,1,0.0
681976,3091,21.48276,225,True,740.1104080213388,0,0.0
682072,3092,25.169588,225,True,887.5835222634648,0,0.0
682272,3093,28.801467,225,True,984.8586926976038,3,0.0
682728,3094,23.129647,225,True,805.985876341748,0,0.0
682876,3095,25.00056,225,True,864.8224005614388,1,0.0
682972,3096,23.524902,225,True,805.7960945464167,1,0.0
683172,3097,23.339006,225,True,782.3602261109456,2,0.0
683628,3098,23.491182,225,True,820.4472983356006,0,0.0
683776,3099,23.047505,225,True,802.7001824578508,0,0.0
683872,3100,25.562012,225,True,903.2804841604386,0,0.0
684072,3101,29.970737,225,True,1079.6294865511531,0,0.0
684528,3102,24.859713,225,True,843.1885337599899,2,0.0
684676,3103,25.135875,225,True,886.2349964149494,0,0.0
684772,3104,30.960037,225,True,1039.2014907373532,5,0.0
684972,3105,25.161991,225,True,887.2796337402667,0,0.0
685428,3106,20.886193,225,True,716.2477170946811,0,0.0
685576,3107,26.13785,225,True,910.3139992536933,1,0.0
685672,3108,20.717036,225,True,709.4814303091948,0,0.0
685872,3109,30.153055,225,True,990.9221896427034,6,0.0
686328,3110,25.25909,225,True,891.1636112657804,0,0.0
686476,3111,25.074138,225,True,867.765517648477,1,0.0
686572,3112,30.352873,225,True,1062.9149279554003,2,0.0
686772,3113,25.192554,225,True,888.5021488478726,0,0.0
687228,3114,21.711006,225,True,749.2402387484221,0,0.0
687376,3115,29.741336,225,True,1006.4534498171765,4,0.0
687472,3116,23.228455,225,True,809.938190990961,0,0.0
687672,3117,33.96127,225,True,1191.2508061952608,3,0.0
688128,3118,25.142762,225,True,838.5104976144478,3,0.0
688276,3119,26.032769,225,True,890.1107440194548,2,0.0
688372,3120,23.322038,225,True,797.6815284381651,1,0.0
688572,3121,31.019683,225,True,1073.587333379192,3,0.0
689028,3122,23.432474,225,True,818.098960842869,0,0.0
689176,3123,25.302763,225,True,876.9105379244459,1,0.0
689272,3124,19.394073,225,True,656.5629333040445,0,0.0
689472,3125,28.028608,225,True,937.944321993263,4,0.0
689928,3126,31.132308,225,True,1068.4923375738672,4,0.0
690076,3127,22.43138,225,True,778.0552030203105,0,0.0
690172,3128,30.175654,225,True,1055.8261774750135,2,0.0
690372,3129,26.007988,225,True,921.1195056234815,0,0.0
690828,3130,23.922772,225,True,821.7108735980908,1,0.0
690976,3131,28.648364,225,True,1010.7345458684929,1,0.0
691072,3132,27.35908,225,True,975.163210951386,0,0.0
691272,3133,19.820482,225,True,673.6192700093204,0,0.0
691728,3134,23.686268,225,True,828.250709910898,0,0.0
691876,3135,28.424715,225,True,1001.7886084764407,1,0.0
691972,3136,21.451652,225,True,738.8660776025156,0,0.0
692172,3137,29.520216,225,True,1045.6086564728446,1,0.0
692628,3138,21.684541,225,True,748.1816571338973,0,0.0
692776,3139,20.322108,225,True,693.6843334036212,0,0.0
692872,3140,26.047721,225,True,906.7088575871608,1,0.0
693072,3141,25.794421,225,True,896.5768422978183,1,0.0
693528,3142,20.21494,225,True,689.3976055185835,0,0.0
693676,3143,24.580643,225,True,854.4257361223358,1,0.0
693772,3144,24.273695,225,True,851.747796376578,0,0.0
693972,3145,29.370884,225,True,1023.6353563082496,2,0.0
694428,3146,29.255069,225,True,1051.0027756956306,0,0.0
694576,3147,25.353424,225,True,894.9369562479353,0,0.0
694672,3148,25.740384,225,True,910.4153455525275,0,0.0
694872,3149,22.992762,225,True,784.5104814958434,1,0.0
695328,3150,23.460338,225,True,819.2135318619651,0,0.0
695476,3151,26.338591,225,True,924.7436240757938,1,0.0
695572,3152,22.760427,225,True,791.2170715932284,0,0.0
695772,3153,24.467074,225,True,827.482943989445,2,0.0
696228,3154,21.272779,225,True,731.7111544911174,0,0.0
696376,3155,20.108711,225,True,685.1484537292483,0,0.0
696472,3156,20.180434,225,True,688.017372890391,0,0.0
696672,3157,20.62138,225,True,705.655208601114,0,0.0
697128,3158,23.399775,225,True,816.7909990797207,0,0.0
697276,3159,31.89663,225,True,1124.6651857615316,2,0.0
697372,3160,19.94849,225,True,678.7395895286736,0,0.0
697572,3161,24.106492,225,True,845.0596870656329,0,0.0
698028,3162,20.956909,225,True,719.0763445742821,0,0.0
698176,3163,22.231643,225,True,770.065707387969,0,0.0
698272,3164,27.129994,225,True,949.9997505716665,1,0.0
698472,3165,20.494499,225,True,700.5799720671332,0,0.0
698928,3166,26.059417,225,True,907.1766893066806,1,0.0
699076,3167,27.800455,225,True,992.8182060627375,0,0.0
699172,3168,25.136079,225,True,886.2431574126022,0,0.0
699372,3169,30.919727,225,True,1085.5890890167552,2,0.0
699828,3170,21.827043,225,True,753.8817373628985,0,0.0
699976,3171,30.062335,225,True,987.2934071574716,6,0.0
700072,3172,21.721301,225,True,749.6520377504073,0,0.0
700272,3173,22.941964,225,True,798.4785634293676,0,0.0
700728,3174,27.779793,225,True,998.3917295126505,0,0.0
700876,3175,27.590898,225,True,952.4359043941045,2,0.0
700972,3176,23.622277,225,True,793.6910718612482,2,0.0
701172,3177,22.226497,225,True,753.8598712391797,1,0.0
701628,3178,28.968724,225,True,1007.5489617237868,2,0.0
701776,3179,27.668303,225,True,987.5321034474878,0,0.0
701872,3180,26.498518,225,True,940.7407093364702,0,0.0
702072,3181,22.472764,225,True,779.7105725939534,0,0.0
702528,3182,23.70728,225,True,829.0911801236828,0,0.0
702676,3183,24.862925,225,True,843.3169988499642,2,0.0
702772,3184,24.071486,225,True,827.6594463185236,1,0.0
702972,3185,32.893187,225,True,1132.527476474755,4,0.0
703428,3186,21.837078,225,True,754.2831319351035,0,0.0
703576,3187,24.701302,225,True,852.8520891830537,1,0.0
703672,3188,27.710721,225,True,973.2288268430857,1,0.0
703872,3189,30.563132,225,True,1071.3252657578637,2,0.0
704328,3190,19.262055,225,True,651.2822109326969,0,0.0
704476,3191,19.685519,225,True,668.2207620783529,0,0.0
704572,3192,22.077844,225,True,763.9137440435697,0,0.0
704772,3193,20.446977,225,True,705.0790990036301,0,0.0
705228,3194,30.972901,225,True,1103.7160529384996,1,0.0
705376,3195,23.701644,225,True,828.8657516160454,0,0.0
705472,3196,23.259748,225,True,811.1899221609731,0,0.0
705672,3197,21.752766,225,True,750.9106476249574,0,0.0
706128,3198,23.708286,225,True,829.1314443505571,0,0.0
706276,3199,22.051574,225,True,762.8629481111241,0,0.0
706372,3200,26.516884,225,True,941.4753483435118,0,0.0
706572,3201,28.073062,225,True,971.7224749422564,2,0.0
707028,3202,26.295972,225,True,916.6388610818601,1,0.0
707176,3203,24.708735,225,True,837.1493805258356,2,0.0
707272,3204,21.418062,225,True,737.5224849159158,0,0.0
707472,3205,29.388678,225,True,1040.3471352658814,1,0.0
707928,3206,33.941697,225,True,1174.4678699964156,4,0.0
708076,3207,32.230439,225,True,1106.0175673905287,4,0.0
708172,3208,23.815269,225,True,833.4107770599758,0,0.0
708372,3209,22.599088,225,True,784.7635273294495,0,0.0
708828,3210,21.755999,225,True,735.039962216716,1,0.0
708976,3211,22.860849,225,True,795.2339504217239,0,0.0
709072,3212,25.807821,225,True,897.1128494695643,1,0.0
709272,3213,34.37876,225,True,1159.9503860719915,6,0.0
709728,3214,25.890874,225,True,916.4349740450361,0,0.0
709876,3215,23.160579,225,True,807.2231682045474,0,0.0
709972,3216,27.312764,225,True,957.3105433418646,1,0.0
710172,3217,21.752812,225,True,750.912489876272,0,0.0
710628,3218,20.579556,225,True,703.9822201410298,0,0.0
710776,3219,23.425021,225,True,817.8008422886817,0,0.0
710872,3220,23.157534,225,True,807.1013523079355,0,0.0
711072,3221,20.816352,225,True,713.4540958318369,0,0.0
711528,3222,32.224728,225,True,1121.7891104502783,3,0.0
711676,3223,24.404135,225,True,856.9654104671699,0,0.0
711772,3224,23.70811,225,True,829.124409871433,0,0.0
711972,3225,33.202872,225,True,1128.9148610952716,5,0.0
712428,3226,20.636602,225,True,706.2640936487298,0,0.0
712576,3227,25.513344,225,True,901.3337751317608,0,0.0
712672,3228,29.949723,225,True,1062.788907917954,1,0.0
712872,3229,22.261284,225,True,771.2513542518539,0,0.0
713328,3230,23.642798,225,True,826.5119178756568,0,0.0
713476,3231,32.031643,225,True,1130.0657134241337,2,0.0
713572,3232,24.363965,225,True,855.3586001081799,0,0.0
713772,3233,24.968637,225,True,863.5454887842816,1,0.0
714228,3234,27.705265,225,True,925.0105806075464,4,0.0
714376,3235,26.551662,225,True,942.8664888383139,0,0.0
714472,3236,21.48303,225,True,740.1211936391348,0,0.0
714672,3237,21.150644,225,True,726.8257442798335,0,0.0
715128,3238,21.538247,225,True,742.3298988011445,0,0.0
715276,3239,22.677338,225,True,787.8935289958422,0,0.0
715372,3240,28.904845,225,True,1004.993809100532,2,0.0
715572,3241,31.553645,225,True,1110.9458029448874,2,0.0
716028,3242,25.297099,225,True,876.6839717727535,1,0.0
716176,3243,28.648425,225,True,1010.7369943428564,1,0.0
716272,3244,27.541658,225,True,982.4663091285724,0,0.0
716472,3245,27.12359,225,True,965.7435931201703,0,0.0
716928,3246,26.281733,225,True,932.0693398804608,0,0.0
717076,3247,21.941645,225,True,742.4657864250009,1,0.0
717172,3248,27.941286,225,True,982.4514361280728,1,0.0
717372,3249,19.615325,225,True,665.4129964195283,0,0.0
717828,3250,26.18735,225,True,928.2939853976341,0,0.0
717976,3251,20.461713,225,True,699.2685032824352,0,0.0
718072,3252,30.709949,225,True,1077.1979661094988,2,0.0
718144,3253,-10.703385,18,False,52.664584857409864,0,0.0
718272,3254,22.014775,225,True,761.3909853550185,0,0.0
718728,3255,26.671967,225,True,931.678690799029,1,0.0
718876,3256,21.271292,225,True,731.6516864059106,0,0.0
719044,3257,19.260053,225,True,651.2021158297746,0,0.0
719172,3258,20.450821,225,True,698.8328320633509,0,0.0
719628,3259,33.107029,225,True,1173.0811464187068,2,0.0
719776,3260,20.524186,225,True,701.7674562565664,0,0.0
719944,3261,20.492119,225,True,700.4847625202783,0,0.0
720072,3262,25.292556,225,True,892.5022481589604,0,0.0
720528,3263,23.99322,225,True,808.5287972301819,2,0.0
720676,3264,20.090844,225,True,684.4337445004153,0,0.0
720844,3265,27.607704,225,True,985.1081749655784,0,0.0
720972,3266,21.617473,225,True,745.4989332108069,0,0.0
721428,3267,23.837149,225,True,834.2859447177907,0,0.0
721576,3268,18.49789,225,True,620.7155824150568,0,0.0
721744,3269,23.430145,225,True,818.0058059899609,0,0.0
721872,3270,21.126554,225,True,725.8621563016202,0,0.0
722328,3271,21.811034,225,True,753.2413704358664,0,0.0
722476,3272,27.570522,225,True,990.0208674475605,0,0.0
722644,3273,21.958745,225,True,759.1498118445988,0,0.0
722772,3274,24.298737,225,True,852.7494925416788,0,0.0
723228,3275,20.550283,225,True,702.8113375528335,0,0.0
723376,3276,29.688419,225,True,1020.3367497109539,3,0.0
723544,3277,28.977053,225,True,991.882118996291,3,0.0
723672,3278,22.801264,225,True,792.8505636401399,0,0.0
724128,3279,32.631646,225,True,1106.065833479624,5,0.0
724276,3280,25.955166,225,True,919.0066231046392,0,0.0
724444,3281,25.472809,225,True,899.7123663215968,0,0.0
724572,3282,26.199426,225,True,912.7770523702438,1,0.0
725028,3283,24.038063,225,True,842.3225374373203,0,0.0
725176,3284,24.286287,225,True,836.2514628398819,1,0.0
725344,3285,24.069713,225,True,827.5885125149214,1,0.0
725472,3286,28.565574,225,True,1007.4229785397683,1,0.0
725928,3287,22.207801,225,True,769.1120545814288,0,0.0
726076,3288,27.82278,225,True,977.7111962428339,1,0.0
726244,3289,24.702779,225,True,852.9111595476045,1,0.0
726372,3290,26.019112,225,True,905.5644730794879,1,0.0
726828,3291,21.272809,225,True,731.7123608679431,0,0.0
726976,3292,20.305998,225,True,693.039913252813,0,0.0
727144,3293,29.162823,225,True,1047.312909096007,0,0.0
727272,3294,27.327712,225,True,925.9084906552418,3,0.0
727728,3295,25.421494,225,True,881.6597480774917,1,0.0
727876,3296,24.278829,225,True,851.9531526979622,0,0.0
728044,3297,28.012857,225,True,969.3142926368369,2,0.0
728172,3298,29.621288,225,True,1001.651520652661,4,0.0
728628,3299,28.441006,225,True,970.4402252956872,3,0.0
728776,3300,22.891642,225,True,796.4656973667854,0,0.0
728944,3301,18.781644,225,True,632.0657504634596,0,0.0
729072,3302,29.107875,225,True,1045.1149902777524,0,0.0
729528,3303,30.391395,225,True,1080.4557926412344,1,0.0
729676,3304,27.1018,225,True,932.8719869114127,2,0.0
729844,3305,19.980083,225,True,680.0033393131571,0,0.0
729972,3306,20.670762,225,True,707.630491540393,0,0.0
730428,3307,30.180065,225,True,1040.0026068949821,3,0.0
730576,3308,22.602444,225,True,784.8977515439956,0,0.0
730744,3309,32.512989,225,True,1149.3195762095443,2,0.0
730872,3310,31.272775,225,True,1099.7109912223773,2,0.0
731328,3311,23.58164,225,True,824.0655923210388,0,0.0
731476,3312,25.854103,225,True,914.9641259422333,0,0.0
731644,3313,22.710059,225,True,789.2023406305107,0,0.0
731772,3314,21.032762,225,True,722.1104727027478,0,0.0
732228,3315,21.506695,225,True,741.0677903136013,0,0.0
732376,3316,23.523069,225,True,821.7227768179166,0,0.0
732544,3317,28.031704,225,True,986.0681666982036,1,0.0
732672,3318,31.312827,225,True,1053.3130940491674,5,0.0
733128,3319,24.988126,225,True,880.3250460529198,0,0.0
733276,3320,27.76746,225,True,991.4984110804401,0,0.0
733444,3321,31.962972,225,True,1095.3188722907844,4,0.0
733572,3322,21.890823,225,True,756.4329221468674,0,0.0
734028,3323,26.702394,225,True,948.8957550846299,0,0.0
734176,3324,21.600158,225,True,744.8063210266146,0,0.0
734344,3325,26.882957,225,True,956.1182905040205,0,0.0
734472,3326,25.381284,225,True,896.0513647571938,0,0.0
734928,3327,21.062762,225,True,723.3104738655413,0,0.0
735076,3328,28.514687,225,True,909.3874824720012,7,0.0
735244,3329,21.051474,225,True,722.8589502581567,0,0.0
735372,3330,24.269263,225,True,851.5705357523341,0,0.0
735828,3331,29.848254,225,True,978.7301507319476,6,0.0
735976,3332,28.502192,225,True,1020.8876732613662,0,0.0
736144,3333,31.892802,225,True,1108.5120957191493,3,0.0
736272,3334,26.4428,225,True,922.5119888072034,1,0.0
736728,3335,25.235997,225,True,874.2398878662634,1,0.0
736876,3336,26.734627,225,True,934.1850893302139,1,0.0
737044,3337,21.087582,225,True,724.3032714188178,0,0.0
737172,3338,33.935529,225,True,1206.2211472166869,2,0.0
737628,3339,25.649742,225,True,906.7896739567552,0,0.0
737776,3340,22.230839,225,True,754.033571906667,1,0.0
737944,3341,21.901769,225,True,756.870762986749,0,0.0
738072,3342,30.55376,225,True,1086.950386302521,1,0.0
738528,3343,20.791534,225,True,712.4613413607349,0,0.0
738676,3344,23.61136,225,True,825.254402328743,0,0.0
738844,3345,27.034626,225,True,962.185050453922,0,0.0
738972,3346,28.102765,225,True,972.9105878525656,2,0.0
739428,3347,31.782875,225,True,1136.1150016694228,1,0.0
739576,3348,30.851396,225,True,1185.25583121418,4,5.600000000000002
739744,3349,20.616276,225,True,705.4510267049072,0,0.0
739872,3350,26.402315,225,True,936.8925907639937,0,0.0
740328,3351,19.35188,225,True,654.8752016595545,0,0.0
740476,3352,29.095057,225,True,1012.6022794364212,2,0.0
740644,3353,22.195042,225,True,768.601663572726,0,0.0
740772,3354,27.893031,225,True,916.5212301245501,5,0.0
741228,3355,27.892177,225,True,964.4870828482349,2,0.0
741376,3356,28.684564,225,True,1012.1825461175508,1,0.0
741544,3357,26.503598,225,True,924.9439260557444,1,0.0
741672,3358,25.442963,225,True,898.5185038555894,0,0.0
742128,3359,32.0128,225,True,1113.3119833839964,3,0.0
742276,3360,30.35813,225,True,1015.1252095007519,5,0.0
742444,3361,21.271641,225,True,731.665623260842,0,0.0
742572,3362,23.831642,225,True,818.0656800037814,1,0.0
743028,3363,21.992825,225,True,760.5130097199728,0,0.0
743176,3364,25.081648,225,True,884.065902326179,0,0.0
743344,3365,28.892762,225,True,988.5104761002274,3,0.0
743472,3366,27.771882,225,True,959.6752816324556,2,0.0
743928,3367,24.622801,225,True,833.7120422600212,2,0.0
744076,3368,28.122823,225,True,1018.5129110342618,1,1.2
744244,3369,24.931291,225,True,878.0516200933898,0,0.0
744372,3370,24.118951,225,True,850.3580276816042,0,0.2
744828,3371,26.675356,225,True,947.8142522284479,0,0.0
744976,3372,23.197006,225,True,808.6802249378259,0,0.0
745144,3373,29.37188,225,True,1007.6752092607967,3,0.0
745272,3374,29.147535,225,True,1030.7013866204093,1,0.0
745728,3375,28.322801,225,True,965.712050115553,3,0.0
745876,3376,26.679953,225,True,947.9981319374981,0,0.0
746044,3377,22.2744,225,True,755.7760015242573,1,0.0
746172,3378,23.762803,225,True,831.3121338263129,0,0.0
746628,3379,26.253125,225,True,930.9249849410328,0,0.0
746776,3380,35.152825,225,True,1206.913014762013,5,0.0
746944,3381,26.819434,225,True,977.5773581331507,0,1.0
747072,3382,26.851126,225,True,937.2450341436108,2,0.6000000000000001
747528,3383,24.57327,225,True,863.730812771769,0,0.0
747676,3384,23.522762,225,True,821.710492130512,0,0.0
747844,3385,30.582861,225,True,1088.1144536350544,1,0.0
747972,3386,28.920426,225,True,1005.6170430202026,2,0.0
748428,3387,20.757026,225,True,711.0810589303978,0,0.0
748576,3388,29.088284,225,True,980.3313414764348,4,0.0
748744,3389,24.558007,225,True,847.120265918293,1,0.0
748872,3390,23.041627,225,True,802.4650985900444,0,0.0
749328,3391,22.078483,225,True,763.9393269027435,0,0.0
749476,3392,23.911746,225,True,837.2698461096047,0,0.0
749644,3393,24.042954,225,True,826.518163640339,1,0.0
749772,3394,26.639012,225,True,930.3604720941992,1,0.0
750228,3395,19.674567,225,True,667.782686902382,0,0.0
750376,3396,33.183603,225,True,1160.1441222192439,3,0.0
750544,3397,22.412762,225,True,777.3104726835625,0,0.0
750672,3398,24.411881,225,True,825.2752312342268,2,0.0
751128,3399,34.144952,225,True,1198.5980750894205,3,0.0
751276,3400,27.601582,225,True,936.8632908084362,3,0.0
751444,3401,26.373382,225,True,887.7352754015217,3,0.0
751572,3402,29.38961,225,True,1024.384407657146,2,0.0
752028,3403,21.331284,225,True,734.0513582978078,0,0.0
752176,3404,26.227493,225,True,913.8997106934792,1,0.0
752308,3405,14.07839,216,False,1064.7355896773015,2,2.1999999999999997
752472,3406,25.203055,225,True,888.9222037347131,0,0.0
752728,3407,6.67966,175,False,768.7864075765351,2,2.1999999999999997
753076,3408,22.025073,225,True,761.8029299784318,0,0.0
753208,3409,30.228357,225,True,1083.534262143066,1,0.4
753372,3410,28.063024,225,True,987.3209411633761,1,0.0
753628,3411,34.081655,225,True,1148.066197012699,6,0.0
753976,3412,26.721325,225,True,869.6530056106669,5,0.0
754108,3413,24.746309,225,True,806.6523514713895,4,0.0
754272,3414,23.352124,225,True,798.8849467189616,1,0.0
754528,3415,23.374057,225,True,799.7622884482721,1,0.0
754876,3416,23.317458,225,True,797.4983068944098,1,0.0
755008,3417,21.602967,225,True,744.9186884977382,0,0.0
755172,3418,22.862945,225,True,779.3177826753611,1,0.0
755428,3419,23.511531,225,True,789.2612347092199,2,0.0
755752,3420,15.908675,219,False,1105.9470198472882,4,2.1999999999999997
755908,3421,29.033059,225,True,1010.1223638655147,2,0.0
756072,3422,21.665313,225,True,747.4125324346378,0,0.0
756328,3423,22.50254,225,True,780.9016143772267,0,0.0
756652,3424,28.151881,225,True,990.8752305851938,1,0.0
756808,3425,22.481202,225,True,920.8480919033186,0,5.600000000000002
756972,3426,22.721639,225,True,773.6655686231395,1,0.0
757228,3427,25.45595,225,True,1079.8380020272093,1,8.200000000000003
757552,3428,25.495372,225,True,900.6148713793525,0,0.0
757708,3429,26.592954,225,True,944.5181562990922,0,0.0
757872,3430,24.792975,225,True,856.5189855768706,1,0.0
758128,3431,23.290208,225,True,796.408328727467,1,0.0
758452,3432,24.303053,225,True,852.9221087971521,0,0.0
758608,3433,26.593204,225,True,928.5281452422178,1,0.0
758772,3434,26.482175,225,True,908.0870067146618,2,0.0
759028,3435,27.762645,225,True,994.5058072822796,1,0.8
759352,3436,24.062762,225,True,843.3104957813509,0,0.0
759508,3437,24.846214,225,True,874.6485595903732,0,0.0
759672,3438,29.653424,225,True,986.9369678291755,5,0.0
759924,3439,12.219018,224,False,1006.3607143371282,1,2.1999999999999997
760252,3440,20.701285,225,True,708.8513989628686,0,0.0
760408,3441,30.773977,225,True,983.7590946103942,8,0.0
760572,3442,25.828932,225,True,913.9572959990628,0,0.0
760824,3443,28.902968,225,True,1020.9187330920261,1,0.0
761124,3444,12.499514,218,False,1027.1805490681745,1,2.6
761308,3445,22.862783,225,True,795.311319627024,0,0.0
761472,3446,32.142971,225,True,1150.5188524234486,1,0.0
761724,3447,19.947844,225,True,678.7137499024768,0,0.0
762024,3448,26.582255,225,True,912.09018584967,2,0.0
762208,3449,25.093317,225,True,884.532682574398,0,0.0
762372,3450,23.462788,225,True,819.3115216892095,0,0.0
762624,3451,25.742751,225,True,910.5100215911943,0,0.0
762924,3452,26.502499,225,True,876.8999535966116,4,0.0
763108,3453,21.812762,225,True,753.3104719305982,0,0.0
763272,3454,30.272998,225,True,1043.7199290744925,3,0.0
763524,3455,28.363017,225,True,951.3206641038157,4,0.0
763824,3456,28.599351,225,True,992.7740501737762,2,0.0
764008,3457,26.415357,225,True,921.4142726452606,1,0.0
764172,3458,31.845489,225,True,1106.619550689731,3,0.0
764424,3459,29.523023,225,True,1013.7209072286191,3,0.0
764724,3460,33.502972,225,True,1140.9188646980301,5,0.0
764908,3461,24.004714,225,True,840.9885726684975,0,0.0
765072,3462,27.8328,225,True,962.1120070067193,2,0.0
765324,3463,23.632037,225,True,826.0814937978855,0,0.0
765624,3464,22.712774,225,True,789.3109665882635,0,0.0
765808,3465,29.323206,225,True,989.728259526361,4,0.0
765972,3466,28.752828,225,True,1014.9131215452369,1,0.0
766224,3467,31.251931,225,True,1050.8772407077126,5,0.0
766524,3468,26.982492,225,True,944.0996857879311,1,0.0
766708,3469,23.965319,225,True,823.4127772608122,1,0.0
766872,3470,27.183466,225,True,920.1386548361411,3,0.0
767124,3471,24.539336,225,True,814.3734423851447,3,0.0
767424,3472,35.4028,225,True,1248.9119959734926,3,0.0
767608,3473,30.708397,225,True,1045.1358964713163,4,0.0
767772,3474,27.730865,225,True,990.0346199122139,0,0.0
768024,3475,21.751711,225,True,750.8684345268057,0,0.0
768324,3476,31.322536,225,True,1085.7014558506562,3,0.0
768508,3477,21.8128,225,True,753.3119957444592,0,0.0
768672,3478,22.68323,225,True,788.1291949677448,0,0.0
768924,3479,28.362263,225,True,999.2905182486759,1,0.0
769224,3480,21.633166,225,True,746.1266233385932,0,0.0
769408,3481,23.617497,225,True,825.499865614627,0,0.0
769572,3482,23.942761,225,True,838.5104553233407,0,0.0
769824,3483,22.074745,225,True,763.7897982911572,0,0.0
770124,3484,26.255027,225,True,883.0010641873589,3,0.0
770308,3485,25.492768,225,True,868.5107241922963,2,0.0
770472,3486,26.488071,225,True,924.3228305371947,1,0.0
770724,3487,23.55281,225,True,822.9123936220794,0,0.0
771024,3488,28.022764,225,True,953.7105414759508,3,0.0
771208,3489,22.171641,225,True,767.6656232323369,0,0.0
771372,3490,25.263028,225,True,891.3211045824637,0,0.0
771624,3491,21.811284,225,True,753.2513535463208,0,0.0
771924,3492,28.903464,225,True,1020.938571998433,1,0.0
772108,3493,27.181483,225,True,936.0593167697543,2,0.0
772272,3494,35.553552,225,True,1270.9420904585436,2,0.0
772524,3495,31.532765,225,True,1094.110617743689,3,0.0
772824,3496,26.591641,225,True,928.4656299549204,1,0.0
773008,3497,31.032733,225,True,1106.109304596553,1,0.0
773172,3498,26.879158,225,True,955.966321861426,0,0.0
773424,3499,21.689718,225,True,753.1887286253657,0,0.2
773724,3500,21.822736,225,True,737.7094315176998,1,0.0
773908,3501,32.532987,225,True,1118.1194812858403,4,0.0
774072,3502,21.601284,225,True,744.851353535423,0,0.0
774324,3503,23.115025,225,True,805.4009911570818,0,0.0
774624,3504,27.872823,225,True,995.7129236259361,0,0.0
774808,3505,26.143709,225,True,910.5483558518138,1,0.0
774972,3506,26.840136,225,True,874.4054372806052,5,0.0
775224,3507,27.143483,225,True,950.5393236404116,1,0.0
775524,3508,22.095643,225,True,764.6257126525015,0,0.0
775708,3509,26.352954,225,True,918.9181706683135,1,0.0
775872,3510,25.057218,225,True,883.088712038586,0,0.0
776124,3511,23.90376,225,True,820.9504034458807,1,0.0
776424,3512,24.935982,225,True,878.2392996971305,0,0.0
776608,3513,27.622126,225,True,958.4850213851644,2,0.2
776772,3514,27.422902,225,True,929.716083071185,3,0.0
777024,3515,23.918334,225,True,837.5333756033688,0,0.0
777324,3516,34.402766,225,True,1176.9106312671397,5,0.0
777508,3517,24.999811,225,True,864.7924332948983,1,0.0
777672,3518,26.239712,225,True,874.388495269732,5,1.0
777924,3519,22.592485,225,True,784.4994108391675,0,0.0
778224,3520,33.360339,225,True,1167.2135642941175,3,0.0
778408,3521,25.292823,225,True,892.5129012681168,0,0.0
778572,3522,22.772225,225,True,791.6890119248708,0,0.0
778824,3523,20.852756,225,True,777.3102331123571,0,2.6
779124,3524,30.052978,225,True,1050.919132658299,2,0.0
779308,3525,32.532974,225,True,1118.1189645666186,4,0.0
779472,3526,28.12284,225,True,989.7135874981971,1,0.0
779724,3527,21.932974,225,True,758.1189402140551,0,0.0
780024,3528,25.843982,225,True,908.1592904148943,1,0.4
780208,3529,27.021917,225,True,929.6766958662381,2,0.0
780372,3530,27.436186,225,True,962.2474253076916,1,0.0
780624,3531,25.568611,225,True,887.5444580016258,1,0.0
780924,3532,21.871501,225,True,755.6600339604688,0,0.0
781108,3533,27.813965,225,True,993.3585901645783,0,0.0
781272,3534,22.168731,225,True,767.549244710847,0,0.0
781524,3535,25.372115,225,True,847.6845889757706,3,0.0
781824,3536,25.443005,225,True,850.5201935747082,3,0.0
782008,3537,25.771771,225,True,911.6708299054349,0,0.0
782172,3538,22.444547,225,True,778.5818974804401,0,0.0
782424,3539,22.682956,225,True,788.1182250982417,0,0.0
782724,3540,31.673064,225,True,1115.7225581000453,2,0.0
782908,3541,18.946184,225,True,686.6473482426788,0,1.9999999999999998
783072,3542,25.703699,225,True,908.947975188375,0,0.0
783324,3543,23.789868,225,True,832.39470951161,0,0.0
783624,3544,27.112824,225,True,933.3129650537867,2,0.0
783808,3545,21.617736,225,True,745.5094219849161,0,0.0
783972,3546,23.057501,225,True,803.100040314436,0,0.0
784224,3547,25.937814,225,True,870.3125528543271,3,0.0
784524,3548,25.692218,225,True,964.488700895035,1,3.0000000000000004
784708,3549,27.111535,225,True,933.2613832130605,2,0.0
784872,3550,25.353053,225,True,894.9221374644455,0,0.0
785124,3551,21.3028,225,True,732.9120141735675,0,0.0
785424,3552,23.679659,225,True,811.9863461064949,1,0.0
785608,3553,25.864448,225,True,915.3779196732621,0,0.0
785772,3554,22.330386,225,True,774.0154547254936,0,0.0
786024,3555,30.932918,225,True,1070.1167385488566,3,0.0
786324,3556,27.480728,225,True,884.0291304586574,6,0.0
786480,3557,13.310259,218,False,1050.0103483875237,1,2.1999999999999997
786672,3558,35.463031,225,True,1256.1212294774386,6,2.1999999999999997
786924,3559,21.568737,225,True,743.5494972461372,0,0.0
787224,3560,22.003702,225,True,760.948081346497,0,0.0
787380,3561,31.753575,225,True,1149.343012541187,4,2.6
787572,3562,32.332958,225,True,1094.1183279813777,5,0.0
787824,3563,22.773055,225,True,791.7222175730674,0,0.0
788124,3564,33.343161,225,True,1102.5264443512756,7,0.0
788280,3565,20.791891,225,True,712.4756301709988,0,0.0
788472,3566,33.943056,225,True,1126.5222457433647,7,0.0
788724,3567,21.909216,225,True,741.1686289469851,1,0.0
789024,3568,29.201726,225,True,984.8690460890878,4,0.0
789180,3569,29.979765,225,True,1015.9906074400253,4,0.0
789372,3570,20.268545,225,True,691.5417813507224,0,0.0
789624,3571,27.282769,225,True,908.1107416278605,4,0.0
789924,3572,21.536506,225,True,742.2602589739774,0,0.0
790080,3573,20.339046,225,True,694.3618575627343,0,0.0
790272,3574,28.073184,225,True,971.7273783446446,2,0.0
790524,3575,28.742771,225,True,982.510822741538,3,0.0
790824,3576,25.924349,225,True,917.7739698061084,0,0.0
790980,3577,24.213285,225,True,849.3314019394118,0,0.0
791172,3578,25.462959,225,True,867.3183546820626,2,0.0
791424,3579,22.008783,225,True,761.151318899213,0,0.0
791724,3580,21.931641,225,True,758.0656373884638,0,0.0
791880,3581,22.272728,225,True,771.7091073912056,0,0.0
792072,3582,23.551303,225,True,832.4521133874662,0,0.4
792324,3583,20.967858,225,True,719.5143286260788,0,0.0
792624,3584,32.183041,225,True,1136.1216207524317,2,0.0
792780,3585,25.378037,225,True,895.9214658165465,0,0.0
792972,3586,29.630346,225,True,986.0138312690453,5,0.0
793224,3587,19.349339,225,True,654.7735633246123,0,0.0
793524,3588,27.793053,225,True,976.5221333068187,1,0.0
793680,3589,26.121146,225,True,893.6458314453216,2,0.0
793872,3590,26.762944,225,True,903.3177637769018,3,0.0
794124,3591,20.792968,225,True,712.5187383156249,0,0.0
794424,3592,31.259257,225,True,1099.170273948063,2,0.0
794580,3593,26.87903,225,True,939.9611873716792,1,0.0
794772,3594,23.13972,225,True,790.388800643017,1,0.0
795024,3595,31.413026,225,True,1089.3210456483125,3,0.0
795324,3596,28.376485,225,True,999.8593822683201,1,0.0
795480,3597,24.683037,225,True,836.1214647803292,2,0.0
795672,3598,25.716239,225,True,909.4495711741426,0,0.0
795924,3599,23.532954,225,True,806.1181640158625,1,0.0
796224,3600,22.589713,225,True,784.3885040504581,0,0.0
796380,3601,28.246068,225,True,962.6427002999294,3,0.0
796572,3602,30.303712,225,True,1044.9484986741818,3,0.0
796824,3603,27.467215,225,True,963.4886081820666,1,0.0
797124,3604,25.792772,225,True,880.5108824994813,2,0.0
797280,3605,23.907419,225,True,837.096760494645,0,0.0
797472,3606,25.561897,225,True,903.2758973042005,0,0.0
797724,3607,30.275838,225,True,1011.8335224720561,5,0.0
798024,3608,29.574424,225,True,1036.5769790432935,2,0.2
798180,3609,22.992816,225,True,784.5126207188785,1,0.0
798372,3610,23.305159,225,True,813.00635224239,0,0.0
798624,3611,29.446784,225,True,1058.6713461283857,0,0.0
798924,3612,23.162759,225,True,807.3103607791215,0,0.0
799080,3613,28.504231,225,True,972.9692376090925,3,0.0
799272,3614,32.183031,225,True,1136.1212559175124,2,0.0
799524,3615,27.412762,225,True,945.3104735189568,2,0.0
799824,3616,33.712838,225,True,1149.3135189424975,5,0.0
799980,3617,30.411782,225,True,1065.271293986888,2,0.0
800172,3618,25.112639,225,True,885.3055467773772,0,0.0
800424,3619,27.765137,225,True,991.4054934526832,0,0.0
800724,3620,21.738568,225,True,750.3427191514882,0,0.0
800880,3621,26.041566,225,True,919.2626555793404,2,1.2
801072,3622,23.646163,225,True,826.6465342790273,0,0.0
801324,3623,23.552802,225,True,822.9120994945451,0,0.0
801624,3624,24.163037,225,True,831.3214815615272,1,0.0
801780,3625,25.431801,225,True,885.2720560034536,2,0.8
801972,3626,27.073055,225,True,947.7221896999263,1,0.0
802224,3627,23.322022,225,True,797.6808739100329,1,0.0
802524,3628,29.06367,225,True,963.3467844216527,5,0.0
802680,3629,25.723052,225,True,845.7220772944297,4,0.0
802872,3630,27.941902,225,True,934.4760894485248,4,0.0
803124,3631,25.135833,225,True,934.2333357258929,0,1.9999999999999998
803424,3632,23.853027,225,True,834.9210801386591,0,0.0
803580,3633,34.253211,225,True,1170.9284480678402,5,0.0
803772,3634,28.743567,225,True,982.5426923152813,3,0.0
804024,3635,28.142818,225,True,958.5127302809931,3,0.0
804320,3636,5.701219,224,False,761.6487725190136,0,2.1999999999999997
804480,3637,29.077517,225,True,995.9006964163113,3,0.0
804672,3638,24.500129,225,True,844.8051427046196,1,0.0
804924,3639,25.590026,225,True,923.6010559989868,0,0.8
805220,3640,22.142898,225,True,766.5159111620603,0,0.0
805380,3641,29.49122,225,True,1060.4487857701124,0,0.0
805572,3642,26.874194,225,True,923.7677461160833,2,0.0
805824,3643,28.243055,225,True,994.5221804917937,1,0.0
806120,3644,27.121653,225,True,917.6661293074394,3,0.0
806280,3645,23.306016,225,True,813.0406533871844,0,0.0
806472,3646,26.02824,225,True,880.3295988013847,3,0.0
806724,3647,23.43239,225,True,818.095611511254,0,0.0
807020,3648,27.833142,225,True,962.1256662691346,2,0.0
807180,3649,29.572762,225,True,983.7104804322432,5,0.0
807372,3650,29.84311,225,True,1042.5244084262172,2,0.0
807624,3651,25.142846,225,True,886.5138561703473,0,0.0
807920,3652,21.50642,225,True,741.056814517307,0,0.0
808080,3653,23.523031,225,True,821.7212312742768,0,0.0
808272,3654,25.563044,225,True,903.3217745179206,0,0.0
808524,3655,27.532939,225,True,950.1175555498412,2,0.0
808820,3656,25.743759,225,True,910.5503413012027,0,0.0
808980,3657,22.448898,225,True,762.7559287595486,1,0.0
809172,3658,21.211284,225,True,729.2513535513935,0,0.0
809424,3659,24.557657,225,True,863.1062977663707,0,0.0
809720,3660,32.795361,225,True,1096.6144221958175,6,0.0
809880,3661,25.617133,225,True,889.4853237765212,1,0.0
810072,3662,30.582809,225,True,1040.1123738091585,4,0.0
810324,3663,23.071645,225,True,803.6657996152219,0,0.0
810620,3664,28.586183,225,True,992.2473140657262,2,0.0
810780,3665,29.503683,225,True,996.9473335895998,4,0.0
810972,3666,32.422861,225,True,1145.7144437049037,2,0.0
811224,3667,26.952956,225,True,894.9182254214013,4,0.0
811520,3668,31.551156,225,True,1107.6462545873574,4,1.2
811680,3669,28.662072,225,True,1011.282882398622,1,0.0
811872,3670,28.883033,225,True,956.1213247827175,5,0.0
812124,3671,26.745845,225,True,950.6338117187424,0,0.0
812420,3672,21.662967,225,True,747.3186808682585,0,0.0
812580,3673,27.834477,225,True,946.1790699205194,3,0.0
812772,3674,22.662299,225,True,771.2919469077897,1,0.0
813024,3675,25.836311,225,True,914.2524411954448,0,0.0
813320,3676,26.923363,225,True,941.7345107878114,1,0.0
813480,3677,26.032933,225,True,890.1173095539616,2,0.0
813672,3678,27.472828,225,True,947.7131231747617,2,0.0
813924,3679,21.089729,225,True,724.3891660050715,0,0.0
814220,3680,19.617318,225,True,665.4927328860063,0,0.0
814380,3681,26.802762,225,True,936.910494538459,1,0.0
814572,3682,24.350775,225,True,838.8310047392613,1,0.0
814824,3683,30.111916,225,True,1037.2766502952468,3,0.0
815120,3684,29.191963,225,True,1000.4785003014192,3,0.0
815280,3685,23.942786,225,True,838.5114416742094,0,0.0
815472,3686,25.243047,225,True,874.5218995069192,1,0.0
815724,3687,26.833015,225,True,938.1205951093798,1,0.0
816020,3688,25.65196,225,True,906.8783938188394,0,0.0
816180,3689,33.435276,225,True,1186.2110203045731,2,0.0
816372,3690,26.653204,225,True,930.928173084644,1,0.0
816624,3691,30.342132,225,True,1078.4852804322845,1,0.0
816920,3692,27.095544,225,True,964.6217791455331,0,0.0
817080,3693,29.881284,225,True,1028.0513700716417,3,0.0
817272,3694,24.572972,225,True,863.7188858486952,0,0.0
817524,3695,21.60755,225,True,745.1020140987844,0,0.0
817820,3696,28.166352,225,True,1007.4540862687086,0,0.0
817980,3697,29.253561,225,True,1050.9424302780794,0,0.0
818172,3698,24.803927,225,True,840.9570873179875,2,0.0
818424,3699,26.218268,225,True,897.5307275332505,2,0.0
818720,3700,22.663491,225,True,771.3396278674916,1,0.0
818880,3701,22.791396,225,True,792.4558429218057,0,0.0
819072,3702,22.503048,225,True,780.9219157901355,0,0.0
819324,3703,34.657851,225,True,1187.1140349384686,5,0.0
819620,3704,28.714723,225,True,981.3889366764281,3,0.0
819780,3705,25.293253,225,True,892.5301302713117,0,0.0
819972,3706,22.172815,225,True,782.1126157810311,0,0.6000000000000001
820224,3707,23.858087,225,True,819.1234927957476,1,0.0
820520,3708,22.73188,225,True,758.075207844179,2,0.0
820680,3709,24.739084,225,True,870.3633526370529,0,0.0
820872,3710,33.99686,225,True,1192.6743804841904,3,0.0
821124,3711,29.574214,225,True,983.7685574566824,5,0.0
821420,3712,24.242976,225,True,850.5190335340994,0,0.0
821580,3713,32.641195,225,True,1170.447818973294,1,0.0
821772,3714,23.068607,225,True,771.5442803684987,2,0.0
822024,3715,23.846772,225,True,802.6708855898034,2,0.0
822320,3716,22.112783,225,True,765.3113241833064,0,0.0
822480,3717,24.940927,225,True,878.4370946753002,0,0.0
822672,3718,24.2369,225,True,850.27599803722,0,0.0
822924,3719,23.282764,225,True,812.1105557212695,0,0.0
823220,3720,30.613047,225,True,1041.3218863767504,4,0.0
823380,3721,26.403024,225,True,936.9209788257615,0,0.0
823572,3722,30.904242,225,True,1068.9696934787967,3,0.0
823824,3723,24.184172,225,True,832.1668869530661,1,0.0
824120,3724,24.856973,225,True,875.0789132465536,0,0.0
824280,3725,25.182802,225,True,872.1120991562286,1,0.0
824472,3726,23.978127,225,True,839.9250873682117,0,0.0
824724,3727,21.630818,225,True,746.0327351864446,0,0.0
825020,3728,24.317021,225,True,853.4808210018434,0,0.0
825180,3729,27.653048,225,True,906.9219313916299,5,0.0
825372,3730,26.947334,225,True,958.6933451460961,0,0.0
825624,3731,28.464899,225,True,987.3959543189198,2,0.0
825920,3732,28.14961,225,True,1006.7843910463682,0,0.0
826080,3733,26.316021,225,True,885.4408283889038,3,0.0
826272,3734,24.730817,225,True,854.0326842149518,1,0.0
826524,3735,27.190922,225,True,968.4368711936131,0,0.0
826820,3736,26.561934,225,True,927.2773667736419,1,0.0
826980,3737,28.893059,225,True,1074.9223500321764,0,1.5999999999999999
827172,3738,25.712383,225,True,893.2953180749607,1,0.0
827424,3739,26.589848,225,True,918.793929649883,2,0.0
827720,3740,29.836576,225,True,1010.2630565433174,4,0.0
827880,3741,30.52303,225,True,1037.7211963690077,4,0.0
828072,3742,22.190672,225,True,768.4268691402497,0,0.0
828324,3743,20.148616,225,True,693.1446250239142,0,0.0
828620,3744,26.303055,225,True,900.9221892018088,2,0.0
828780,3745,23.512337,225,True,821.2934732932738,0,0.0
828972,3746,23.452954,225,True,786.9181744518921,2,0.0
829224,3747,32.483031,225,True,1100.1212294179086,5,0.0
829520,3748,25.330441,225,True,894.0176569089447,0,0.0
829680,3749,25.836275,225,True,866.2510165592726,3,0.0
829872,3750,22.412438,225,True,777.2975187629409,0,0.0
830124,3751,22.592977,225,True,784.5190706882574,0,0.0
830420,3752,21.121862,225,True,725.674474098626,0,0.0
830580,3753,28.052899,225,True,1002.9159508007017,0,0.0
830772,3754,28.865844,225,True,987.4337633223365,3,0.0
831024,3755,25.693074,225,True,892.5229506767273,1,0.0
831320,3756,33.143055,225,True,1126.5221910621403,5,0.0
831432,3757,3.656679,213,False,694.2671773016627,0,2.8000000000000003
831672,3758,28.813047,225,True,1017.3218941803812,1,0.0
831924,3759,21.209414,225,True,729.1765594980398,0,0.0
832220,3760,26.33299,225,True,902.1195945324278,2,0.0
832332,3761,28.833221,225,True,986.1288337849651,3,0.0
832572,3762,25.503053,225,True,900.9221166899263,0,0.0
832824,3763,22.526435,225,True,781.857412847869,0,0.0
833120,3764,26.363055,225,True,903.3221883299857,2,0.0
833232,3765,22.364318,225,True,775.3727252697056,0,0.0
833472,3766,32.50433,225,True,1020.9732087005766,10,0.0
833724,3767,25.481184,225,True,884.0473480531334,1,0.0
834020,3768,20.191664,225,True,707.6665501452953,0,0.8
834132,3769,26.183018,225,True,896.1207343461826,2,0.0
834372,3770,26.048138,225,True,906.7255140098075,1,0.0
834624,3771,29.553053,225,True,1014.9221106902885,3,0.0
834920,3772,23.763899,225,True,831.3559659250527,0,0.0
835032,3773,27.093959,225,True,964.558353618866,0,0.0
835272,3774,28.432691,225,True,1018.1076244731519,0,0.0
835524,3775,29.167958,225,True,1021.9183043068633,2,0.0
835820,3776,25.523193,225,True,869.7277329171061,2,0.0
835932,3777,22.943256,225,True,766.5302250021732,2,0.0
836172,3778,27.727506,225,True,973.9002462731469,1,0.0
836424,3779,29.978307,225,True,1031.9322922517952,3,0.0
836720,3780,23.892923,225,True,836.5169383125133,0,0.0
836832,3781,25.236291,225,True,890.2516409457919,0,0.0
837072,3782,28.640443,225,True,994.4177047210535,2,0.0
837324,3783,33.373867,225,True,1071.7546847660992,9,0.0
837620,3784,28.992974,225,True,976.5189798345452,4,0.0
837732,3785,21.762978,225,True,735.3191098966204,1,0.0
837972,3786,23.890293,225,True,820.4117354427624,1,0.0
838224,3787,24.877822,225,True,875.9128641350819,0,0.0
838520,3788,22.723996,225,True,773.7598569939705,1,0.0
838632,3789,23.192977,225,True,890.1190860187207,0,3.400000000000001
838872,3790,25.597518,225,True,872.7007320934449,2,0.0
839124,3791,22.97069,225,True,799.6276160455084,0,0.0
839420,3792,26.002995,225,True,888.9197845140452,2,0.0
839532,3793,22.84754,225,True,794.7016193727461,0,0.0
839772,3794,32.211313,225,True,1105.2525078855983,4,0.0
840024,3795,26.652817,225,True,930.9126688514684,1,0.0
840320,3796,24.070125,225,True,827.6049883364053,1,0.0
840432,3797,25.424018,225,True,881.7607366141569,1,0.0
840672,3798,22.422939,225,True,777.7175737167868,0,0.0
840924,3799,35.424239,225,True,1217.7695610325381,5,0.0
841220,3800,32.652989,225,True,1122.919568754422,4,0.0
841312,3801,11.291815,220,False,969.2725934553803,1,2.1999999999999997
841572,3802,23.98564,225,True,824.2256162689748,1,0.0
841824,3803,28.562465,225,True,1023.298581510822,0,0.0
842120,3804,21.513092,225,True,747.7236709399185,0,0.0
842212,3805,29.363293,225,True,1039.331724909882,1,0.0
842472,3806,20.7615,225,True,711.2600033468821,0,0.0
842724,3807,24.316828,225,True,837.473127740747,1,0.0
843020,3808,21.021128,225,True,721.6451390796242,0,0.0
843112,3809,28.656648,225,True,963.0659038871945,4,0.0
843372,3810,22.566459,225,True,783.4583550603611,0,0.0
843624,3811,27.933673,225,True,950.1469125148426,3,0.0
843920,3812,23.425563,225,True,817.8225213688643,0,0.0
844012,3813,24.633944,225,True,866.1577797386349,0,0.0
844272,3814,27.101156,225,True,964.8462531093999,0,0.0
844524,3815,26.816801,225,True,921.4720336097523,2,0.0
844820,3816,26.342834,225,True,886.5133719892374,3,0.0
844912,3817,24.580828,225,True,864.033129079643,0,0.0
845172,3818,21.118733,225,True,725.5493194026658,0,0.0
845424,3819,28.078481,225,True,987.9392247507744,1,0.0
845720,3820,28.780875,225,True,1016.0350021841932,1,0.0
845812,3821,26.806176,225,True,953.0470452711324,0,0.0
846072,3822,23.977488,225,True,823.8995247209543,1,0.0
846324,3823,25.042925,225,True,850.5170098227993,2,0.0
846620,3824,24.177085,225,True,838.2833880440876,1,0.0
846712,3825,28.231392,225,True,978.0556876373071,2,0.0
846972,3826,27.372043,225,True,959.6817152115843,1,0.0
847224,3827,22.173045,225,True,767.7217902255643,0,0.0
847520,3828,26.514855,225,True,941.3942194376855,0,0.0
847612,3829,23.030362,225,True,802.0144763967232,0,0.0
847872,3830,20.729549,225,True,709.9819742357442,0,0.0
848124,3831,27.549595,225,True,957.1837861318313,2,0.0
848420,3832,25.49071,225,True,900.4284178461558,0,0.0
848512,3833,28.341943,225,True,998.4777063798756,1,0.0
848772,3834,23.944069,225,True,822.5627760093562,1,0.0
849024,3835,28.268874,225,True,995.5549667744169,1,0.0
849320,3836,27.45303,225,True,930.9211895657857,3,0.0
849412,3837,24.436521,225,True,858.2608570145148,0,0.0
849672,3838,23.430977,225,True,802.0390715231404,1,0.0
849924,3839,20.552815,225,True,702.9126191189798,0,0.0
850220,3840,25.652972,225,True,858.9188684965379,3,0.0
850312,3841,22.481895,225,True,780.0757933780517,0,0.0
850572,3842,29.361917,225,True,1023.2766883719282,2,0.0
850824,3843,19.997657,225,True,680.7062902903929,0,0.0
851120,3844,30.017332,225,True,1033.4932969689476,3,0.0
851212,3845,25.058805,225,True,873.552198408587,1,0.0
851472,3846,31.504905,225,True,1044.9962131263806,6,0.0
851724,3847,24.703048,225,True,852.92190137643,1,0.0
852020,3848,27.696528,225,True,940.6611049006726,3,0.0
852112,3849,37.033103,225,True,1272.5241001970398,6,0.0
852372,3850,25.235519,225,True,874.2207599982919,1,0.0
852624,3851,34.139216,225,True,1182.3686358667592,4,0.0
852920,3852,21.395275,225,True,736.6109977716267,0,0.0
853012,3853,24.330016,225,True,854.0006303077348,0,0.0
853272,3854,31.555301,225,True,1079.0120246549068,4,0.0
853524,3855,23.911686,225,True,837.2674313079933,0,0.0
853820,3856,21.754536,225,True,750.9814260269516,0,0.0
853912,3857,28.041648,225,True,922.4659059551718,5,0.0
854172,3858,30.787223,225,True,1032.2889245143026,5,0.0
854424,3859,26.044656,225,True,922.5862410007182,0,0.0
854720,3860,27.549584,225,True,966.7833531420765,1,0.0
854812,3861,30.403162,225,True,1080.9264739331402,1,0.0
855072,3862,26.208669,225,True,929.1467618125482,0,0.0
855324,3863,23.276549,225,True,811.8619450370184,0,0.0
855620,3864,23.280854,225,True,764.0341408708914,3,0.0
855712,3865,20.986595,225,True,720.2638084975176,0,0.0
855972,3866,34.553101,225,True,1182.9240216353755,5,0.0
856224,3867,24.861984,225,True,843.27935493922,2,0.0
856520,3868,30.82809,225,True,1081.923606231464,2,0.0
856612,3869,22.321634,225,True,773.6653697945096,0,0.0
856872,3870,24.283257,225,True,836.1302672807062,1,0.0
857124,3871,25.016077,225,True,881.4430962181157,0,0.0
857420,3872,26.701401,225,True,948.8560517374838,0,0.0
857512,3873,20.519209,225,True,701.5683658932983,0,0.0
857772,3874,22.169719,225,True,767.588751459303,0,0.0
858024,3875,24.917163,225,True,877.48653507625,0,0.0
858320,3876,22.132662,225,True,766.1064746799145,0,0.0
858412,3877,20.156182,225,True,693.4472882458049,0,0.0
858672,3878,23.16508,225,True,813.8032131671596,0,0.0
858924,3879,22.057908,225,True,763.1163247796774,0,0.0
859220,3880,24.993048,225,True,832.521927422215,3,0.0
859312,3881,24.170718,225,True,815.6287241932187,2,0.0
859572,3882,25.447879,225,True,898.7151686400096,0,0.0
859824,3883,21.925668,225,True,757.8267136602362,0,0.0
860120,3884,27.044337,225,True,946.5734956799793,1,0.0
860212,3885,25.259821,225,True,891.1928453388937,0,0.0
860472,3886,28.578286,225,True,1023.9314548267082,0,0.0
860724,3887,28.148662,225,True,997.1464721716841,1,0.0
861020,3888,34.453836,225,True,1194.9534244842794,4,0.0
861112,3889,22.366763,225,True,777.0705183742409,1,0.0
861372,3890,28.19123,225,True,992.4492015173835,1,0.0
861624,3891,23.244125,225,True,810.5649908189594,0,0.0
861920,3892,30.99314,225,True,1056.525598132766,4,0.0
862012,3893,33.483073,225,True,1172.1229002826703,3,0.0
862272,3894,21.757658,225,True,763.9063327073375,0,0.0
862524,3895,22.896798,225,True,796.6719345155129,0,0.0
862820,3896,29.185764,225,True,1016.2305654758823,2,0.0
862912,3897,28.815114,225,True,1017.4045726218967,1,0.0
863172,3898,27.232966,225,True,938.1186550163825,2,0.0
863424,3899,23.817556,225,True,833.5022547545723,0,0.0
863720,3900,26.832686,225,True,938.1074381857823,1,0.0
863812,3901,22.371829,225,True,759.6731469818933,1,0.0
864072,3902,30.558456,225,True,1087.1382564779592,1,0.0
864324,3903,30.33291,225,True,1046.1163910285077,3,0.0
864620,3904,27.197715,225,True,968.7085812723528,0,0.0
864712,3905,23.230283,225,True,810.0113293437216,0,0.0
864972,3906,25.085769,225,True,858.6307718210157,2,0.0
865224,3907,25.999534,225,True,931.9813438278402,0,0.0
865520,3908,26.908844,225,True,957.1537625551091,0,0.0
865612,3909,19.989436,225,True,686.7774333917685,0,0.0
865872,3910,25.968531,225,True,903.5412590091864,1,0.0
866124,3911,23.215554,225,True,799.8221543385096,1,0.0
866420,3912,24.168828,225,True,847.5531043985341,0,0.0
866512,3913,28.452699,225,True,1018.9079763061832,0,0.0
866772,3914,26.992931,225,True,928.517246323107,2,0.0
867024,3915,31.167753,225,True,1085.9101099984919,3,0.0
867320,3916,25.903211,225,True,900.9284252662455,1,0.0
867412,3917,30.307085,225,True,1029.0833973989768,4,0.0
867672,3918,31.612055,225,True,1113.2821963071356,2,0.0
867924,3919,21.054702,225,True,722.9880976018744,0,0.0
868220,3920,23.143576,225,True,790.5430457041825,1,0.0
868312,3921,33.730253,225,True,1134.010138624909,6,0.0
868572,3922,30.378815,225,True,1047.9526135761323,3,0.0
868824,3923,26.503526,225,True,924.9410285987667,1,0.0
869120,3924,23.852496,225,True,834.8998306515546,0,0.0
869212,3925,28.660507,225,True,1011.22029385567,1,0.0
869472,3926,28.697468,225,True,964.698719170884,4,0.0
869724,3927,21.645636,225,True,746.6254436165814,0,0.0
870020,3928,30.522024,225,True,1037.6809669358904,4,0.0
870112,3929,25.703816,225,True,892.952640634945,1,0.0
870372,3930,26.078958,225,True,936.758327214239,0,0.0
870624,3931,20.397552,225,True,703.1020924954366,0,0.0
870920,3932,23.058387,225,True,787.1354957100932,1,0.0
871012,3933,24.634444,225,True,818.1777539104544,3,0.0
871272,3934,23.412606,225,True,817.3042331135243,0,0.0
871524,3935,22.744038,225,True,790.5615000348885,0,0.0
871820,3936,31.218548,225,True,1097.5419106587583,2,0.0
871912,3937,21.850625,225,True,754.825011912787,0,0.0
872172,3938,30.312261,225,True,1045.2904446060897,3,0.0
872424,3939,27.746907,225,True,942.6762627695553,3,0.0
872720,3940,31.571916,225,True,1095.6766248839494,3,0.0
872812,3941,32.813151,225,True,1065.3260363566042,8,0.0
873072,3942,23.817032,225,True,833.4812813975095,0,0.0
873324,3943,31.991195,225,True,1096.4478148599574,4,0.0
873620,3944,32.468486,225,True,1163.5394458669343,1,0.0
873712,3945,19.680423,225,True,668.0169185848372,0,0.0
873972,3946,28.423966,225,True,1001.7586205039715,1,0.0
874224,3947,23.363058,225,True,815.3223362165343,0,0.0
874520,3948,23.16389,225,True,807.3556092900258,0,0.0
874612,3949,20.953809,225,True,718.9523607414042,0,0.0
874872,3950,33.673968,225,True,1179.7587147672966,3,0.0
875124,3951,22.573832,225,True,783.7532990767033,0,0.0
875420,3952,24.212667,225,True,849.3066776895048,0,0.0
875512,3953,23.189478,225,True,808.3791381592821,0,0.0
875772,3954,26.081238,225,True,908.0495156530994,1,0.0
876024,3955,21.241641,225,True,730.4656254121658,0,0.0
876320,3956,27.9211,225,True,981.6439867121037,1,0.0
876412,3957,25.559952,225,True,903.1980695362613,0,0.0
876672,3958,25.993792,225,True,926.951694488738,0,0.0
876924,3959,22.244144,225,True,770.565779948058,0,0.0
877220,3960,31.971569,225,True,1127.6627456813808,2,0.0
877312,3961,32.411132,225,True,1113.2452838618074,4,0.0
877572,3962,25.804963,225,True,896.998533467307,1,0.0
877824,3963,23.446251,225,True,802.6500247424892,1,0.0
878120,3964,26.068563,225,True,907.5425000979099,1,0.0
878212,3965,28.582823,225,True,992.112917695091,2,0.0
878472,3966,24.510124,225,True,845.2049517639805,1,0.0
878724,3967,25.962762,225,True,903.3104749360982,1,0.0
879020,3968,31.650416,225,True,1050.8166334821135,6,0.0
879112,3969,26.117874,225,True,909.5149415313008,1,0.0
879372,3970,31.282803,225,True,1052.1121264419548,5,0.0
879624,3971,25.649265,225,True,906.7705908068772,0,0.0
879920,3972,27.993099,225,True,952.5239754220827,3,0.0
880012,3973,30.760579,225,True,1095.22317701591,1,0.0
880272,3974,27.330472,225,True,926.018898098486,3,0.0
880524,3975,29.753028,225,True,1144.5211126816585,2,4.400000000000001
880820,3976,22.650866,225,True,786.8346242151724,0,0.0
880912,3977,23.014322,225,True,801.3728911938642,0,0.0
881172,3978,24.554104,225,True,862.9641471514165,0,0.0
881424,3979,31.203055,225,True,1080.9222014914312,3,0.0
881720,3980,28.492971,225,True,988.5188484295995,2,0.0
881812,3981,27.232999,225,True,938.1199746467651,2,0.0
882072,3982,23.52233,225,True,805.693195579993,1,0.0
882324,3983,32.873045,225,True,1067.7218193170356,8,0.0
882620,3984,25.602798,225,True,904.911924706317,0,0.0
882712,3985,31.930621,225,True,1126.0248438421104,2,0.0
882972,3986,29.228016,225,True,1049.920626849187,0,0.0
883224,3987,25.1132,225,True,885.3280143719473,0,0.0
883520,3988,30.673171,225,True,1043.7268320528517,4,0.0
883612,3989,19.892596,225,True,681.3038555249957,0,0.2
883872,3990,30.322969,225,True,1013.7187472633279,5,0.0
884124,3991,25.655648,225,True,988.6259299311735,0,3.400000000000001
884420,3992,29.549103,225,True,1030.7641258322703,2,0.0
884512,3993,20.478655,225,True,699.9461865886158,0,0.0
884772,3994,21.462566,225,True,776.1026364341731,1,2.1999999999999997
885024,3995,30.588328,225,True,1062.7331042642472,3,0.0
885320,3996,23.891999,225,True,836.4799406746047,0,0.0
885412,3997,20.913047,225,True,717.3218600724022,0,0.0
885672,3998,34.881875,225,True,1196.0750124368687,5,0.0
885924,3999,30.281956,225,True,1104.8782362375773,1,1.2
886220,4000,33.587768,225,True,1161.9107196769032,6,1.4
886312,4001,29.973055,225,True,1031.7221897269494,3,0.0
886572,4002,26.071335,225,True,923.6534096370217,0,0.0
886824,4003,22.902819,225,True,780.9127628392682,1,0.0
887120,4004,25.079372,225,True,883.974879500857,0,0.0
887212,4005,21.720769,225,True,749.6307483956964,0,0.0
887472,4006,23.096322,225,True,804.6528865722803,0,0.0
887724,4007,24.761,225,True,880.8399814526747,0,0.4
888020,4008,25.472906,225,True,899.7162439932033,0,0.0
888112,4009,25.96299,225,True,903.3196032978929,1,0.0
888372,4010,27.470462,225,True,984.4184797480859,0,0.2
888624,4011,25.373061,225,True,863.7224561301562,2,0.0
888920,4012,27.21796,225,True,895.9183809642373,5,0.0
889012,4013,21.721979,225,True,749.6791668130893,0,0.0
889272,4014,22.692861,225,True,772.5144406238567,1,0.0
889524,4015,29.389523,225,True,1046.7809355674394,1,0.0
889820,4016,29.7563,225,True,1023.0519804213482,3,0.0
889912,4017,27.42302,225,True,945.7208102691661,2,0.0
890172,4018,32.111892,225,True,1101.275661813726,4,0.0
890424,4019,30.883218,225,True,1084.128707084079,2,0.0
890720,4020,22.615423,225,True,785.4169151788569,0,0.0
890812,4021,25.842296,225,True,898.4918277362242,1,0.0
891072,4022,28.684146,225,True,932.1658462533578,6,0.0
891324,4023,23.426929,225,True,801.8771757214831,1,0.0
891620,4024,30.819106,225,True,1081.564232741291,2,0.0
891712,4025,27.506367,225,True,949.0546909158736,2,0.0
891972,4026,29.533446,225,True,1046.137854379619,1,0.0
892188,4027,-5.022858,54,False,284.6856784526308,1,0.6000000000000001
892224,4028,24.272139,225,True,851.6855644694656,0,0.0
892520,4029,26.50694,225,True,925.0775893160637,1,0.0
892612,4030,22.812075,225,True,777.2829803501052,1,0.0
893088,4031,22.745336,225,True,790.6134203181316,0,0.0
893124,4032,25.243094,225,True,874.5237782587735,1,0.0
893420,4033,30.472912,225,True,1067.7164646059537,2,0.0
893512,4034,19.53158,225,True,662.0632178557437,0,0.0
893988,4035,23.493109,225,True,820.5243432016528,0,0.0
894024,4036,29.148502,225,True,1014.7400948042919,2,0.0
894320,4037,23.944243,225,True,838.5697246176094,0,0.0
894412,4038,27.88976,225,True,964.390407885453,2,0.0
894888,4039,28.714078,225,True,1013.3631056116624,1,0.0
894924,4040,28.106101,225,True,982.6440300920885,2,0.4
895220,4041,27.752495,225,True,942.8997893791559,3,0.0
895312,4042,29.864939,225,True,1059.3975572366357,1,0.0
895788,4043,24.611646,225,True,945.2658276075665,1,4.000000000000001
895824,4044,23.488409,225,True,804.3363507470299,1,0.0
896120,4045,27.913176,225,True,933.3270442300268,4,0.0
896212,4046,33.379303,225,True,1196.7721222618993,3,1.2
896688,4047,24.363023,225,True,855.3209303271326,0,0.0
896724,4048,22.217286,225,True,851.0914398261104,0,3.400000000000001
897020,4049,22.953641,225,True,790.9456259175361,2,1.0
897112,4050,27.901952,225,True,1016.0780717178372,0,0.8
897588,4051,29.693099,225,True,1052.5239762719384,1,0.0
897624,4052,30.548417,225,True,1070.73669778857,2,0.0
897704,4053,1.514036,171,False,594.1614229504225,0,2.1999999999999997
898012,4054,35.703056,225,True,1212.9222472506144,6,0.0
898276,4055,5.570084,163,False,738.8033559208388,2,2.8000000000000003
898488,4056,28.490264,225,True,940.4105693826484,5,0.0
898604,4057,25.033868,225,True,882.1547030037452,0,0.0
898912,4058,29.611168,225,True,1023.6467388410222,5,1.5999999999999999
899176,4059,23.973029,225,True,839.7211584059075,0,0.0
899388,4060,29.758362,225,True,1007.1344632349387,4,0.0
899504,4061,24.062744,225,True,843.3097689865003,0,0.0
899812,4062,30.551156,225,True,1054.8462230570008,3,0.0
900076,4063,34.399219,225,True,1192.76875593669,4,0.0
900288,4064,23.067675,225,True,787.5069922630369,1,0.0
900404,4065,24.843032,225,True,874.5212682456822,0,0.0
900712,4066,36.523055,225,True,1229.7221897145146,7,0.0
900976,4067,34.692182,225,True,1238.0872740929012,4,1.4
901188,4068,24.963056,225,True,879.3222592378772,0,0.0
901304,4069,23.820787,225,True,833.6314666095316,0,0.0
901612,4070,30.212983,225,True,993.3193080525623,6,0.0
901876,4071,30.438514,225,True,1098.3405518149098,0,0.0
902088,4072,21.372592,225,True,735.7036903022158,0,0.0
902204,4073,26.773058,225,True,887.7223065274302,4,0.0
902512,4074,34.272555,225,True,1166.9022190695196,6,0.2
902776,4075,28.292035,225,True,1012.4814128300684,0,0.0
902988,4076,28.343059,225,True,982.5223712330128,2,0.0
903104,4077,26.414918,225,True,889.3967379067335,3,0.0
903412,4078,25.393216,225,True,880.5286509209461,1,0.0
903676,4079,27.512518,225,True,981.300735088543,0,0.0
903888,4080,29.9531,225,True,1062.9239816805716,1,0.0
904004,4081,26.744203,225,True,934.5681257818312,1,0.0
904312,4082,26.798817,225,True,920.7526728599455,2,0.0
904576,4083,24.391876,225,True,856.4750587911949,0,0.0
904788,4084,24.292991,225,True,825.3196202399779,2,0.2
904904,4085,25.613797,225,True,889.3518790178882,1,0.0
905212,4086,27.323328,225,True,941.7331087317118,2,0.0
905476,4087,23.845631,225,True,802.6252543897142,2,0.0
905688,4088,21.664298,225,True,747.3719028050589,0,0.0
905804,4089,32.906083,225,True,1133.0433126648904,4,0.0
906112,4090,21.613583,225,True,745.3433261474934,0,0.0
906376,4091,25.751606,225,True,910.8642502328307,0,0.0
906588,4092,27.112106,225,True,949.284247259478,1,0.0
906704,4093,26.926264,225,True,941.8505772425685,1,0.0
907012,4094,31.003056,225,True,1104.9222494409064,1,0.0
907276,4095,20.2528,225,True,690.9120029682786,0,0.0
907488,4096,27.497364,225,True,932.6945562865437,3,0.0
907604,4097,27.68386,225,True,1034.5543958284122,1,2.6
907912,4098,34.303587,225,True,1188.943497181202,4,0.0
908176,4099,24.954741,225,True,846.9896524288329,2,0.0
908388,4100,23.133143,225,True,806.1257134922737,0,0.0
908504,4101,31.012291,225,True,1041.29163238064,5,0.0
908812,4102,30.753035,225,True,1062.9213980006962,3,0.0
909076,4103,21.542694,225,True,742.5077421801282,0,0.0
909288,4104,32.762572,225,True,1143.302863210778,3,0.0
909404,4105,24.398645,225,True,856.7458180227065,0,0.0
909712,4106,25.958517,225,True,887.1406849332375,2,0.0
909976,4107,22.953073,225,True,798.9229136737397,0,0.0
910188,4108,29.592902,225,True,1048.5160801434035,1,0.0
910304,4109,33.603578,225,True,1064.9431273882014,10,0.0
910612,4110,30.91202,225,True,1069.2807844928507,3,0.0
910876,4111,22.405512,225,True,777.0204661882242,0,0.0
911088,4112,21.948679,225,True,758.7471683219235,0,0.0
911204,4113,29.930849,225,True,1046.0339786753357,2,0.0
911512,4114,27.543052,225,True,934.52207931918,3,0.0
911716,4115,3.871268,210,False,750.8507190976666,0,4.800000000000002
911988,4116,28.635817,225,True,994.2326790582388,2,0.0
912104,4117,25.097707,225,True,852.7082725312043,2,0.0
912412,4118,26.287138,225,True,975.4855191723841,0,1.7999999999999998
912616,4119,25.490275,225,True,884.4110066575165,1,0.0
912888,4120,23.554964,225,True,806.9985611900156,1,0.0
913004,4121,24.557675,225,True,863.1070101548016,0,0.0
913312,4122,24.943369,225,True,862.534752427634,1,0.0
913516,4123,26.222218,225,True,913.6887191636845,1,0.0
913768,4124,20.060971,220,False,1286.438839762095,4,2.8000000000000003
913904,4125,23.493805,225,True,820.5522127063248,0,0.0
914212,4126,29.112618,225,True,1029.3047072568029,1,0.0
914416,4127,29.703055,225,True,972.922188911733,6,0.0
914668,4128,19.622035,225,True,665.6814120471392,0,0.0
914804,4129,25.979745,225,True,919.9897808905898,0,0.0
915112,4130,24.632367,225,True,866.0946894722422,0,0.0
915316,4131,23.466415,225,True,819.4566156331814,0,0.0
915568,4132,24.058383,225,True,811.1353165760061,2,0.0
915704,4133,26.973099,225,True,954.9239722188845,3,1.7999999999999998
916012,4134,22.143055,225,True,766.5221885567853,0,0.0
916216,4135,21.127216,225,True,725.8886204848325,0,0.0
916468,4136,26.80356,225,True,936.9423998359553,1,0.0
916604,4137,24.936224,225,True,878.2489795833019,0,0.0
916912,4138,24.769231,225,True,839.5692225462171,2,0.0
917116,4139,30.933261,225,True,1070.1304237045474,3,0.0
917368,4140,29.000995,225,True,960.8398166688421,5,0.0
917504,4141,24.931074,225,True,868.4429486033916,1,0.0
917764,4142,11.088309,213,False,940.3323458476996,3,2.4
918016,4143,26.223156,225,True,929.7262319509086,0,0.0
918268,4144,21.978822,225,True,759.9528768886503,0,0.0
918404,4145,27.574023,225,True,983.7609023761158,0,0.0
918664,4146,19.201377,225,True,648.8550902979712,0,0.0
918916,4147,27.645895,225,True,922.6358124129158,4,0.0
919168,4148,23.701413,225,True,828.8565115571178,0,0.0
919304,4149,29.168542,225,True,983.5416699383975,4,0.0
919564,4150,20.309846,225,True,693.1938565017865,0,0.0
919816,4151,25.673062,225,True,875.7224744057867,2,0.0
920068,4152,28.895488,225,True,972.61951636915,4,0.0
920204,4153,27.919505,225,True,965.5802019398457,2,0.0
920464,4154,22.313396,225,True,773.3358268415941,0,0.0
920716,4155,23.982821,225,True,824.1128454318334,1,0.0
920968,4156,31.782144,225,True,1088.0857529052005,4,0.0
921104,4157,24.576126,225,True,863.8450290608753,0,0.0
921364,4158,22.304234,225,True,756.969369330317,1,0.0
921616,4159,23.543503,225,True,790.5401333885998,2,0.0
921868,4160,27.312742,225,True,957.3096756028763,1,0.0
922004,4161,28.399595,225,True,968.7837962489136,3,0.0
922264,4162,24.302028,225,True,836.8811218081312,1,0.0
922516,4163,24.25266,225,True,850.9064031290457,0,0.0
922768,4164,24.252968,225,True,834.9187347499521,1,0.0
922904,4165,24.119709,225,True,845.5883453464423,0,0.0
923164,4166,25.603054,225,True,840.9221682915047,4,0.0
923416,4167,25.546008,225,True,902.6403068726229,0,0.0
923668,4168,29.414483,225,True,1025.3793353930946,2,0.0
923804,4169,26.215468,225,True,929.4187311259916,0,0.0
924064,4170,27.293058,225,True,940.522324595446,2,0.0
924316,4171,24.462739,225,True,843.3095655957459,1,0.0
924568,4172,19.651499,225,True,666.8599484363756,0,0.0
924704,4173,24.789743,225,True,840.3897291020373,2,0.0
924964,4174,26.063055,225,True,891.3221816704722,2,0.0
925216,4175,23.317895,225,True,813.515809295211,0,0.0
925468,4176,30.152015,225,True,1086.8806197195822,0,0.0
925604,4177,21.121988,225,True,725.6795090563703,0,0.0
925864,4178,33.552087,225,True,1158.88349684688,4,0.0
926116,4179,23.402408,225,True,816.8963365997874,0,0.0
926368,4180,25.101372,225,True,868.8548884978732,1,0.0
926504,4181,27.383055,225,True,944.1221911807172,2,0.0
926764,4182,24.803048,225,True,840.921905341602,2,0.0
927016,4183,25.547675,225,True,854.7069835855607,3,0.0
927268,4184,27.431339,225,True,962.0535785621751,1,0.0
927404,4185,27.882844,225,True,980.113746650233,1,0.0
927664,4186,23.172771,225,True,791.7108307785738,1,0.0
927916,4187,21.573055,225,True,743.7222001034281,0,0.0
928168,4188,20.487753,225,True,700.3101183109065,0,0.0
928304,4189,24.719165,225,True,853.5666076186412,1,0.0
928564,4190,21.48305,225,True,740.1219968639134,0,0.0
928816,4191,24.791549,225,True,872.4619745855846,0,0.0
929068,4192,28.523694,225,True,989.7477657627296,2,0.0
929204,4193,20.401225,225,True,696.8489858184953,0,0.0
929464,4194,23.952041,225,True,822.8816219958167,1,0.0
929716,4195,25.549876,225,True,902.7950390918795,0,0.0
929968,4196,32.003955,225,True,1096.9581974686166,4,0.0
930104,4197,27.853211,225,True,978.9284429600207,1,0.0
930364,4198,24.384532,225,True,856.1812707788133,0,0.0
930616,4199,27.382861,225,True,944.1144556077645,2,0.0
930868,4200,26.313065,225,True,933.3226170080945,0,0.0
931004,4201,26.293172,225,True,916.5268972627098,1,0.0
931264,4202,30.363705,225,True,1095.348190106583,0,0.0
931516,4203,29.482913,225,True,1028.1165244452973,2,0.0
931768,4204,23.67928,225,True,811.9712073726671,1,0.0
931904,4205,30.903074,225,True,1068.9229408341635,3,0.0
932164,4206,25.575039,225,True,865.4015609810401,3,0.4
932416,4207,25.109532,225,True,885.1812936436177,0,0.0
932668,4208,27.458587,225,True,947.1434843036841,2,0.0
932804,4209,24.813213,225,True,873.3285374556106,0,0.0
932972,4210,7.598448,202,False,805.5379127683152,2,2.1999999999999997
933316,4211,31.573797,225,True,1127.7518898228082,1,0.0
933568,4212,22.733744,225,True,774.1497506357109,1,0.0
933704,4213,23.868656,225,True,869.1462499110721,0,1.4
933872,4214,32.967534,225,True,1183.5013704334124,1,0.0
934216,4215,30.821318,225,True,1049.6527391049317,4,0.0
934468,4216,29.992784,225,True,1000.5113777280815,5,0.0
934604,4217,30.995513,225,True,1056.6205092194314,4,0.0
934772,4218,21.483055,225,True,740.1221877939572,0,0.0
935116,4219,24.013059,225,True,825.3223721051636,1,0.0
935368,4220,28.893055,225,True,1036.522183524946,0,0.0
935504,4221,29.179092,225,True,1031.9636688045505,1,0.0
935672,4222,26.032803,225,True,890.1121129259402,2,0.0
936016,4223,24.063865,225,True,843.354584188583,0,0.0
936268,4224,27.873032,225,True,995.7212862161891,0,0.0
936404,4225,31.163055,225,True,1047.3221994364067,5,0.0
936572,4226,22.323055,225,True,773.722189705381,0,0.0
936916,4227,26.713553,225,True,949.3421343425832,0,0.0
937168,4228,29.663098,225,True,987.3239240518224,5,0.0
937304,4229,28.801525,225,True,1032.8610052191757,0,0.0
937472,4230,21.601814,225,True,744.8725580435698,0,0.0
937816,4231,22.683047,225,True,788.1218735228185,0,0.0
938068,4232,26.820392,225,True,953.6156807445254,0,0.0
938204,4233,29.602954,225,True,1032.9181630154706,2,0.0
938372,4234,37.214442,225,True,1223.777686960149,10,0.6000000000000001
938716,4235,25.293211,225,True,892.5284434316325,0,0.0
938968,4236,22.712968,225,True,789.3187285999797,0,0.0
939104,4237,21.182831,225,True,728.1132486399395,0,0.0
939272,4238,22.233096,225,True,885.3238537380644,3,6.800000000000003
939616,4239,21.602968,225,True,744.9187231204171,0,0.0
939868,4240,23.692724,225,True,796.5089551636688,2,0.0
940004,4241,23.083053,225,True,788.1221100608841,1,0.0
940172,4242,22.081641,225,True,764.0656242514265,0,0.0
940516,4243,31.158649,225,True,1063.1459655835665,4,0.0
940768,4244,20.853081,225,True,714.9232533134546,0,0.0
940904,4245,25.527906,225,True,901.916231957942,0,0.0
941072,4246,23.62304,225,True,824.1216031195618,4,2.6
941416,4247,21.153052,225,True,726.9220693978154,0,0.0
941668,4248,30.773108,225,True,1074.9243292661304,5,1.7999999999999998
941804,4249,24.423055,225,True,857.7221827755452,0,0.0
941972,4250,26.012525,225,True,921.3009876217861,0,0.0
942316,4251,26.029627,225,True,921.9850886221288,0,0.0
942568,4252,21.028175,225,True,721.9269906821287,0,0.0
942704,4253,19.653031,225,True,666.9212261370722,0,0.0
942872,4254,23.312825,225,True,813.3129912209954,0,0.0
943216,4255,22.393055,225,True,774.9221833503891,1,0.6000000000000001
943468,4256,25.996773,225,True,920.6709298567923,0,0.0
943604,4257,30.549473,225,True,1086.7789054462605,1,0.0
943772,4258,23.012977,225,True,801.3190931164979,0,0.0
944116,4259,19.202762,225,True,648.9104863742662,0,0.0
944368,4260,25.213054,225,True,873.3221675190277,1,0.0
944504,4261,23.443032,225,True,802.5212857060735,1,0.0
944672,4262,29.892249,225,True,1076.4899653581533,0,0.0
945004,4263,6.052526,159,False,695.701028418408,5,2.1999999999999997
945016,4264,26.273728,225,True,915.7491326330087,1,0.0
945404,4265,28.712807,225,True,981.312286909133,3,0.0
945572,4266,24.5831,225,True,848.1239813434679,1,0.0
945904,4267,25.103051,225,True,862.5220537988514,2,0.4
945916,4268,27.966797,225,True,951.4718635866336,3,0.0
946304,4269,22.673055,225,True,755.7221894224745,2,0.0
946472,4270,27.854405,225,True,978.9761809671891,1,0.0
946804,4271,24.042806,225,True,826.5122541809792,1,0.0
946816,4272,21.903027,225,True,756.921097884717,0,0.0
947204,4273,30.603459,225,True,1008.9383516007074,6,0.0
947372,4274,25.227653,225,True,889.9061047214054,0,0.0
947704,4275,23.955462,225,True,823.0184923596485,1,0.0
947716,4276,26.525059,225,True,941.8023576037065,0,0.0
948104,4277,29.252205,225,True,1050.888206409786,0,0.0
948272,4278,23.04286,225,True,802.5144196561023,0,0.0
948604,4279,25.74431,225,True,910.5723903400794,0,0.0
948616,4280,20.553052,225,True,702.9220608616338,0,0.0
949004,4281,29.803054,225,True,1008.9221489057275,4,0.0
949172,4282,21.602377,225,True,744.8950724615888,0,0.0
949504,4283,22.861644,225,True,795.2657527356462,0,0.0
949516,4284,25.713066,225,True,909.3226357091628,0,0.0
949904,4285,33.720039,225,True,1149.601572230643,5,0.0
950072,4286,20.40268,225,True,696.9072123681465,0,0.0
950404,4287,28.088011,225,True,1004.3204314340157,0,0.0
950416,4288,20.312405,225,True,693.2962104953904,0,0.0
950804,4289,27.637725,225,True,922.30899180488,4,0.0
950972,4290,20.672736,225,True,707.7094542321449,0,0.0
951304,4291,24.392955,225,True,856.5181910391939,0,0.0
951316,4292,26.423056,225,True,857.7222339300263,5,0.0
951704,4293,24.441209,225,True,826.4483472452621,2,0.0
951872,4294,25.977673,225,True,903.9069304726336,1,0.0
952204,4295,28.211847,225,True,993.2738915725706,1,0.0
952216,4296,23.814555,225,True,833.382191192637,0,0.0
952604,4297,26.612298,225,True,929.2919160332285,1,0.0
952772,4298,24.26305,225,True,819.3220080928684,2,0.0
953104,4299,25.034407,225,True,882.1762971430358,0,0.0
953116,4300,20.81193,225,True,713.2772117682703,0,0.0
953504,4301,25.083415,225,True,884.1365928411924,0,0.0
953672,4302,23.466988,225,True,819.479537389796,0,0.0
954004,4303,31.972876,225,True,1127.7150436433112,2,0.0
954016,4304,27.611756,225,True,969.2702549819999,1,0.0
954404,4305,21.423045,225,True,737.7217976405809,0,0.0
954572,4306,24.209009,225,True,849.160355359476,0,0.0
954904,4307,25.008809,225,True,881.1523410306527,0,0.0
954916,4308,22.023047,225,True,761.7218905910875,0,0.0
955304,4309,24.492762,225,True,844.5104728952726,1,0.0
955472,4310,28.953085,225,True,990.9233987543794,3,0.0
955804,4311,27.381732,225,True,960.0692730516919,1,0.0
955816,4312,26.52299,225,True,941.7196067852035,0,0.0
956204,4313,29.213062,225,True,1017.3224932515886,2,0.0
956372,4314,27.118155,225,True,885.5261993220574,5,0.0
956704,4315,25.183055,225,True,872.1221991622699,1,0.0
956716,4316,27.412045,225,True,945.2818114483048,2,0.0
957104,4317,34.126116,225,True,1165.8446441326873,5,0.0
957272,4318,24.663174,225,True,867.3269409340191,0,0.0
957604,4319,34.173063,225,True,1199.7225048964683,3,0.0
957616,4320,26.963049,225,True,879.321952736233,5,0.0
958004,4321,28.464873,225,True,971.3949165049039,3,0.0
958172,4322,31.22241,225,True,1081.6963816170169,3,0.0
958504,4323,28.656978,225,True,1011.0791110300311,1,0.0
958516,4324,32.743065,225,True,1126.5226069318328,4,0.0
958904,4325,20.522064,225,True,701.6825583975194,0,0.0
959072,4326,19.802351,225,True,672.8940330932373,0,0.0
959404,4327,24.693204,225,True,868.5281785088769,0,0.0
959416,4328,20.732979,225,True,710.1191400931875,0,0.0
959804,4329,23.433032,225,True,842.1212903043504,0,1.0
959972,4330,25.023055,225,True,881.7221876630827,0,0.0
960304,4331,22.651363,225,True,786.8545338099707,0,0.0
960316,4332,25.6331,225,True,890.1239886869059,1,0.0
960704,4333,32.183805,225,True,1116.9522182694386,5,1.2
960872,4334,32.827543,225,True,1161.9017320367057,2,0.0
961204,4335,23.403028,225,True,816.921110133874,0,0.0
961216,4336,20.583045,225,True,905.7217947347388,3,10.399999999999995
961604,4337,25.442968,225,True,898.518728017375,0,0.0
961772,4338,27.140436,225,True,934.417440172472,2,0.0
962104,4339,29.441637,225,True,1042.4654762750272,1,0.0
962116,4340,23.90516,225,True,837.0063872818821,0,0.0
962504,4341,20.222954,225,True,689.7181764234342,0,0.0
962672,4342,29.441284,225,True,984.8513665268256,5,0.0
963004,4343,23.563001,225,True,807.3200201450072,1,0.0
963016,4344,28.003543,225,True,984.9417263726614,1,0.0
963404,4345,28.313762,225,True,981.3504946339804,2,0.0
963572,4346,33.393806,225,True,1168.5522588408335,3,0.0
963904,4347,26.242943,225,True,930.5177153926663,0,0.0
963916,4348,21.903031,225,True,756.921239583058,0,0.0
964304,4349,24.122505,225,True,845.7001823894198,0,0.0
964472,4350,25.863417,225,True,915.3366776572009,0,0.0
964804,4351,30.732677,225,True,1094.107078534451,1,0.0
964816,4352,31.983211,225,True,1112.128442972204,3,0.0
965204,4353,20.672838,225,True,707.7135038162785,0,0.0
965372,4354,25.502746,225,True,900.9098308957728,0,0.0
965704,4355,26.690958,225,True,932.4383035590404,1,0.0
965716,4356,35.664194,225,True,1260.9677764372595,5,1.4
966104,4357,23.792378,225,True,832.4951320145915,0,0.0
966272,4358,31.089321,225,True,1092.3728305272289,2,0.0
966604,4359,24.773055,225,True,839.7221893801884,2,0.0
966616,4360,21.302826,225,True,732.9130528435492,0,0.0
967004,4361,26.463055,225,True,939.3222087121369,0,0.0
967172,4362,22.533022,225,True,782.120862089263,0,0.0
967504,4363,26.603055,225,True,912.9221882973734,2,0.0
967516,4364,32.032479,225,True,1130.0991765490871,2,0.0
967904,4365,25.143097,225,True,905.7238680635596,0,0.8
968072,4366,21.240514,225,True,730.4205495184801,0,0.0
968404,4367,30.473356,225,True,1067.7342408057607,2,0.0
968416,4368,27.284003,225,True,956.1601047965082,1,0.0
968804,4369,33.284633,225,True,1183.3853094351407,6,2.8000000000000003
968972,4370,23.226953,225,True,915.478124300846,0,4.400000000000001
969304,4371,29.503094,225,True,1044.9237476907601,1,0.0
969316,4372,19.773054,225,True,671.722166763011,0,0.0
969704,4373,31.703811,225,True,1068.952439872578,5,0.0
969872,4374,28.483797,225,True,1004.1518955392171,1,0.0
970204,4375,30.980881,225,True,1072.0352579295572,3,0.0
970216,4376,30.404669,225,True,1080.9867753726116,1,0.0
970604,4377,26.072904,225,True,966.9161403220994,0,1.7999999999999998
970644,4378,-1.349266,107,False,463.629354916221,1,2.1999999999999997
970772,4379,23.700609,225,True,828.8243402473165,0,0.0
971104,4380,28.960753,225,True,1023.2301374420031,1,0.0
971504,4381,25.142825,225,True,900.913010510192,0,0.6000000000000001
971544,4382,28.120405,225,True,1005.6162099775258,0,0.0
971672,4383,24.632975,225,True,818.1189949701054,3,0.0
972004,4384,24.718815,225,True,869.55258625432,0,0.0
972404,4385,27.651694,225,True,970.8677546331483,1,0.0
972444,4386,27.093046,225,True,916.521820891202,3,0.0
972572,4387,29.943806,225,True,1078.5522206450996,0,0.0
972904,4388,22.603054,225,True,768.9221573174184,1,0.0
973304,4389,25.293092,225,True,892.5236877481686,0,0.0
973344,4390,38.253055,225,True,1266.922185270712,9,0.0
973472,4391,31.591488,225,True,1080.4595201273205,4,0.0
973804,4392,21.723053,225,True,749.7221268871779,0,0.0
974204,4393,32.232511,225,True,1106.1004292186253,4,0.0
974244,4394,26.490914,225,True,930.8365411127002,1,0.0
974372,4395,24.96749,225,True,879.4995886919878,0,0.0
974704,4396,25.614003,225,True,873.3601133864752,2,0.0
975104,4397,21.122885,225,True,725.7154198545209,0,0.0
975144,4398,31.024534,225,True,1041.7813567331411,5,0.0
975272,4399,29.183211,225,True,968.1284436854683,5,0.0
975604,4400,23.537778,225,True,822.3111267832069,0,0.0
976004,4401,26.927662,225,True,861.9064974988228,6,0.0
976044,4402,22.552534,225,True,792.5013608356933,0,0.4
976172,4403,27.864827,225,True,979.3930897157804,1,0.0
976504,4404,26.263894,225,True,931.3557720039032,0,0.0
976904,4405,28.501698,225,True,972.8679207014202,3,0.0
976944,4406,25.603646,225,True,888.9458449627402,1,0.0
977072,4407,22.021759,225,True,761.670371984487,0,0.0
977404,4408,25.723998,225,True,893.7599267287858,1,0.0
977804,4409,22.32303,225,True,778.5211998496197,0,0.2
977844,4410,24.74312,225,True,854.5248156929447,1,0.0
977972,4411,19.952765,225,True,678.9106003529423,0,0.0
978304,4412,27.48419,225,True,980.1675911607581,0,0.0
978704,4413,27.733065,225,True,926.1226111692822,4,0.0
978744,4414,21.048405,225,True,722.7362104910178,0,0.0
978872,4415,27.58427,225,True,968.1708161700446,1,0.0
979204,4416,30.40064,225,True,1048.825613594237,3,0.0
979604,4417,22.762973,225,True,759.3189076588783,2,0.0
979644,4418,21.273034,225,True,731.7213712182013,0,0.0
979772,4419,22.833066,225,True,794.1226355412368,0,0.0
980104,4420,29.522096,225,True,1045.6838571545877,1,0.0
980504,4421,24.902325,225,True,899.2930146372948,1,1.5999999999999999
980544,4422,27.292664,225,True,972.5065793740525,0,0.0
980672,4423,30.588854,225,True,1072.3541497177498,2,0.0
981004,4424,31.042961,225,True,994.5184422737086,8,0.0
981404,4425,31.537764,225,True,1116.7105788110339,2,0.0
981444,4426,33.803663,225,True,1152.9465194956056,5,0.0
981572,4427,26.168414,225,True,927.5365499186119,0,0.0
981904,4428,24.293042,225,True,820.5216630905202,2,0.0
982304,4429,21.693027,225,True,748.5210922483304,0,0.0
982344,4430,28.393805,225,True,952.5522145545258,4,0.0
982472,4431,26.675395,225,True,947.8158047398142,0,0.0
982804,4432,21.9431,225,True,790.5239950016708,1,1.9999999999999998
983204,4433,26.782446,225,True,872.0978293925284,5,0.0
983244,4434,29.958811,225,True,1063.1524402602195,1,0.0
983372,4435,22.303954,225,True,756.9581748769442,1,0.0
983704,4436,31.543065,225,True,1078.5226163194188,4,0.0
984104,4437,22.892825,225,True,796.5130152902677,0,0.0
984144,4438,24.313001,225,True,837.3200339394357,1,0.0
984272,4439,29.981875,225,True,1064.0750091330274,1,0.0
984604,4440,23.792853,225,True,832.5141208608782,0,0.0
985004,4441,22.563579,225,True,783.3431555762118,0,0.0
985044,4442,23.970868,225,True,839.6347177552177,0,0.0
985172,4443,26.206715,225,True,929.0685912714464,0,0.0
985504,4444,21.902861,225,True,756.914429423829,0,0.0
985904,4445,19.683368,225,True,668.1347121615031,0,0.0
985944,4446,21.152637,225,True,731.7054837208125,0,0.2
986072,4447,21.3331,225,True,734.1239997493408,0,0.0
986404,4448,20.733215,225,True,710.1286139289307,0,0.0
986804,4449,31.383803,225,True,1040.1521254252013,6,0.0
986844,4450,27.923079,225,True,936.9231426929323,5,0.8
986972,4451,25.618777,225,True,905.5510916406811,0,0.0
987304,4452,23.381658,225,True,800.0663237772551,1,0.0
987704,4453,21.843056,225,True,754.5222333674562,0,0.0
987744,4454,25.833097,225,True,914.1238950637519,0,0.0
987872,4455,36.272978,225,True,1187.7191326325342,9,0.0
988204,4456,27.522409,225,True,1060.0963700382144,2,4.600000000000001
988472,4457,-7.083913,67,False,264.6434645992722,0,2.8000000000000003
988604,4458,21.390003,225,True,750.8001084189732,0,0.6000000000000001
988644,4459,26.10307,225,True,924.9227931057844,0,0.0
988772,4460,25.738412,225,True,852.7364975346068,4,0.0
989372,4461,22.797797,225,True,797.5118962104202,0,0.2
989504,4462,28.61361,225,True,993.3443860420675,2,0.0
989544,4463,25.472987,225,True,861.3194860299755,3,0.4
989672,4464,21.548359,225,True,742.7343617612164,0,0.0
990272,4465,23.253029,225,True,810.9211471053784,0,0.0
990404,4466,27.460194,225,True,931.2077560702769,3,0.0
990444,4467,22.899649,225,True,796.7859648672709,0,0.0
990572,4468,33.872991,225,True,1171.7196473672507,4,0.0
991172,4469,25.427973,225,True,897.9189087783698,0,0.0
991304,4470,22.889886,225,True,786.7954290472728,1,0.0
991344,4471,26.35142,225,True,934.856811124771,0,0.0
991472,4472,33.815247,225,True,1169.4098692200087,4,0.0
992072,4473,31.24206,225,True,1056.8824141512505,5,0.0
992204,4474,20.921138,225,True,717.6455023382318,0,0.0
992244,4475,26.31093,225,True,901.2372146729499,2,0.0
992372,4476,26.413805,225,True,921.3522166441585,1,0.0
992972,4477,21.84049,225,True,754.4196061163993,0,0.0
993104,4478,28.003055,225,True,936.9221929721778,7,1.9999999999999998
993144,4479,22.203064,225,True,768.9225462625348,0,0.0
993272,4480,22.388773,225,True,776.3509320481076,0,0.0
993872,4481,22.953196,225,True,798.9278259173011,0,0.0
994004,4482,34.185086,225,True,1184.203454532421,4,0.0
994044,4483,23.707205,225,True,829.08821714428,0,0.0
994172,4484,19.922945,225,True,816.9178147360283,0,5.8000000000000025
994772,4485,27.053211,225,True,930.9284429573322,2,0.0
994904,4486,29.42445,225,True,1025.7780038844312,2,0.0
994944,4487,26.593104,225,True,928.5241561193359,1,0.0
995072,4488,26.584311,225,True,944.1724353729983,0,0.0
995672,4489,27.428696,225,True,977.9478295753099,0,0.0
995804,4490,25.033211,225,True,866.1284543973588,1,0.0
995844,4491,26.07383,225,True,923.753199241607,0,0.0
995972,4492,22.003843,225,True,760.9537082915647,0,0.0
996572,4493,33.234107,225,True,1114.164295779885,6,0.0
996704,4494,22.192277,225,True,752.4910920708235,1,0.0
996744,4495,26.601462,225,True,944.858469752945,0,0.0
996872,4496,27.549593,225,True,989.1837024564556,0,0.0
997232,4497,5.835418,165,False,755.8167371106374,1,2.4
997604,4498,33.573066,225,True,1127.7226326633609,6,0.0
997644,4499,25.3847,225,True,880.1879996507489,1,0.0
997772,4500,35.248678,225,True,1194.7471260768702,6,0.0
998132,4501,32.632428,225,True,1138.097118367807,3,0.0
998504,4502,33.134655,225,True,1142.1862049854162,4,0.0
998544,4503,29.373055,225,True,959.7221897144811,6,0.0
998672,4504,31.192643,225,True,1064.505719700357,4,0.0
999032,4505,30.023093,225,True,1064.1237332140477,2,0.6000000000000001
999404,4506,25.763034,225,True,879.3213782057337,2,0.0
999444,4507,25.683207,225,True,860.1282779775615,3,0.0
999572,4508,35.363846,225,True,1119.353853816509,11,0.0
999932,4509,24.042574,225,True,842.5029562397967,0,0.0
1000304,4510,31.073045,225,True,995.7218084892747,8,0.0
1000344,4511,24.373055,225,True,839.7221907605397,1,0.0
1000472,4512,24.774092,225,True,871.763683806696,0,0.0
1000832,4513,32.203211,225,True,1104.9284429680292,4,0.0
1001204,4514,31.53567,225,True,1078.226786484628,4,0.0
1001244,4515,23.474167,225,True,803.7666662512536,1,0.0
1001372,4516,25.233975,225,True,890.1589931849137,0,0.0
