timesteps,episode,return,length,completed,distance_m,overtakes,danger_seconds
292,1,-4.790139,73,False,290.79444146407377,0,0.0
304,2,-1.197554,76,False,432.89784065907156,0,0.0
676,3,9.556724,169,False,816.6689450558104,3,0.0
900,4,29.160741,225,True,999.2296388818568,3,0.0
1192,5,25.305547,225,True,893.0218982501362,0,0.0
1204,6,32.801043,225,True,1127.2417019284603,5,0.0
1576,7,38.440693,225,True,1276.0277039911653,9,0.0
1800,8,37.661017,225,True,1297.640676171744,6,0.2
1896,9,11.949909,176,False,934.7963483382507,2,0.0
2104,10,37.184195,225,True,1289.7678092131578,5,0.0
2132,11,-2.732556,83,False,384.29774878987837,0,0.0
2476,12,28.885156,225,True,957.0062226203595,5,0.0
2676,13,7.720817,136,False,759.2326987704982,2,0.0
2796,14,32.470073,225,True,1138.8029011229391,3,0.0
2800,15,-1.67693,81,False,414.52279246984676,0,0.0
2952,16,17.124522,212,False,1104.1808891242895,4,0.0
3288,17,0.587587,84,False,489.1034958471371,1,0.0
3576,18,34.133023,225,True,1206.1209303545097,3,0.0
3696,19,33.315946,225,True,1168.637840865646,3,0.0
3700,20,31.583633,225,True,1136.945301926724,2,0.0
4188,21,29.001654,225,True,1017.6661419300624,2,0.0
4476,22,34.823792,225,True,1182.5516765934758,6,0.0
4596,23,36.780925,225,True,1257.6370131358476,6,0.0
4600,24,38.290992,225,True,1262.0396734623214,10,0.0
5088,25,33.629474,225,True,1148.3789470373881,5,0.0
5376,26,33.718812,225,True,1150.3524793851261,5,0.0
5496,27,34.998207,225,True,1231.1282905606713,4,0.0
5500,28,38.449164,225,True,1308.3665658426012,7,0.0
5988,29,36.498602,225,True,1247.944080263389,6,0.0
6276,30,36.035164,225,True,1244.6065645461204,5,0.0
6396,31,39.631867,225,True,1339.6746849523265,8,0.0
6400,32,29.793546,225,True,1042.1418579507417,2,0.0
6888,33,33.61995,225,True,1148.7979839367872,5,0.0
7176,34,35.973607,225,True,1194.944276822107,8,0.0
7296,35,28.335846,225,True,1015.8338203987275,0,0.0
7300,36,32.958848,225,True,1147.1539303525346,5,0.6000000000000001
7788,37,31.224523,225,True,1053.7809316537687,5,0.0
7976,38,11.666827,170,False,916.2730994700426,2,0.0
8016,39,-4.628583,57,False,295.65666377158686,0,0.0
8056,40,7.657836,189,False,797.5134275330154,0,0.4
8076,41,36.552558,225,True,1242.102329145749,7,0.0
8736,42,13.012174,165,False,938.8869604000283,4,0.0
8876,43,36.847847,225,True,1277.9138836693082,5,0.0
8900,44,17.922316,211,False,1124.8926533136032,5,0.2
8916,45,34.827808,225,True,1197.1123145973897,5,0.0
9356,46,3.897352,110,False,617.4940682025194,2,0.0
9380,47,2.670028,120,False,574.8011177362762,1,0.0
9636,48,31.418563,225,True,1091.942538422281,3,0.0
9776,49,34.792209,225,True,1181.2883431394248,6,0.0
10188,50,2.544687,103,False,557.7874797187981,2,0.0
10256,51,36.660857,225,True,1268.834262045938,5,0.0
10280,52,37.800653,225,True,1284.0261246554223,7,0.0
10536,53,38.557671,225,True,1345.5068556807714,5,0.0
10884,54,9.731111,157,False,823.6444327359272,3,0.0
11088,55,31.183935,225,True,1093.7573810436133,3,0.0
11180,56,36.352259,225,True,1264.4903741872213,5,0.0
11292,57,11.603501,189,False,913.7400546827571,2,0.0
11784,58,35.196675,225,True,1226.2669984185382,4,0.0
11988,59,39.729876,225,True,1345.1950431549499,8,0.0
12080,60,36.3646,225,True,1229.7839978370644,7,0.0
12192,61,34.052823,225,True,1164.5129390310558,5,0.0
12684,62,28.698772,225,True,1043.950861718241,0,0.0
12716,63,6.435317,159,False,724.6126882855451,1,0.0
12888,64,32.834425,225,True,1149.3770165785072,3,0.0
13092,65,39.605415,225,True,1339.4166081983103,8,0.0
13204,66,4.741319,122,False,654.4527505141577,1,0.0
13584,67,30.15475,225,True,1062.189997986527,2,0.0
13788,68,33.691246,225,True,1180.449839646984,3,0.0
13992,69,32.090315,225,True,1140.4125951302913,4,1.0
14104,70,39.326602,225,True,1344.264071073576,7,0.0
14484,71,33.253102,225,True,1176.5240945024539,3,0.0
14688,72,38.88225,225,True,1325.6900096239674,7,0.0
14892,73,31.578962,225,True,1081.5584843790134,4,0.0
14892,74,1.895376,102,False,540.615038464538,2,0.4
15004,75,30.580815,225,True,1057.6325923561499,3,0.0
15588,76,29.387269,225,True,1010.6907764279292,3,0.0
15792,77,30.362576,225,True,998.5030567523752,6,0.0
15792,78,28.730452,225,True,1017.2180631010438,1,0.0
15904,79,28.25476,225,True,1038.1904194652502,0,0.0
16116,80,4.834793,132,False,659.791710116974,1,0.0
16544,81,17.695237,188,False,1106.209464309357,6,0.2
16692,82,33.563697,225,True,1133.7478791764265,7,0.8
16804,83,34.788392,225,True,1209.1356866265523,4,0.0
17016,84,36.243532,225,True,1234.5412818710556,6,0.0
17228,85,-4.267172,53,False,295.713111372957,1,0.0
17444,86,33.604559,225,True,1116.1823630114877,9,0.4
17592,87,30.324497,225,True,1030.5798751882492,4,0.0
17632,88,-4.727972,47,False,276.48111292583417,1,0.0
17704,89,33.60758,225,True,1170.70321786037,4,0.0
18128,90,27.158478,225,True,974.3391344375007,0,0.0
18492,91,32.04042,225,True,1085.6167827119493,5,0.0
18532,92,34.890482,225,True,1214.019265452523,4,0.0
18604,93,35.886831,225,True,1221.8732579424495,6,0.0
18604,94,5.865244,119,False,669.8097600859787,3,0.0
18784,95,-3.097096,73,False,357.7161683646166,0,0.0
18928,96,2.633011,99,False,554.9204521650622,2,0.0
19000,97,-4.281571,54,False,319.13716211069664,1,0.8
19504,98,36.581913,225,True,1276.876533133146,5,0.0
19504,99,39.167217,225,True,1305.8886934100847,9,0.0
19740,100,10.159281,185,False,871.9712250286755,1,0.0
19828,101,31.845458,225,True,1092.2183344674736,4,0.0
20188,102,0.251429,112,False,501.25717158485145,0,0.4
20392,103,18.974024,222,False,1177.360961437921,4,0.0
20404,104,37.748732,225,True,1300.3492703175757,6,0.0
20728,105,33.617267,225,True,1182.2906901835222,4,0.8
21088,106,32.860944,225,True,1148.8377796440514,3,0.0
21292,107,38.425774,225,True,1313.0309503958847,7,0.0
21304,108,32.389861,225,True,1128.3944448757334,3,0.0
21628,109,31.11971,225,True,1101.5884078614854,2,0.0
21840,110,5.656026,137,False,676.6410472588741,2,0.0
21988,111,35.612481,225,True,1227.6992530897287,5,0.0
22204,112,31.890622,225,True,1140.4248747445527,1,0.0
22528,113,36.462113,225,True,1215.2845377896492,8,0.0
22740,114,34.281897,225,True,1205.67589585032,3,0.0
22888,115,27.118087,225,True,965.5234959249876,1,0.4
23104,116,31.231211,225,True,1100.4484465603673,2,0.0
23428,117,32.964309,225,True,1173.7723507643673,4,0.6000000000000001
23640,118,31.95842,225,True,1123.9367815227802,4,0.4
23788,119,30.617375,225,True,1108.6950005804279,3,1.5999999999999999
24004,120,35.512948,225,True,1238.9179314123994,4,0.0
24328,121,39.673864,225,True,1326.154563234359,9,0.0
24540,122,28.733973,225,True,1014.1589361143929,1,0.0
24600,123,6.014476,149,False,734.9790599517887,1,1.2
24608,124,-2.074885,70,False,409.804604871013,0,0.0
24688,125,30.785549,225,True,1112.221960379447,0,0.0
24812,126,-4.167228,53,False,314.11086271609565,0,0.0
25016,127,-4.783682,51,False,279.05273758942985,1,0.2
25440,128,34.411914,225,True,1223.6765474321642,3,0.0
25508,129,39.408768,225,True,1345.950715366666,7,0.0
25588,130,29.53697,225,True,1046.2788177429313,1,0.0
25916,131,34.354205,225,True,1203.7682108659005,4,0.0
26236,132,12.623291,182,False,976.1316223873628,2,0.8
26340,133,33.101734,225,True,1144.0693656187282,4,0.0
26488,134,30.640407,225,True,1087.216288622812,2,0.0
26816,135,34.129749,225,True,1180.389944282067,5,0.2
27136,136,36.220086,225,True,1257.6034200317126,5,0.0
27240,137,27.831077,225,True,984.4430791107532,1,0.0
27388,138,32.087933,225,True,1129.9173262037157,3,0.0
27716,139,29.371327,225,True,1063.6530743351664,0,0.0
28036,140,39.602815,225,True,1338.5125923859687,8,0.0
28140,141,39.00949,225,True,1338.779599821808,7,0.0
28288,142,30.318732,225,True,1052.7492613625632,3,0.0
28480,143,2.362286,111,False,560.0914255674302,1,0.0
28616,144,30.857581,225,True,1102.3032523588995,1,0.0
28716,145,-2.86409,59,False,350.2364028246177,1,0.0
29040,146,23.889558,225,True,836.3823167648029,0,0.0
29188,147,38.040218,225,True,1276.0087196538548,8,0.0
29516,148,36.53355,225,True,1273.3420149908961,6,0.0
29616,149,33.616334,225,True,1164.6533547669637,5,0.0
29940,150,38.29204,225,True,1318.081586637882,6,0.0
30088,151,30.189363,225,True,1078.7745209709528,1,0.0
30416,152,23.105532,225,True,816.2212976754365,1,0.6000000000000001
30500,153,19.740979,221,False,1193.6391660423897,5,0.0
30840,154,30.332298,225,True,1063.6919171113586,2,0.0
30988,155,38.507596,225,True,1280.3038366698115,9,0.0
31316,156,36.710691,225,True,1245.227636472849,7,0.0
31400,157,38.271586,225,True,1298.0634582716784,8,0.0
31740,158,34.795065,225,True,1221.4026008179635,6,0.6000000000000001
31888,159,31.559947,225,True,1082.3978842018005,4,0.0
31952,160,-4.873415,53,False,270.66341697971666,1,0.0
32216,161,28.952929,225,True,1034.1171511643774,1,0.0
32300,162,29.232672,225,True,1046.1068826085266,1,0.0
32788,163,5.405109,122,False,681.8043676582633,1,0.0
32788,164,38.096709,225,True,1277.4683781453546,8,0.0
32852,165,36.422199,225,True,1212.8879736978333,9,0.0
33116,166,38.158257,225,True,1303.130261407845,7,0.0
33136,167,1.671219,87,False,517.2487640391914,3,0.2
33688,168,31.806435,225,True,1090.6573897967914,4,0.0
33752,169,33.853553,225,True,1168.5421146771155,5,0.0
34016,170,38.841404,225,True,1324.0561620659873,7,0.0
34036,171,37.886189,225,True,1269.8475594196207,9,0.4
34588,172,38.667775,225,True,1322.711011137595,7,0.0
34652,173,25.426137,225,True,899.4454831180292,0,0.0
34912,174,-0.523597,81,False,428.65613432941655,3,0.4
34916,175,30.275455,225,True,1014.2182141329322,5,0.0
34936,176,34.955016,225,True,1183.8006423279703,9,1.4
35268,177,1.107078,89,False,505.88313045743644,3,0.2
35552,178,29.171106,225,True,1001.2442383784962,3,0.0
35816,179,31.298543,225,True,1118.3417350202976,2,0.0
35836,180,38.316272,225,True,1301.4508911659118,7,0.0
36008,181,15.647379,185,False,1040.2951548794329,5,0.0
36348,182,3.881409,128,False,604.8563650530245,2,0.0
36452,183,39.481329,225,True,1285.6531485087003,11,0.0
36716,184,37.751651,225,True,1299.6660421066053,8,1.0
36908,185,36.229363,225,True,1263.5745273250213,5,0.0
37024,186,8.19453,169,False,772.5811814642157,3,0.0
37352,187,38.378955,225,True,1317.5582011064762,7,0.0
37616,188,25.83262,225,True,926.9048033408037,2,1.4
37716,189,10.213282,202,False,905.3312863855792,2,0.4
37924,190,38.608431,225,True,1290.7372477700355,10,0.0
38252,191,31.875646,225,True,1146.2258597377636,4,0.0
38516,192,25.926406,225,True,919.4562557001857,0,0.0
38616,193,28.550825,225,True,946.0330154681724,6,0.4
38824,194,31.631119,225,True,1083.6447651651647,4,0.0
39152,195,32.30822,225,True,1079.528815013247,6,0.0
39416,196,31.907885,225,True,1079.5153895393987,5,0.0
39516,197,29.245663,225,True,1033.8265036603173,2,0.0
39724,198,20.519313,225,True,727.1725143067106,0,0.6000000000000001
40052,199,32.720492,225,True,1127.2196612458647,4,0.0
40316,200,34.410886,225,True,1151.6354328262232,8,0.0
40416,201,31.407077,225,True,1042.6830866950313,6,0.0
40624,202,38.734279,225,True,1334.1711604375673,6,0.0
40952,203,35.95755,225,True,1226.3019805020767,6,0.0
41216,204,27.740983,225,True,992.0393243665194,0,0.0
41316,205,28.480132,225,True,988.005298993806,2,0.0
41488,206,-2.312009,68,False,385.11962886781885,2,0.2
41524,207,37.762183,225,True,1302.487316092711,6,0.0
41820,208,6.550227,217,False,856.4090845228293,4,6.000000000000003
41868,209,-3.797279,86,False,340.9088423817095,0,0.0
42216,210,30.280521,225,True,1063.2208396148826,2,0.0
42388,211,33.12283,225,True,1186.5132038351398,3,0.6000000000000001
42556,212,6.557072,172,False,735.8828827925624,2,0.0
42720,213,23.738492,225,True,788.7396930345967,3,0.0
43116,214,37.353518,225,True,1253.3407054192858,8,0.0
43288,215,37.729108,225,True,1319.5643362319843,6,0.0
43456,216,33.474404,225,True,1139.7761742622583,5,0.0
43620,217,22.863273,225,True,852.930913110569,1,1.4
43948,218,-3.051434,82,False,411.54262987500965,2,3.2000000000000006
44016,219,36.26762,225,True,1254.704815831777,5,0.0
44132,220,6.651841,169,False,722.0736311469973,2,0.0
44188,221,37.064848,225,True,1273.793918391394,6,0.0
44848,222,36.229911,225,True,1238.7964450482136,6,0.0
44916,223,35.335199,225,True,1224.60795826183,5,0.0
45032,224,34.314013,225,True,1201.3605200866523,6,1.0
45088,225,34.147584,225,True,1217.10334030685,6,0.0
45212,226,-7.826658,45,False,173.33366732091167,0,0.2
45748,227,33.570867,225,True,1130.034690127764,7,0.4
45816,228,38.621055,225,True,1331.2422174134244,6,0.0
45988,229,32.683701,225,True,1094.548046043959,6,0.0
46112,230,33.581907,225,True,1166.4762644393204,5,0.0
46288,231,-5.587802,44,False,226.08791970971606,2,0.0
46648,232,38.984885,225,True,1339.3953810111166,8,0.6000000000000001
46716,233,37.726755,225,True,1296.2702124189832,6,0.0
46888,234,38.803942,225,True,1344.9576844774792,6,0.0
47188,235,37.359605,225,True,1282.3842020940547,7,0.4
47548,236,36.528581,225,True,1290.7432201600182,5,0.8
47616,237,38.912958,225,True,1328.5183256154614,7,0.0
47788,238,28.477531,225,True,963.1012508272695,5,0.4
48076,239,14.912602,222,False,1043.704096500006,3,0.2
48448,240,34.86999,225,True,1213.1996089571207,7,0.0
48516,241,39.014407,225,True,1317.3762638649282,8,0.0
48688,242,38.732447,225,True,1303.697882671166,8,0.0
48976,243,34.009902,225,True,1204.3960756855354,5,0.0
49088,244,6.487187,160,False,728.287484931964,2,0.8
49416,245,34.542308,225,True,1140.892321316417,8,0.0
49588,246,24.188272,225,True,867.5308625349253,1,1.4
49876,247,39.134063,225,True,1278.9625189235426,11,0.0
49988,248,30.949606,225,True,1073.1842277289916,3,0.0
50316,249,31.411936,225,True,1082.877426115429,5,0.4
50488,250,23.057805,225,True,833.512204596575,0,1.2
50776,251,32.503798,225,True,1137.7519103640625,5,1.2
50888,252,33.253793,225,True,1142.9517005475286,5,0.2
51064,253,-1.313038,72,False,428.2784931071749,0,0.0
51216,254,37.7577,225,True,1319.1080023191062,7,1.2
51388,255,24.929617,225,True,891.5846721808525,2,0.4
51788,256,30.307374,225,True,1021.0949797898563,5,0.0
51964,257,25.301763,225,True,899.2705316595802,0,0.0
52116,258,36.705757,225,True,1254.6302946991163,9,0.0
52244,259,16.725135,214,False,1056.2054146828696,6,0.0
52688,260,28.902654,225,True,1002.5061790731236,3,0.0
52712,261,10.553956,149,False,856.5582544700833,3,0.0
52864,262,37.556991,225,True,1294.2796518872865,8,0.6000000000000001
53144,263,35.95447,225,True,1242.17878212721,5,0.0
53392,264,11.527411,170,False,913.0964486818086,3,0.0
53500,265,6.876431,159,False,773.4572487171765,0,0.4
53588,266,36.8168,225,True,1282.2720113131345,6,0.0
53936,267,-3.940952,87,False,355.9619218289913,1,0.6000000000000001
54044,268,22.03512,225,True,824.6047916376383,3,4.000000000000001
54080,269,-7.475503,36,False,182.57986402653682,1,0.2
54132,270,7.414024,158,False,777.3609566074215,1,0.0
54272,271,-6.101826,48,False,255.9269555699741,2,1.5999999999999999
54292,272,35.09779,225,True,1198.311617349089,7,0.0
54944,273,39.602537,225,True,1338.50148895734,8,0.0
55004,274,22.583125,218,False,1259.324985315986,8,0.0
55084,275,11.484581,203,False,948.9832228424559,1,0.4
55192,276,28.222943,225,True,976.9177028871911,4,0.0
55844,277,34.909268,225,True,1205.9707242209379,6,0.0
55904,278,32.864406,225,True,1035.376239204552,10,0.0
55984,279,29.178485,225,True,1035.939415528564,3,0.2
56092,280,29.547308,225,True,1053.0923033716094,1,0.0
56504,281,0.331815,150,False,518.072580833782,0,0.4
56744,282,31.231294,225,True,1111.6517483977173,4,0.8
56884,283,37.579649,225,True,1321.585953890969,4,0.0
56992,284,36.218386,225,True,1234.3354510679137,6,0.0
57404,285,35.678265,225,True,1221.5306180153434,6,0.0
57644,286,37.681213,225,True,1300.8485219107133,6,0.0
57784,287,37.846623,225,True,1301.0649134765235,6,0.0
57892,288,29.156264,225,True,1047.0505733376508,0,0.0
58208,289,11.158607,201,False,864.7442630136386,6,0.8
58544,290,31.119164,225,True,1117.5665689772563,1,0.0
58684,291,34.783471,225,True,1193.7388502880235,8,0.4
58692,292,17.358981,200,False,1127.1592294821953,3,0.0
59108,293,27.901798,225,True,961.6719344368607,3,0.0
59444,294,34.924187,225,True,1157.7674647228073,10,0.6000000000000001
59584,295,34.057168,225,True,1161.4867051274223,7,0.0
59592,296,31.46877,225,True,1114.7507802805158,4,0.6000000000000001
60008,297,29.924924,225,True,1096.996957674969,0,0.0
60344,298,35.465593,225,True,1217.8237152015354,6,0.0
60484,299,35.287728,225,True,1214.7091142223444,5,0.0
60492,300,37.30289,225,True,1323.315585063876,4,0.0
60884,301,3.524899,98,False,560.9959466234288,4,0.0
60908,302,35.204293,225,True,1221.7717304026187,5,0.0
61244,303,35.646742,225,True,1229.8696910538497,5,0.0
61356,304,0.217018,112,False,490.2807124035003,0,0.0
61384,305,29.207117,225,True,1063.4846700495423,2,1.4
61776,306,2.303124,98,False,572.1249668691994,3,1.4
61784,307,29.442018,225,True,1041.6807048709938,2,0.0
62080,308,-2.119994,74,False,364.8002414604173,2,0.0
62144,309,37.722638,225,True,1247.3055050650373,9,0.0
62256,310,33.085339,225,True,1200.2135436469512,3,0.6000000000000001
62676,311,29.059489,225,True,1037.5795699859739,2,1.0
62960,312,-1.61819,71,False,384.8723901920994,2,0.0
62980,313,31.907583,225,True,1117.1033053601896,3,0.0
63044,314,37.408728,225,True,1237.149131266673,9,0.0
63156,315,38.445242,225,True,1251.4096944387761,11,0.0
63628,316,5.309724,146,False,657.1889586664688,3,0.0
63860,317,36.47125,225,True,1284.4499881234665,6,0.0
63880,318,36.521449,225,True,1273.6579755207395,5,0.0
64056,319,32.015771,225,True,1140.6308351548855,3,0.8
64528,320,31.39479,225,True,1038.9916080376997,7,0.0
64760,321,37.492876,225,True,1270.115042135193,7,0.0
64780,322,35.374589,225,True,1239.7835442425971,4,0.0
64956,323,32.596598,225,True,1130.2639064256596,6,1.2
65428,324,37.500844,225,True,1291.2337794544028,7,0.6000000000000001
65660,325,28.231588,225,True,1004.4635101647762,3,1.2
65680,326,40.13597,225,True,1332.6388114303054,10,0.0
65856,327,36.022201,225,True,1259.2880283542254,4,0.0
66328,328,29.34763,225,True,1037.9052108076928,3,0.0
66560,329,27.956415,225,True,999.8566007595712,3,1.2
66580,330,25.507463,225,True,851.4985007150149,6,1.2
66756,331,31.00418,225,True,973.7671941515607,11,0.8
67228,332,36.12618,225,True,1249.047206925814,5,0.0
67460,333,36.562064,225,True,1232.882556942187,7,0.0
67480,334,27.903687,225,True,996.9474910681606,0,0.0
67656,335,24.006071,225,True,865.0428485056586,0,0.0
67864,336,-1.739524,101,False,424.01904623316796,0,0.2
68128,337,36.735704,225,True,1256.6281595978048,6,0.0
68380,338,30.637261,225,True,1048.690424788444,4,0.0
68556,339,34.596782,225,True,1191.8712780218657,5,0.0
68764,340,28.562996,225,True,999.319856301797,2,0.0
69028,341,30.546523,225,True,1069.0609077292784,3,0.0
69144,342,-0.858619,95,False,438.45523887091554,1,0.0
69280,343,38.290226,225,True,1291.609042810896,8,0.0
69456,344,29.085575,225,True,1003.4229955974488,4,0.2
69928,345,37.193382,225,True,1258.9352602720369,8,0.0
70044,346,32.92675,225,True,1127.469988129697,8,1.0
70168,347,-8.153607,31,False,165.85573219581192,0,0.0
70180,348,33.930116,225,True,1169.2046348313925,7,1.4
70356,349,30.111142,225,True,1050.04567892567,3,0.0
70828,350,39.463112,225,True,1343.3244659559323,8,0.0
71068,351,36.272706,225,True,1227.7082586338606,7,0.0
71080,352,30.839182,225,True,1079.9672606884114,3,0.0
71256,353,31.306429,225,True,1099.457149169093,5,0.8
71496,354,1.013107,104,False,526.1242962534557,2,1.0
71728,355,30.644374,225,True,1066.5749795374008,4,0.0
71968,356,30.739352,225,True,1065.5740746577521,4,0.0
72156,357,22.72732,225,True,785.0928129391643,1,0.0
72396,358,25.889192,225,True,924.3676812910498,3,0.8
72628,359,28.794874,225,True,1000.5949725146161,2,0.0
72868,360,36.892124,225,True,1246.0849745640244,7,0.0
73004,361,6.636448,152,False,731.0579000773591,1,0.0
73056,362,38.177034,225,True,1314.2813530987996,6,0.0
73528,363,38.432805,225,True,1292.512211355449,9,0.0
73768,364,31.541051,225,True,1126.442021573835,1,0.0
73904,365,35.532522,225,True,1164.5008851515277,9,0.2
73956,366,35.057936,225,True,1209.517446982571,5,0.0
74176,367,-4.732902,68,False,313.88390300985543,0,0.4
74428,368,25.591273,225,True,905.2509337525271,0,0.0
74668,369,33.929243,225,True,1160.3697340554718,6,0.0
74856,370,38.570799,225,True,1312.4319581562063,7,0.0
75076,371,36.637453,225,True,1283.0981395387744,4,0.0
75328,372,29.376842,225,True,1074.2736629957435,4,2.8000000000000003
75568,373,39.815192,225,True,1326.2076852637042,10,0.0
75616,374,-0.992093,72,False,427.51628581386285,1,0.0
75756,375,39.603179,225,True,1338.5271652663882,8,0.0
75976,376,39.923824,225,True,1341.7529738453945,9,0.0
76468,377,33.480077,225,True,1130.403090996932,7,0.6000000000000001
76516,378,31.338108,225,True,1083.1243022462877,6,0.6000000000000001
76656,379,32.608902,225,True,1102.756097703906,6,0.0
76876,380,38.104406,225,True,1308.9762474763907,6,0.0
77368,381,35.868458,225,True,1223.5383166743768,6,0.0
77416,382,34.641032,225,True,1192.8412601409682,6,0.0
77556,383,28.13276,225,True,951.7103892826094,5,1.0
77776,384,25.895786,225,True,964.6314308441404,1,1.7999999999999998
78268,385,36.017948,225,True,1243.1179112376872,6,0.4
78316,386,30.793511,225,True,1100.5404262353654,3,0.4
78456,387,35.626683,225,True,1234.6673089074234,6,0.0
78676,388,33.2416,225,True,1090.4640153843498,9,0.6000000000000001
79168,389,38.480309,225,True,1328.8123722717678,7,0.8
79216,390,27.492378,225,True,983.6951063164465,1,0.0
79356,391,26.585909,225,True,952.2363739078876,0,0.0
79576,392,37.182857,225,True,1273.7142681587243,6,0.0
80068,393,28.705109,225,True,968.20436051058,4,0.0
80116,394,27.895425,225,True,983.8169848662919,1,0.0
80256,395,23.739413,225,True,814.3765398742994,1,0.0
80476,396,32.30305,225,True,1120.1220173959723,4,0.0
80968,397,34.987352,225,True,1206.6940731947325,7,1.2
81016,398,36.619578,225,True,1233.5831207535657,9,1.0
81156,399,28.870469,225,True,1005.2187571985378,2,0.0
81376,400,28.142418,225,True,1008.096711614284,0,0.0
81636,401,-0.072912,120,False,494.6835002337955,4,2.6
81832,402,21.386486,216,False,1233.0594384690912,9,1.5999999999999999
81916,403,35.793099,225,True,1234.123955119699,5,0.0
82276,404,30.877248,225,True,1043.8899130138198,5,0.2
82536,405,38.152539,225,True,1297.3015573808684,7,0.0
82732,406,25.278478,225,True,880.7391176718338,2,0.8
82816,407,36.916934,225,True,1268.6773402085296,6,0.2
83176,408,31.14809,225,True,1032.3235996120172,6,0.0
83436,409,38.583218,225,True,1345.7287361818221,5,0.0
83632,410,28.888834,225,True,958.7533675798534,6,0.0
83716,411,34.268645,225,True,1174.745818873143,5,0.0
84076,412,38.817327,225,True,1232.693094094459,13,0.0
84172,413,1.997868,114,False,545.5147329798008,1,0.0
84336,414,39.232007,225,True,1339.6802781779775,7,0.0
84532,415,31.617495,225,True,1099.0997935354612,3,0.0
84976,416,32.481901,225,True,1092.076058232412,11,1.7999999999999998
85072,417,38.378791,225,True,1320.7516571304614,6,0.0
85236,418,27.895492,225,True,1004.6196920019413,1,0.0
85432,419,33.252463,225,True,1116.4985194267852,6,0.0
85876,420,38.468209,225,True,1324.328346883175,6,0.0
85972,421,36.697941,225,True,1254.317649092296,6,0.0
86136,422,30.978811,225,True,1129.5524507075124,4,3.0000000000000004
86332,423,25.905924,225,True,917.0369746374956,0,0.0
86588,424,11.961169,154,False,904.0467716969465,4,0.0
86776,425,33.451892,225,True,1238.07569320635,6,3.0000000000000004
86824,426,-4.703829,59,False,285.44684791160626,2,1.0
87036,427,34.766424,225,True,1136.2569568861031,9,0.0
87060,428,8.336867,182,False,783.0746850994956,2,0.0
87272,429,-6.658216,59,False,251.27134128055968,0,1.0
87676,430,37.572236,225,True,1289.2894415906658,6,0.0
87680,431,3.853923,155,False,652.5569030463807,1,0.6000000000000001
87724,432,26.526935,225,True,906.6773837135656,6,1.5999999999999999
88172,433,38.721281,225,True,1336.8512556408546,6,0.0
88336,434,9.172243,153,False,787.6897346201347,4,0.0
88576,435,28.012888,225,True,953.3155324048307,4,0.4
88580,436,23.071545,225,True,856.4618097451696,0,1.7999999999999998
88988,437,16.681261,204,False,1052.8504255758248,9,1.5999999999999999
89236,438,36.268335,225,True,1246.7334049109804,8,0.0
89476,439,36.829187,225,True,1310.7674721322187,6,0.0
89480,440,39.315784,225,True,1327.0313685379751,9,0.6000000000000001
89824,441,1.105146,86,False,493.8058421903206,2,0.0
89888,442,37.918932,225,True,1219.9572983376702,14,1.5999999999999999
90136,443,36.870408,225,True,1238.8163323494682,9,1.0
90260,444,2.193581,109,False,504.54324112579525,4,0.0
90376,445,38.232651,225,True,1322.1060504700426,8,0.0
90788,446,26.057716,225,True,871.9086539446034,4,0.0
91036,447,30.489732,225,True,1078.7892718021799,2,0.4
91044,448,13.158611,196,False,963.1444377881749,6,0.6000000000000001
91276,449,36.088743,225,True,1223.5497115709732,8,1.0
91688,450,34.503004,225,True,1153.7201616802095,8,0.0
91936,451,33.204382,225,True,1189.7752683391082,8,1.7999999999999998
91944,452,25.840158,225,True,872.8063276460668,3,0.2
92176,453,33.914373,225,True,1175.7749210809693,4,0.0
92336,454,-8.039516,40,False,204.81937314115794,1,1.7999999999999998
92588,455,37.204955,225,True,1291.3982021640495,5,0.0
92836,456,38.781367,225,True,1321.65468215981,7,0.0
92844,457,22.440322,225,True,816.0128960487837,1,1.4
93160,458,-2.168725,79,False,408.4509884535487,3,1.4
93236,459,29.358055,225,True,1040.7221823372784,6,2.6
93488,460,33.62758,225,True,1088.3032065799853,9,0.2
93736,461,31.6252,225,True,1099.4080089142835,3,0.0
94060,462,41.348017,225,True,1343.5206731926714,12,0.0
94136,463,32.29366,225,True,1122.946384052269,4,0.0
94388,464,29.483751,225,True,1048.9500349040986,4,0.6000000000000001
94432,465,3.845476,174,False,619.4190356030335,1,0.0
94596,466,-8.274147,52,False,195.43413234043533,0,1.4
94804,467,14.266247,167,False,957.0498797538191,6,0.0
94960,468,37.43752,225,True,1271.9008151591493,9,1.0
95332,469,33.670672,225,True,1146.826864739443,7,0.4
95496,470,34.439157,225,True,1211.9662682599032,3,0.0
95704,471,31.609017,225,True,1152.3606758626702,2,0.0
95860,472,24.35683,225,True,878.2731843795025,0,0.0
96232,473,28.863872,225,True,1020.954891676098,1,0.0
96396,474,38.201454,225,True,1336.8581523578514,5,0.0
96604,475,30.2424,225,True,1023.2959933126238,8,2.1999999999999997
96760,476,26.283525,225,True,901.7409883594614,4,0.6000000000000001
97132,477,27.654766,225,True,972.5906216782373,6,3.0000000000000004
97296,478,28.91097,225,True,931.63880086532,7,0.0
97504,479,35.918097,225,True,1223.1238821228785,6,0.0
97660,480,40.234406,225,True,1346.1762474763764,9,0.0
98032,481,38.320687,225,True,1242.427468058404,13,0.8
98196,482,27.068299,225,True,974.7319616146417,1,0.0
98404,483,33.158261,225,True,1176.7304341579297,2,0.0
98560,484,32.530835,225,True,1135.6334113632947,3,0.0
98856,485,11.783292,165,False,906.5316896461641,3,0.0
98932,486,39.414111,225,True,1343.7644349110674,8,0.0
99304,487,37.794738,225,True,1318.9895231722735,6,0.0
99460,488,36.496193,225,True,1199.8477106384917,9,0.0
99756,489,36.405964,225,True,1255.4385410955651,6,0.0
99832,490,29.929532,225,True,974.7812658950238,8,0.0
100204,491,37.321681,225,True,1284.0672514011385,6,0.0
100360,492,32.236177,225,True,1091.8470623920434,5,0.0
100656,493,37.798806,225,True,1313.5522320540395,5,0.0
100732,494,34.854589,225,True,1164.583574184564,7,0.0
101104,495,33.999183,225,True,1120.7673075841458,9,0.0
101260,496,20.939527,225,True,800.7810637222749,0,2.8000000000000003
101556,497,30.282532,225,True,1082.501279775487,1,0.0
101632,498,37.135798,225,True,1246.2319111798906,9,0.8
102004,499,36.496924,225,True,1275.076965660478,6,0.0
102160,500,32.008206,225,True,1113.928228128756,6,0.8
102456,501,29.347037,225,True,1039.4814666504396,6,1.5999999999999999
102532,502,34.261376,225,True,1193.6550502809523,4,0.0
102904,503,21.640416,225,True,752.8166571259758,1,0.4
103060,504,30.389114,225,True,985.9645445473759,8,0.6000000000000001
103356,505,34.548459,225,True,1125.1383604705752,9,0.0
103364,506,1.013842,115,False,504.5536656407703,2,0.0
103432,507,35.712225,225,True,1189.2889867139606,9,0.0
103960,508,34.825798,225,True,1164.231902458901,7,0.0
104256,509,31.534891,225,True,1064.5956244264821,5,0.0
104264,510,33.918486,225,True,1190.339449219548,5,1.0
104332,511,35.311109,225,True,1214.8443435492632,7,1.0
104860,512,27.858521,225,True,1014.3408481579902,1,0.2
105156,513,27.222669,225,True,987.3067493304045,1,0.0
105164,514,37.436643,225,True,1273.465737987984,8,0.0
105232,515,36.283627,225,True,1264.1450867333892,5,0.0
105364,516,-4.97758,50,False,271.29679484338294,1,0.2
105668,517,-3.688414,76,False,318.8634398362867,1,0.0
105760,518,35.995902,225,True,1193.4360901165123,8,0.0
106056,519,25.502679,225,True,896.1071777518723,2,0.6000000000000001
106132,520,39.353484,225,True,1297.3393656668268,10,0.0
106568,521,28.682804,225,True,1031.312173437443,1,0.2
106660,522,38.762164,225,True,1305.6865770353238,8,0.0
106956,523,38.566751,225,True,1335.470020874047,6,0.0
107032,524,36.590022,225,True,1298.0008817489993,6,0.8
107468,525,35.191676,225,True,1222.8670346239396,5,0.0
107520,526,9.356964,215,False,845.4785578377757,3,0.6000000000000001
107856,527,26.405258,225,True,927.4103144973651,6,1.9999999999999998
107932,528,25.73594,225,True,919.8375976114421,1,0.0
108240,529,6.811384,193,False,768.4553542527301,1,0.8
108420,530,36.955065,225,True,1287.0026138074281,5,0.0
108732,531,5.446611,200,False,683.4644304545225,1,0.0
108756,532,35.572515,225,True,1193.3005955581857,7,0.0
109140,533,30.763236,225,True,1023.3294564921789,6,0.0
109204,534,3.018226,118,False,578.3290478387969,2,0.0
109320,535,29.625518,225,True,991.4207371041921,6,0.8
109656,536,30.51571,225,True,1069.4284049374269,2,0.0
110040,537,38.330771,225,True,1282.0308550202985,9,0.0
110104,538,34.954979,225,True,1210.1991488230956,5,0.0
110220,539,28.062784,225,True,1000.911363168366,2,0.4
110556,540,33.295229,225,True,1199.8091433949671,2,0.0
110940,541,32.764047,225,True,1111.3618847731154,5,0.0
111004,542,30.198789,225,True,1088.7515751071865,3,1.7999999999999998
111120,543,31.738853,225,True,1105.5541021385975,3,0.0
111456,544,32.680526,225,True,1109.6210207922372,7,0.0
111840,545,36.694184,225,True,1254.167374692805,6,0.0
111904,546,24.783601,225,True,872.1440481449742,0,0.0
111948,547,12.614145,207,False,976.5657990658203,4,1.9999999999999998
112356,548,23.341264,225,True,814.4505629872303,0,0.0
112740,549,28.584276,225,True,961.7710460211083,4,0.0
112804,550,26.24045,225,True,943.217985293926,0,0.0
112848,551,25.407658,225,True,871.5063291512652,5,0.0
113256,552,36.447443,225,True,1276.2977277882196,4,0.0
113640,553,22.364662,225,True,776.186482310728,0,0.0
113704,554,35.601192,225,True,1263.2476934895462,3,0.0
113748,555,34.699752,225,True,1126.3900974460985,9,0.0
114156,556,30.567319,225,True,1051.4927710743464,4,0.0
114540,557,38.481653,225,True,1309.666105871107,7,0.0
114604,558,26.560485,225,True,889.6194179282111,5,1.0
114648,559,28.505052,225,True,949.002078979516,5,0.0
115056,560,36.396441,225,True,1241.457646229917,6,0.0
115440,561,33.12332,225,True,1112.9327919005318,6,0.0
115504,562,36.114275,225,True,1250.1710024597742,5,0.2
115548,563,34.023119,225,True,1164.9247464277219,5,0.0
115956,564,36.166324,225,True,1192.2529553922545,9,0.0
116232,565,-3.870257,69,False,325.1897161428924,2,0.8
116340,566,34.160831,225,True,1184.833255630726,4,0.0
116404,567,27.947028,225,True,920.2811067320815,5,0.0
116448,568,26.923852,225,True,941.7540918065129,1,0.0
117132,569,36.015351,225,True,1211.0140261313327,7,0.0
117240,570,29.149726,225,True,941.1890283509601,7,0.0
117304,571,36.525796,225,True,1253.0318290228902,6,0.0
117348,572,32.297818,225,True,1142.3127272056372,2,0.0
118032,573,23.288155,225,True,809.1262012199629,1,0.0
118056,574,7.025198,188,False,713.8079395122452,3,0.0
118140,575,33.742888,225,True,1115.315527615482,8,0.0
118248,576,27.762936,225,True,962.5174520644064,2,0.0
118932,577,34.951441,225,True,1239.6576514502417,4,0.0
118956,578,32.289378,225,True,1142.775108814726,4,0.6000000000000001
119040,579,25.876648,225,True,856.6659099513918,4,0.2
119148,580,38.388451,225,True,1305.1380279141672,7,0.0
119384,581,-2.563749,86,False,362.250022512648,1,0.0
119808,582,8.241905,165,False,804.0762189277018,1,0.0
119832,583,24.015855,225,True,847.8341842684911,0,0.0
119856,584,37.463956,225,True,1300.9582290774888,5,0.0
120284,585,34.409253,225,True,1173.970119849792,8,0.0
120324,586,6.860701,117,False,692.028046674908,4,0.0
120708,587,38.515944,225,True,1279.0377798762765,9,0.0
120732,588,25.635581,225,True,874.2232462610853,2,0.0
121184,589,35.300277,225,True,1160.8110604077146,9,0.0
121224,590,26.151651,225,True,950.0660238511191,0,0.4
121608,591,28.057283,225,True,939.091332779966,4,0.0
121632,592,37.275575,225,True,1245.4229992788573,8,0.0
121924,593,-3.054748,79,False,359.4100743240947,0,0.0
122084,594,33.068474,225,True,1130.7389584041466,5,0.0
122124,595,36.70584,225,True,1206.6335933495116,9,0.0
122532,596,29.51975,225,True,1022.3900030090447,3,0.0
122824,597,26.125624,225,True,925.8249542391256,0,0.0
122984,598,36.718648,225,True,1270.3459124949245,5,0.0
123024,599,39.808212,225,True,1345.9284604513286,8,0.0
123432,600,26.348083,225,True,924.3233009994883,1,0.2
123724,601,36.323437,225,True,1288.1374894389455,4,0.0
123884,602,34.80356,225,True,1224.142380125597,4,0.0
123924,603,25.607427,225,True,874.6970812675168,2,0.0
124332,604,29.245803,225,True,1004.2321116308688,3,0.0
124624,605,21.886653,225,True,757.8661167358207,0,0.0
124784,606,31.687723,225,True,1133.1089026686482,3,0.6000000000000001
124824,607,31.691332,225,True,1098.8532690483503,5,0.0
125232,608,21.423663,225,True,737.7465033958163,0,0.0
125524,609,33.178147,225,True,1159.9258846154376,3,0.0
125684,610,37.22168,225,True,1235.2671911394013,9,0.0
125724,611,22.668152,225,True,816.3260671805288,0,1.2
126132,612,38.951958,225,True,1328.478330362395,7,0.0
126424,613,34.413574,225,True,1201.342955899187,4,0.0
126584,614,20.705132,225,True,733.005277216424,0,0.4
126624,615,32.771666,225,True,1100.4666468433006,8,0.0
127032,616,26.14269,225,True,894.5076061955242,2,0.0
127324,617,36.756535,225,True,1287.0614018596639,4,0.0
127484,618,26.90999,225,True,937.999605225941,2,0.0
127524,619,25.241499,225,True,906.459954947909,1,1.0
127932,620,27.246588,225,True,954.6635107008697,1,0.0
128224,621,20.44239,225,True,724.0955891448525,0,0.8
128384,622,32.010478,225,True,1111.6191340460236,5,1.2
128424,623,33.007272,225,True,1169.890885791861,2,0.0
128832,624,33.96612,225,True,1172.2447925778679,5,0.0
129124,625,33.472597,225,True,1152.5038821028875,8,2.1999999999999997
129284,626,22.16766,225,True,778.7063877467001,0,0.0
129324,627,28.045586,225,True,970.6234592837452,2,0.0
129732,628,30.559221,225,True,1087.9688225104737,1,0.0
130024,629,34.239755,225,True,1172.7902111470976,5,0.0
130184,630,27.623748,225,True,906.5499198921391,5,0.0
130224,631,35.992735,225,True,1226.1093871132875,6,0.0
130632,632,34.996742,225,True,1143.8696975644439,9,0.0
130924,633,23.768597,225,True,799.543877465652,2,0.0
131084,634,22.141382,225,True,766.4552704060789,0,0.0
131124,635,30.023825,225,True,1020.1530077065734,4,0.0
131532,636,33.964884,225,True,1176.9953669099032,4,0.0
131824,637,33.341346,225,True,1129.653839809877,6,0.0
131984,638,36.723855,225,True,1237.7542038180222,8,0.0
132024,639,34.427063,225,True,1179.4825377860911,5,0.0
132432,640,26.813673,225,True,927.7469185223542,2,0.0
132724,641,38.508539,225,True,1309.941576669636,7,0.0
132744,642,-1.953434,78,False,391.4626563528657,2,0.6000000000000001
132884,643,35.629717,225,True,1217.9886965863461,7,0.4
132924,644,32.600899,225,True,1152.8359730341822,2,0.0
133624,645,28.588569,225,True,1024.342746242227,0,0.0
133644,646,33.884694,225,True,1142.5877618460527,6,0.0
133784,647,34.105202,225,True,1167.408086439416,5,0.0
133824,648,29.749572,225,True,1009.9828952574676,4,0.0
134524,649,27.542466,225,True,908.8986595332999,5,0.0
134544,650,30.324835,225,True,1039.393388350052,4,0.0
134684,651,36.971799,225,True,1266.0719686308348,6,0.0
134724,652,24.901112,225,True,844.8444789819855,2,0.0
135424,653,31.224779,225,True,1064.9911769300788,5,0.0
135444,654,37.607735,225,True,1306.7094139785345,5,0.0
135584,655,33.00853,225,True,1106.7412141157297,6,0.0
135624,656,37.31742,225,True,1311.8968092084788,4,0.0
136324,657,33.236047,225,True,1084.6418696790834,8,0.0
136344,658,34.781785,225,True,1207.2714092725187,6,0.0
136484,659,33.506014,225,True,1140.2405422460938,6,0.0
136524,660,31.638187,225,True,1099.9274717271373,3,0.0
137224,661,31.870042,225,True,1052.4016735426057,7,0.0
137244,662,23.167008,225,True,817.8803025514153,0,0.2
137384,663,35.480428,225,True,1205.6171186523993,6,0.0
137424,664,24.589194,225,True,917.1677741010067,4,4.800000000000002
137524,665,-9.079604,25,False,137.61585314322974,0,0.6000000000000001
138124,666,26.264047,225,True,897.7618861015583,3,0.0
138144,667,35.545137,225,True,1224.2054999337533,5,0.0
138284,668,26.923904,225,True,910.5561405959145,3,0.0
138424,669,29.435428,225,True,1039.017117485436,2,0.0
138692,670,-2.51642,67,False,332.94321664433437,3,0.0
139024,671,38.186095,225,True,1302.6437819468551,7,0.0
139044,672,22.443836,225,True,778.5534310869352,0,0.0
139184,673,37.793437,225,True,1304.5374750761498,6,0.0
139324,674,-2.722759,75,False,397.48965856119094,1,1.4
139532,675,17.421668,210,False,1057.6667018804314,8,0.0
139944,676,34.312261,225,True,1124.4904279187353,11,1.5999999999999999
140084,677,32.76758,225,True,1156.3031983113874,3,0.0
140224,678,35.447491,225,True,1168.299657863622,12,1.4
140432,679,36.816988,225,True,1232.6795379440387,8,0.0
140844,680,39.104343,225,True,1332.9737018904702,7,0.0
140984,681,33.688878,225,True,1149.9551148494202,5,0.0
141124,682,23.100759,225,True,811.2303615385063,0,0.0
141332,683,33.930178,225,True,1175.607124673143,4,0.0
141744,684,29.17362,225,True,1035.7448080127351,2,0.0
141884,685,32.240769,225,True,1122.4307416631782,3,0.0
142024,686,36.01688,225,True,1233.4751958649713,7,0.4
142232,687,31.914589,225,True,1106.9835726679503,5,0.6000000000000001
142644,688,32.038211,225,True,1131.9284230082317,2,0.0
142784,689,39.154961,225,True,1344.598457005563,8,0.0
142924,690,26.532127,225,True,954.8850712101446,0,0.0
142932,691,9.243116,175,False,803.3246287670834,4,0.4
143456,692,7.642594,133,False,704.9037615715554,6,0.0
143544,693,37.480499,225,True,1283.219952750399,6,0.0
143684,694,20.192532,225,True,710.101263305577,0,0.6000000000000001
143832,695,35.177589,225,True,1211.9035736110036,7,0.0
144180,696,-1.746133,87,False,414.1546705119629,2,0.0
144356,697,25.056672,225,True,873.4668756654364,3,0.6000000000000001
144444,698,28.50735,225,True,997.0940115967901,2,0.0
144584,699,29.850595,225,True,988.4238032724686,8,1.5999999999999999
144640,700,-10.609871,14,False,76.405146411646,0,0.6000000000000001
145080,701,33.458555,225,True,1111.1422118170499,10,1.4
145256,702,39.382205,225,True,1342.4881862746693,8,0.0
145344,703,31.684912,225,True,1112.996495327006,3,0.0
145540,704,32.697456,225,True,1084.6982495347843,7,0.0
145744,705,-4.650116,51,False,274.7953501471161,2,0.0
145980,706,26.097106,225,True,911.0842439752657,3,0.6000000000000001
146156,707,34.026142,225,True,1210.6456720178162,4,0.8
146244,708,26.721376,225,True,944.8550341306736,1,0.0
146524,709,-1.032473,70,False,409.10109784123074,2,0.0
146644,710,27.864395,225,True,963.375800898539,2,0.0
146880,711,35.537176,225,True,1249.487039148676,4,0.0
147056,712,34.333805,225,True,1094.1522151693198,10,0.0
147424,713,34.970029,225,True,1196.4011585209491,10,1.4
147544,714,33.342062,225,True,1077.6824956654318,12,2.1999999999999997
147692,715,11.138212,159,False,871.1284976898837,5,0.0
147780,716,-4.997931,59,False,293.68275756704907,0,0.0
147780,717,29.044038,225,True,976.1615043106624,6,0.6000000000000001
147900,718,-7.860915,30,False,167.1633803570785,0,0.0
148168,719,3.312838,119,False,589.3135369809108,2,0.0
148324,720,20.479427,225,True,711.1770724518346,0,0.0
148680,721,28.273184,225,True,1013.3273620605446,1,0.6000000000000001
148800,722,23.849463,225,True,870.7785192893132,0,1.0
149068,723,25.157727,225,True,861.5090856710308,2,0.0
149224,724,35.85844,225,True,1204.7375817772158,8,0.2
149580,725,24.272077,225,True,815.6830650420918,3,0.2
149700,726,34.56973,225,True,1221.989180703118,4,0.6000000000000001
149968,727,25.437586,225,True,879.1034452441017,3,0.6000000000000001
150124,728,32.83521,225,True,1147.8083877567346,3,0.0
150480,729,20.342508,225,True,694.5003047855039,0,0.0
150600,730,24.623793,225,True,849.7517252391824,1,0.0
150868,731,37.676949,225,True,1325.4779668853826,4,0.0
150988,732,2.876858,127,False,603.0743325981528,2,0.6000000000000001
151024,733,30.332162,225,True,1032.486471037407,4,0.0
151500,734,21.444783,225,True,738.5913047793886,0,0.0
151768,735,36.095036,225,True,1262.201438147034,4,0.0
151888,736,35.580898,225,True,1182.43590825019,8,0.0
151924,737,29.280913,225,True,928.0365154475792,8,0.0
152400,738,23.348712,225,True,789.14849286759,2,0.0
152668,739,27.455068,225,True,931.8027317631647,3,0.0
152788,740,33.834484,225,True,1138.1793528183985,7,0.0
152824,741,33.303448,225,True,1113.7379141728866,7,0.0
153300,742,35.052067,225,True,1188.4826769046322,6,0.0
153568,743,38.361262,225,True,1304.850494158527,7,0.0
153688,744,33.241755,225,True,1133.6702181208198,6,0.0
153724,745,28.386476,225,True,1017.8590203286276,0,0.0
154200,746,29.165336,225,True,981.0134367033311,5,0.4
154468,747,29.623827,225,True,1024.9530773661877,3,0.2
154588,748,30.443625,225,True,1026.5449843544404,5,0.0
154624,749,38.208623,225,True,1345.9449227313116,4,0.0
155100,750,24.627097,225,True,878.6838751134221,0,0.0
155152,751,10.024072,141,False,816.1628711405463,7,1.4
155368,752,32.005457,225,True,1065.8182831648232,6,0.0
155524,753,29.9881,225,True,1052.3239877307874,4,1.4
156000,754,38.234402,225,True,1298.1760989460522,7,0.0
156052,755,33.590059,225,True,1146.0023621060814,6,0.4
156268,756,34.605347,225,True,1146.61386848566,8,0.0
156424,757,21.933799,225,True,758.1519558394559,0,0.0
156900,758,33.198223,225,True,1146.3289100404172,4,0.0
156952,759,24.514536,225,True,835.7814576593992,2,0.0
157168,760,23.203574,225,True,794.5429593261508,1,0.0
157324,761,22.244243,225,True,776.9697347082451,0,0.0
157800,762,30.186786,225,True,1057.8714242436586,2,0.0
157852,763,37.402133,225,True,1299.2853327713474,6,0.6000000000000001
158068,764,24.778778,225,True,846.3511202679808,2,0.0
158224,765,24.634537,225,True,882.1814860978259,1,0.8
158372,766,4.80572,130,False,674.6288135258794,1,0.4
158700,767,32.670598,225,True,1091.6239104753467,9,1.4
158968,768,27.416699,225,True,953.4679641936782,2,0.0
159124,769,20.822242,225,True,713.6896997394301,0,0.0
159272,770,37.001775,225,True,1267.2709973153683,7,0.0
159324,771,-0.285068,89,False,454.99728755533124,2,0.2
159600,772,23.881719,225,True,846.4687594615752,0,0.0
160024,773,26.279728,225,True,883.9891350801709,3,0.0
160172,774,27.108262,225,True,925.9304630343609,4,0.0
160224,775,36.325345,225,True,1223.413788345635,7,0.0
160500,776,32.409287,225,True,1114.7714805483174,6,0.8
160924,777,35.463156,225,True,1215.3262230983514,7,0.0
161072,778,23.762468,225,True,799.2987325843105,2,0.0
161124,779,21.279391,225,True,731.9756503077751,0,0.0
161400,780,32.416728,225,True,1152.669111841596,7,2.6
161824,781,28.390341,225,True,966.8136219094622,4,0.0
161972,782,29.847377,225,True,1065.8950723225212,4,1.9999999999999998
162024,783,22.686649,225,True,789.0659615246204,0,0.0
162300,784,33.46231,225,True,1098.4923834816054,8,0.0
162724,785,25.551226,225,True,871.6490238263693,2,0.0
162872,786,30.381477,225,True,1096.059067038821,0,0.0
162924,787,35.365361,225,True,1235.4144485759225,6,0.0
163200,788,35.248036,225,True,1211.5214308407826,5,0.0
163624,789,36.221637,225,True,1187.2654959005577,9,0.0
163772,790,39.608817,225,True,1337.1526757480665,8,0.0
163824,791,27.305331,225,True,933.0132255044539,3,0.0
164100,792,28.321962,225,True,940.8784950466813,5,0.0
164524,793,31.886994,225,True,1140.2797764634156,3,0.0
164672,794,30.661986,225,True,996.079448330358,7,0.0
164724,795,26.979657,225,True,901.5862947044066,4,0.2
165000,796,33.534114,225,True,1128.5645495617455,8,0.8
165424,797,31.35601,225,True,1073.4404101770497,6,0.6000000000000001
165572,798,37.363364,225,True,1287.3345695704047,6,0.0
165624,799,23.444775,225,True,809.7910042102296,1,0.0
165900,800,29.2366,225,True,1040.6640101052017,1,0.0
166324,801,30.451382,225,True,1043.655276863477,4,0.0
166472,802,32.651811,225,True,1045.2724469616908,9,0.0
166524,803,31.736869,225,True,1067.8747625217884,6,0.0
166800,804,35.252944,225,True,1138.9177558166907,10,0.0
167076,805,-2.501321,69,False,371.14715837346057,1,0.2
167224,806,36.309188,225,True,1256.367517036705,5,0.0
167344,807,-7.266318,30,False,174.14729004652622,1,0.0
167372,808,38.518935,225,True,1253.5574007151013,11,0.0
167424,809,35.630267,225,True,1242.810696382904,4,0.0
167976,810,30.202914,225,True,1071.3165455804487,4,0.6000000000000001
168244,811,25.88772,225,True,881.108816689838,3,0.0
168272,812,29.180731,225,True,1016.0292408864459,2,0.0
168324,813,33.974369,225,True,1179.7747454357277,9,2.1999999999999997
168488,814,-4.979597,61,False,297.6161232753159,0,0.6000000000000001
168652,815,-2.543799,95,False,375.048031990425,1,0.2
168876,816,28.544089,225,True,958.5635453527784,4,0.0
169224,817,21.383323,225,True,736.1329063396661,0,0.0
169388,818,36.185524,225,True,1229.020974442968,7,0.0
169552,819,20.464072,225,True,733.7628771245766,0,1.4
169776,820,34.475758,225,True,1197.4303375554014,5,0.4
169848,821,6.59358,156,False,722.943203221243,3,1.0
169900,822,-4.276234,87,False,325.75062290392543,0,0.4
170288,823,34.986281,225,True,1174.6512428222163,7,0.0
170676,824,28.961855,225,True,1000.0742093917802,3,0.0
170748,825,27.002096,225,True,896.8838349216928,4,0.0
170800,826,34.674453,225,True,1187.7781199156307,5,0.0
171188,827,23.04141,225,True,831.2563820668527,0,0.2
171576,828,36.00419,225,True,1234.5676038521046,6,0.0
171648,829,36.33643,225,True,1209.457216252325,8,0.0
171700,830,27.533876,225,True,903.7550438035632,5,0.0
172088,831,25.492797,225,True,848.5118740861465,4,0.0
172476,832,36.418292,225,True,1211.1316691568672,8,0.0
172548,833,27.344104,225,True,910.5641675451104,4,0.0
172600,834,29.01932,225,True,947.9728103814778,6,0.0
172700,835,8.760566,153,False,785.6226570231672,3,0.0
173376,836,38.030567,225,True,1291.6226882316873,7,0.0
173448,837,35.256641,225,True,1214.2656468546465,5,0.0
173500,838,37.17195,225,True,1289.277982835658,5,0.0
173600,839,22.744176,225,True,773.7670590524315,1,0.0
174276,840,36.435754,225,True,1268.6301424301519,6,1.0
174348,841,23.012086,225,True,814.883447941103,2,1.2
174400,842,37.394877,225,True,1314.9950736317533,5,0.0
174500,843,24.034686,225,True,842.987436013455,1,0.4
174880,844,0.167175,120,False,490.68698225722255,2,0.4
175176,845,36.510553,225,True,1280.4221121191913,4,0.0
175248,846,37.362316,225,True,1280.8926398409126,6,0.0
175368,847,10.267799,217,False,844.3119500586185,3,0.0
175780,848,21.663234,225,True,747.3293602596036,1,0.2
176076,849,36.092072,225,True,1215.6828953079385,7,0.0
176148,850,21.904498,225,True,757.779938389828,0,0.0
176268,851,36.738759,225,True,1188.750341059218,11,0.0
176680,852,26.082243,225,True,877.6897151650057,3,0.0
176884,853,10.464414,184,False,840.9765437612175,4,0.2
176976,854,27.374618,225,True,966.1847305088638,1,0.2
177168,855,31.926817,225,True,1042.6726806085642,8,0.0
177580,856,32.162554,225,True,1047.302155180541,8,0.0
177784,857,37.430916,225,True,1269.2366421576635,7,0.0
177876,858,31.708308,225,True,1133.1323012911866,1,0.0
178068,859,25.254064,225,True,860.5625497404624,2,0.0
178480,860,30.665374,225,True,1060.2149549749456,3,0.0
178684,861,35.769667,225,True,1200.3866875785411,8,0.4
178776,862,38.553757,225,True,1297.3502834606475,8,0.0
178968,863,36.640505,225,True,1212.8202016541445,11,1.5999999999999999
179380,864,28.007908,225,True,907.5163267482862,6,0.0
179584,865,37.613087,225,True,1274.9234979483226,7,0.0
179676,866,34.084396,225,True,1165.7758376702454,5,0.0
179868,867,33.495767,225,True,1175.0306806279864,3,0.0
180280,868,36.913646,225,True,1238.9458224559044,8,0.2
180484,869,28.099698,225,True,965.587933197382,3,0.0
180576,870,27.020539,225,True,914.4215447385413,3,0.0
180768,871,23.219674,225,True,767.9869527944154,3,0.2
181180,872,37.854041,225,True,1285.361654939633,7,0.0
181384,873,38.187086,225,True,1325.8834478346853,7,0.4
181476,874,37.791704,225,True,1299.668179318291,6,0.0
181668,875,32.678842,225,True,1239.1536778046707,4,3.600000000000001
182080,876,24.271263,225,True,821.2505235500394,2,0.0
182284,877,35.606104,225,True,1250.6441677111675,5,0.0
182376,878,31.281018,225,True,1089.6407018030227,7,1.5999999999999999
182568,879,38.628327,225,True,1324.3330737498782,7,0.4
182980,880,27.751325,225,True,959.6530064641861,2,0.0
183144,881,12.939325,192,False,931.9729871645698,5,0.0
183184,882,38.1926,225,True,1317.3040038435875,7,0.0
183468,883,32.954446,225,True,1134.977849160669,4,0.0
183864,884,9.529825,180,False,863.5930130068828,0,0.0
183880,885,37.440409,225,True,1309.6163744330588,6,0.6000000000000001
184084,886,38.581302,225,True,1291.25209832671,9,0.0
184368,887,36.922769,225,True,1217.7107551488866,9,0.0
184764,888,38.549729,225,True,1302.7891716700751,9,0.6000000000000001
184780,889,38.301332,225,True,1294.4532846944394,8,0.0
184984,890,31.31337,225,True,1082.1347852835165,4,0.4
185268,891,37.910843,225,True,1284.433727853656,8,0.4
185664,892,35.895571,225,True,1205.4228501579873,7,0.0
185680,893,29.378125,225,True,965.525012232428,6,0.2
185884,894,36.107099,225,True,1213.8839703698318,7,0.0
185932,895,-2.986981,63,False,346.9207475925382,1,0.0
186168,896,38.005691,225,True,1251.4276441829134,14,2.4
186564,897,27.802218,225,True,996.0887336768826,3,0.6000000000000001
186784,898,33.783451,225,True,1201.7380583049462,7,3.2000000000000006
186832,899,32.459515,225,True,1148.7806100533285,2,0.0
186944,900,12.458844,194,False,907.153745215584,6,0.4
187168,901,-5.760891,56,False,258.36437992702827,0,0.0
187464,902,31.528518,225,True,1079.540734585652,4,0.0
187684,903,34.734552,225,True,1188.582066200504,7,0.6000000000000001
187732,904,37.606294,225,True,1270.6517697404852,8,0.0
188068,905,21.798508,225,True,758.340302769044,0,0.0
188364,906,36.102771,225,True,1199.3108415154866,8,0.0
188584,907,39.912748,225,True,1334.9099087765107,9,0.0
188632,908,25.03627,225,True,875.0508183655188,2,0.4
188968,909,30.083747,225,True,1090.5498870864349,4,2.6
189264,910,27.832656,225,True,946.9062489123157,3,0.0
189484,911,34.075407,225,True,1193.416299489449,4,0.4
189532,912,31.659142,225,True,1087.1656614977887,5,0.0
189868,913,28.099922,225,True,987.9968798895943,1,0.0
190164,914,28.542714,225,True,987.3085621370442,4,0.6000000000000001
190384,915,37.752711,225,True,1248.5084304209176,9,0.0
190432,916,27.555333,225,True,936.613300723677,3,0.0
190608,917,-1.092427,111,False,437.9029021704189,0,0.0
190768,918,35.588915,225,True,1161.9565916771162,10,0.0
191284,919,31.797918,225,True,1053.5167072412746,7,0.4
191332,920,38.46912,225,True,1342.7648086458948,6,0.0
191508,921,38.890833,225,True,1298.833318049627,9,0.2
191668,922,35.691178,225,True,1150.0471306496693,10,0.0
192184,923,24.61308,225,True,839.7231861219814,2,0.2
192232,924,20.92118,225,True,723.2471805689286,0,0.0
192408,925,38.999311,225,True,1312.7724304531876,10,0.8
192568,926,33.601369,225,True,1136.8547658820294,7,0.8
192788,927,-5.737527,55,False,256.8989159658822,0,0.2
193084,928,26.355124,225,True,928.6049570805694,3,1.2
193132,929,36.14288,225,True,1248.9152105228945,6,0.0
193308,930,25.163366,225,True,883.33462576548,3,0.8
193688,931,37.473824,225,True,1242.9529476070466,9,0.0
193984,932,28.154615,225,True,918.1845867128277,7,0.4
194032,933,28.744703,225,True,1001.7881381822879,3,0.0
194184,934,-6.595619,38,False,217.7752371161696,0,0.0
194208,935,23.832536,225,True,821.3014559095104,2,0.2
194460,936,-3.199497,63,False,343.22010686478643,1,0.2
194588,937,26.878267,225,True,925.5306823243709,2,0.0
194664,938,4.308694,120,False,581.1477573479874,8,1.9999999999999998
194804,939,-5.022132,54,False,270.3147208849341,1,0.0
194820,940,0.260137,90,False,492.0054719884008,0,0.0
194884,941,35.993918,225,True,1216.5567139410796,9,0.4
195564,942,31.595861,225,True,1012.6344244835154,9,0.4
195704,943,33.258667,225,True,1140.7466895822372,5,0.0
195720,944,30.684788,225,True,1030.5915389295048,5,0.0
195784,945,35.723249,225,True,1192.1299679314384,8,0.0
196464,946,34.602816,225,True,1175.3126472061244,6,0.0
196604,947,38.369693,225,True,1243.5877109199773,11,0.0
196620,948,36.668646,225,True,1204.3458495555233,9,0.0
196684,949,38.529573,225,True,1293.1829298801654,9,0.0
197364,950,31.874135,225,True,1054.965395468359,7,0.0
197500,951,-7.535479,34,False,180.98082835888545,0,0.0
197504,952,24.94789,225,True,873.1156054579892,2,0.6000000000000001
197520,953,32.91616,225,True,1176.6464037668316,4,1.0
197584,954,33.506542,225,True,1163.461697201335,6,1.0
198400,955,29.637741,225,True,1008.709642525087,5,0.8
198404,956,36.282994,225,True,1237.7197786612473,6,0.0
198420,957,34.586246,225,True,1271.449853233264,5,3.0000000000000004
198484,958,39.151691,225,True,1325.2676477514174,8,0.0
199300,959,36.154747,225,True,1271.7898917779257,5,0.0
199304,960,31.216447,225,True,1106.2578880274727,2,0.0
199320,961,35.951029,225,True,1260.4411748737712,7,1.4
199384,962,35.72642,225,True,1269.8567819858895,6,0.8
199936,963,8.846459,154,False,814.6583718932509,5,1.4
200200,964,37.429518,225,True,1285.1807322617065,6,0.0
200204,965,30.529372,225,True,1053.9748682062527,3,0.0
200284,966,22.855497,225,True,807.0198717188373,2,1.7999999999999998
200436,967,-4.363878,58,False,307.04486701272776,0,0.0
200836,968,22.826932,225,True,788.277294165305,1,0.4
201100,969,24.484618,225,True,827.3847056748193,2,0.0
201184,970,33.871922,225,True,1155.676863559915,7,0.0
201336,971,27.734748,225,True,1073.389937215176,2,2.8000000000000003
201736,972,30.890686,225,True,1027.6274275452706,7,0.6000000000000001
202000,973,24.071353,225,True,814.0541003437163,3,0.0
202084,974,32.128415,225,True,1047.5366176872947,9,0.4
202236,975,33.277754,225,True,1139.9101449344184,5,0.0
202636,976,38.702049,225,True,1320.0819462070272,7,0.0
202900,977,29.899884,225,True,1023.1953623653831,4,0.0
202984,978,29.905824,225,True,1038.632959412866,3,0.0
203136,979,39.173218,225,True,1337.3287196706651,7,0.0
203536,980,31.704031,225,True,1120.161232739979,3,0.0
203800,981,36.62313,225,True,1311.325191914072,4,0.0
203884,982,34.254141,225,True,1172.5656493610272,6,0.4
204036,983,21.19378,225,True,728.5511958648401,0,0.0
204132,984,-2.815055,83,False,369.7978149342953,1,0.4
204436,985,31.836494,225,True,1150.2597600680042,5,0.0
204784,986,25.208722,225,True,825.1488660406892,4,0.0
204936,987,32.803017,225,True,1099.320671942412,6,0.0
205032,988,26.589618,225,True,928.384719783704,1,0.0
205336,989,27.475327,225,True,979.0130611410425,2,0.0
205684,990,35.736843,225,True,1207.073713786247,7,0.0
205836,991,35.774676,225,True,1218.1870247013635,6,0.0
205932,992,22.053494,225,True,786.9397464675124,0,1.0
206120,993,5.486893,196,False,706.6757131280051,0,0.0
206468,994,11.958295,158,False,875.9318081021706,7,0.8
206584,995,28.433024,225,True,934.1209451147556,6,0.0
206832,996,37.513735,225,True,1236.5493866412098,10,0.0
207020,997,35.604707,225,True,1222.5882905931826,6,0.0
207252,998,-0.93575,105,False,444.16998081431825,1,0.4
207360,999,-1.737665,85,False,403.293393754338,2,0.4
207368,1000,23.377759,225,True,867.9103720082385,2,3.400000000000001
207484,1001,28.284803,225,True,1028.19210045864,0,0.0
207784,1002,-1.230886,106,False,437.96457115456656,0,0.0
208152,1003,32.597576,225,True,1091.90303643354,6,0.0
208252,1004,19.404329,221,False,1210.5731760814801,3,0.0
208384,1005,34.009507,225,True,1101.1802839400843,10,0.0
208684,1006,38.864552,225,True,1325.7820740453594,7,0.0
209052,1007,40.12289,225,True,1343.3156068073013,9,0.0
209152,1008,26.230716,225,True,914.0286443185064,1,0.0
209284,1009,31.181527,225,True,1100.061087720428,2,0.0
209584,1010,33.572388,225,True,1126.0955008273718,8,0.4
209952,1011,26.600126,225,True,897.6050221979112,4,0.2
210052,1012,23.849521,225,True,818.7808297362174,1,0.0
210184,1013,33.701895,225,True,1140.8757957166554,6,0.0
210484,1014,38.003338,225,True,1274.533511523996,8,0.0
210852,1015,38.244217,225,True,1282.5686752552779,8,0.0
210952,1016,32.243996,225,True,1082.5598200238546,7,0.4
211084,1017,38.026265,225,True,1260.2505919015812,9,0.0
211384,1018,36.738904,225,True,1257.556167542869,6,0.0
211752,1019,29.077721,225,True,953.5088548908939,7,0.8
211852,1020,27.391232,225,True,993.2492868242191,0,0.0
211984,1021,35.182131,225,True,1208.8852415594088,5,0.0
212284,1022,34.225933,225,True,1178.637337452636,5,0.0
212652,1023,25.347072,225,True,847.4828807456572,3,0.0
212752,1024,23.612028,225,True,834.8811053475638,4,1.9999999999999998
212884,1025,22.805661,225,True,804.2264589573151,1,0.6000000000000001
213184,1026,27.70313,225,True,996.1252198670443,0,0.0
213552,1027,35.048247,225,True,1157.9298860003469,8,0.0
213652,1028,36.435334,225,True,1179.0133797013955,10,0.0
213784,1029,33.45777,225,True,1153.5108122862935,6,0.6000000000000001
214084,1030,20.460072,225,True,829.6028668490396,2,6.400000000000003
214452,1031,29.498879,225,True,1019.1551407300069,3,0.0
214552,1032,27.645916,225,True,938.63665181901,3,0.0
214684,1033,28.454375,225,True,1003.7749873692321,1,0.0
214984,1034,21.43992,225,True,744.7968118138224,0,0.0
215200,1035,3.825801,129,False,602.6320576017847,2,0.0
215352,1036,29.967089,225,True,1077.0835552767098,1,0.0
215452,1037,36.832918,225,True,1270.9167113287804,6,0.0
215884,1038,24.436126,225,True,843.8450512466377,4,1.9999999999999998
216100,1039,33.704475,225,True,1165.7789917012879,4,0.0
216252,1040,38.182793,225,True,1297.711738768783,7,0.0
216352,1041,33.932503,225,True,1110.900127760572,11,1.2
216784,1042,37.886449,225,True,1269.0579726866072,8,0.0
217000,1043,37.333702,225,True,1262.1480736094973,7,0.0
217152,1044,37.305849,225,True,1279.43396500784,6,0.0
217252,1045,35.979068,225,True,1213.562716736713,7,0.0
217684,1046,35.191095,225,True,1243.643798005237,4,0.6000000000000001
217900,1047,38.882935,225,True,1309.7174035338398,8,0.0
218052,1048,34.795375,225,True,1225.4150028336649,4,0.6000000000000001
218152,1049,33.149264,225,True,1128.3705568213263,5,0.0
218376,1050,-4.161917,56,False,311.9233340466926,2,1.2
218584,1051,32.803402,225,True,1139.3360766597093,10,3.800000000000001
218800,1052,39.101246,225,True,1329.6498508012673,8,0.4
218952,1053,33.212224,225,True,1145.2889504516456,6,0.6000000000000001
219276,1054,38.037672,225,True,1227.9068832164044,11,0.0
219484,1055,32.387171,225,True,1115.4868366268488,5,0.4
219700,1056,37.794007,225,True,1235.7602972376658,10,0.0
219852,1057,35.663656,225,True,1223.3462272436177,6,0.4
220176,1058,30.917642,225,True,1039.1056934431708,6,0.4
220244,1059,6.279601,136,False,641.584039046146,7,0.6000000000000001
220384,1060,34.635979,225,True,1177.4391591248432,7,0.6000000000000001
220752,1061,37.015863,225,True,1251.8345299814823,7,0.0
220816,1062,10.665652,143,False,839.4260963643487,5,0.0
220968,1063,-3.879728,54,False,318.4108949236445,2,1.0
221076,1064,32.904187,225,True,1044.1674931821733,10,0.2
221284,1065,26.134385,225,True,917.3753906285453,1,0.0
221716,1066,34.774343,225,True,1223.7737018904672,3,0.0
221868,1067,33.628913,225,True,1185.156538179906,5,0.6000000000000001
221976,1068,30.907373,225,True,1007.4949145479138,8,0.6000000000000001
222084,1069,-11.750253,27,False,117.18987499817717,0,4.200000000000001
222184,1070,29.123931,225,True,1024.15725359063,8,4.400000000000001
222616,1071,34.607357,225,True,1102.6942816566702,11,0.2
222768,1072,40.839353,225,True,1345.5741368596641,11,0.0
222984,1073,33.071826,225,True,1106.8730389416182,8,1.0
223084,1074,24.522658,225,True,891.3063078239056,0,1.0
223516,1075,31.686834,225,True,1075.4733466563216,5,0.0
223668,1076,36.305859,225,True,1228.2343637271138,7,0.0
223884,1077,24.612684,225,True,918.9073455339453,4,4.800000000000002
223984,1078,38.955873,225,True,1345.434914553448,6,0.0
224416,1079,26.190178,225,True,926.0071280124494,8,5.200000000000002
224512,1080,3.11554,132,False,595.0215809732331,2,0.6000000000000001
224524,1081,6.805939,160,False,705.8375443293849,3,0.0
224568,1082,35.648686,225,True,1183.547438084855,9,0.2
225316,1083,22.362022,225,True,780.8808725618626,0,0.0
225412,1084,22.156313,225,True,772.6525151952819,0,0.0
225424,1085,34.135626,225,True,1163.0250297904854,9,2.4
225468,1086,21.61365,225,True,854.9459892251164,4,7.200000000000004
226216,1087,36.355518,225,True,1182.2207088455607,10,0.0
226312,1088,34.771671,225,True,1185.2668345775264,6,0.2
226324,1089,37.743287,225,True,1264.931476004946,8,0.0
226368,1090,29.526189,225,True,1003.4475650947445,4,0.2
227116,1091,34.171774,225,True,1188.470952735559,4,0.0
227212,1092,34.939552,225,True,1164.7820876073292,8,0.0
227224,1093,31.103005,225,True,1045.7201896045601,6,0.2
227268,1094,25.842875,225,True,948.1149974240054,0,1.4
228016,1095,27.823686,225,True,996.1474323414445,2,0.0
228112,1096,39.920019,225,True,1336.8007595884073,9,0.0
228124,1097,27.670803,225,True,929.2321299714774,4,0.0
228168,1098,34.64626,225,True,1131.4503998191244,9,0.0
228916,1099,34.636918,225,True,1167.076728985859,8,0.8
229012,1100,34.169851,225,True,1132.3940395413188,9,0.8
229024,1101,38.291425,225,True,1324.4570011915407,6,0.0
229068,1102,40.789071,225,True,1305.9628317373672,14,0.6000000000000001
229716,1103,9.573709,176,False,826.1483720395579,7,1.5999999999999999
229816,1104,30.61762,225,True,1063.9047872354663,4,0.4
229840,1105,7.629007,204,False,771.560285221286,2,0.6000000000000001
229968,1106,30.75018,225,True,1082.8072020902068,3,0.0
230244,1107,-2.392391,69,False,365.1043687574752,3,0.4
230324,1108,7.649184,152,False,782.7673712106334,1,0.4
230716,1109,35.926209,225,True,1222.6483739193795,6,0.0
230740,1110,27.137484,225,True,975.0993758660452,7,5.000000000000002
231144,1111,30.356098,225,True,1067.043935406386,9,2.8000000000000003
231224,1112,37.192379,225,True,1210.0951602041873,10,0.0
231288,1113,2.995179,137,False,609.4071748904807,2,1.2
231616,1114,34.674763,225,True,1174.1905368596354,6,0.0
232044,1115,36.529133,225,True,1249.965337632193,7,0.0
232124,1116,38.528341,225,True,1326.7336282516749,6,0.0
232188,1117,32.912934,225,True,1134.117358075438,6,0.0
232516,1118,21.869208,225,True,791.5683244551888,1,2.1999999999999997
232944,1119,26.605024,225,True,929.8009623496753,1,0.0
233024,1120,28.358678,225,True,977.5471223580682,8,3.600000000000001
233048,1121,-8.818394,26,False,128.8642257366414,0,0.0
233088,1122,27.393187,225,True,946.127478784131,2,0.0
233416,1123,34.565354,225,True,1216.2141642303523,3,0.0
233652,1124,-4.064462,59,False,326.22151248581326,0,0.0
233924,1125,38.56275,225,True,1320.9100123759517,7,0.0
233948,1126,24.682228,225,True,872.8891142055386,0,0.2
233988,1127,39.757435,225,True,1345.4974176862565,8,0.0
234208,1128,7.054664,139,False,733.3865754603169,3,0.0
234824,1129,27.638619,225,True,1011.9447757959344,0,0.0
234848,1130,36.052445,225,True,1237.2977838273387,7,1.0
234888,1131,37.86283,225,True,1271.3131845513694,10,0.6000000000000001
235108,1132,34.877694,225,True,1169.5077767792432,8,0.8
235724,1133,34.796149,225,True,1207.8459461578123,4,0.0
235748,1134,29.199638,225,True,1021.5855011052106,5,1.7999999999999998
235788,1135,37.084073,225,True,1212.1629250889005,13,1.5999999999999999
236008,1136,36.590149,225,True,1208.4059531923376,9,0.0
236032,1137,-2.341655,77,False,378.33378409728357,1,0.0
236092,1138,-2.296379,86,False,394.54482100850237,3,1.2
236688,1139,32.526885,225,True,1077.0754142245078,7,0.0
236720,1140,14.396697,172,False,979.0678608457079,5,0.0
236908,1141,31.086758,225,True,1077.870333699358,4,0.2
236992,1142,37.807918,225,True,1315.5167174260946,7,0.4
237588,1143,34.498119,225,True,1169.524767600371,7,0.6000000000000001
237620,1144,39.297163,225,True,1343.0865194820694,7,0.0
237808,1145,36.958135,225,True,1281.525405447665,7,0.0
237824,1146,-5.433128,59,False,259.47488663224067,1,0.0
237892,1147,39.408212,225,True,1345.9284620280332,7,0.0
238520,1148,30.610304,225,True,1073.212151103327,2,0.0
238692,1149,-5.770638,43,False,249.1744940905146,1,0.6000000000000001
238708,1150,34.440571,225,True,1168.8228566100747,7,0.6000000000000001
238724,1151,22.871338,225,True,793.2535084836468,1,0.2
238792,1152,32.113651,225,True,1092.5460274187467,7,0.6000000000000001
239592,1153,30.275539,225,True,1011.021575436823,6,0.6000000000000001
239608,1154,33.003107,225,True,1164.1242673475422,6,1.9999999999999998
239624,1155,28.772033,225,True,987.6813372198314,5,1.4
239692,1156,30.117213,225,True,1048.6885132195612,6,1.5999999999999999
240292,1157,10.610841,167,False,898.0336473745726,6,3.600000000000001
240492,1158,38.283835,225,True,1316.1534009742313,6,0.0
240508,1159,37.577971,225,True,1272.7188242876723,7,0.0
240592,1160,21.635995,225,True,899.0397971897694,1,5.8000000000000025
241100,1161,5.436544,127,False,670.2617521008331,2,0.0
241192,1162,38.291735,225,True,1270.8694136870836,9,0.0
241392,1163,22.224644,225,True,773.785745858901,1,0.6000000000000001
241408,1164,28.246959,225,True,981.8783502336414,3,0.0
242000,1165,35.900332,225,True,1176.0132982414752,9,0.0
242092,1166,37.856685,225,True,1334.267383485757,5,0.0
242292,1167,21.622662,225,True,780.9064682989042,0,0.4
242304,1168,-5.848136,53,False,252.47454124055616,0,0.2
242308,1169,33.709539,225,True,1117.1815436789407,12,3.0000000000000004
242388,1170,-8.915019,24,False,129.7992325813998,0,0.2
242900,1171,37.004857,225,True,1219.3942826284529,9,0.0
243204,1172,31.269098,225,True,1083.5639079328544,4,0.0
243208,1173,34.492987,225,True,1180.5194724802636,5,0.0
243288,1174,24.61491,225,True,866.1963867756567,4,2.1999999999999997
243604,1175,3.835375,176,False,651.014986472421,3,2.1999999999999997
244104,1176,36.648759,225,True,1254.7503662515428,7,0.0
244108,1177,38.263045,225,True,1268.921812500324,9,0.0
244188,1178,27.639744,225,True,999.9897489599166,1,0.0
244504,1179,29.096804,225,True,977.4721561343404,5,0.0
244904,1180,12.254798,199,False,912.591933928262,7,2.1999999999999997
245004,1181,39.263174,225,True,1340.9269628430575,7,0.0
245088,1182,24.866141,225,True,875.4456510370755,0,0.0
245404,1183,22.698022,225,True,903.120887856511,3,5.200000000000002
245804,1184,38.224792,225,True,1302.5916951583408,7,0.0
245904,1185,33.886271,225,True,1149.0508340236315,10,2.1999999999999997
245988,1186,31.800322,225,True,1102.4128766165404,4,0.0
246304,1187,32.06146,225,True,1086.4584110873343,9,1.2
246556,1188,-3.850639,63,False,317.1744499724007,1,0.0
246620,1189,14.300426,204,False,984.0170419949991,7,1.0
246804,1190,24.625408,225,True,849.816338332249,1,0.0
246888,1191,31.490403,225,True,1070.01610154523,6,0.2
247456,1192,25.808207,225,True,900.3282755315147,5,2.8000000000000003
247520,1193,34.193994,225,True,1106.9597515353412,9,0.0
247704,1194,36.063108,225,True,1195.3243051666286,9,0.0
247788,1195,38.897299,225,True,1343.091956032708,6,0.0
248180,1196,-2.446896,98,False,390.1241777145208,1,0.2
248356,1197,38.462876,225,True,1272.1150398630093,10,0.2
248420,1198,35.437428,225,True,1187.897115599651,7,0.0
248604,1199,30.799146,225,True,1066.3658225460922,3,0.0
249080,1200,31.825675,225,True,1092.22700341591,4,0.0
249256,1201,40.37789,225,True,1320.715618296705,11,0.0
249320,1202,36.290868,225,True,1243.6347389152397,6,0.0
249504,1203,33.645359,225,True,1145.014345556337,8,1.5999999999999999
249980,1204,30.256662,225,True,1084.6664999213958,1,0.0
250156,1205,36.347334,225,True,1177.0933503874908,11,0.0
250220,1206,30.885952,225,True,1074.6380677278767,6,1.0
250404,1207,36.086838,225,True,1201.8735127193377,8,0.0
250880,1208,34.000893,225,True,1148.0357002209494,7,0.0
251056,1209,34.149722,225,True,1153.18888347125,8,0.0
251120,1210,39.291829,225,True,1342.0731488937513,7,0.0
251300,1211,-6.088187,45,False,254.0725390399491,0,0.4
251304,1212,38.529294,225,True,1302.771774849451,8,0.0
251780,1213,29.895801,225,True,1019.8320393286992,6,0.6000000000000001
251956,1214,25.685999,225,True,1031.439949873529,5,7.200000000000004
252200,1215,25.916675,225,True,927.8670194779027,4,1.7999999999999998
252204,1216,35.505069,225,True,1207.4027731596652,6,0.0
252680,1217,37.565965,225,True,1261.8385816541295,10,0.0
252856,1218,35.63099,225,True,1195.6395943440652,7,0.0
253012,1219,-0.698468,83,False,437.661270952696,1,0.0
253100,1220,20.784929,225,True,865.7971720640685,3,7.600000000000004
253104,1221,25.687768,225,True,909.9107326701383,2,0.8
253756,1222,34.197103,225,True,1127.8841235278364,9,0.4
253912,1223,27.897671,225,True,946.3068287128592,6,1.7999999999999998
254000,1224,39.017347,225,True,1321.4938684696745,8,0.0
254004,1225,29.336702,225,True,991.0680993978999,7,1.0
254656,1226,36.825064,225,True,1186.6025585369898,11,0.0
254812,1227,38.442802,225,True,1324.112093200551,6,0.0
254900,1228,30.862426,225,True,1049.6970255163424,6,0.2
254904,1229,35.319967,225,True,1201.598689615471,8,1.0
255556,1230,0.111142,163,False,623.6456971094342,2,6.800000000000003
255556,1231,24.909563,225,True,866.7825189245295,1,0.0
255712,1232,36.798527,225,True,1259.1410622016579,6,0.0
255800,1233,30.658307,225,True,1068.7322930398109,6,1.0
256188,1234,5.251976,158,False,708.479035333798,7,5.400000000000002
256456,1235,34.939211,225,True,1219.168459163228,6,1.4
256612,1236,37.49789,225,True,1255.9155908992352,8,0.0
256700,1237,26.91256,225,True,965.3024090868514,1,0.0
257088,1238,29.408848,225,True,1057.1539384551188,2,0.0
257356,1239,23.023325,225,True,798.5330113564082,1,0.0
257512,1240,37.790736,225,True,1301.2294383137437,7,0.8
257544,1241,1.719355,114,False,546.374192105131,2,0.8
257600,1242,29.19939,225,True,993.5755886642578,5,1.0
257660,1243,-2.330307,76,False,372.3877061150272,1,0.0
258412,1244,19.947376,225,True,753.0950512061825,0,2.6
258444,1245,23.240927,225,True,848.8370762917489,2,2.4
258500,1246,31.357728,225,True,1090.3091109818197,4,0.0
258560,1247,34.701606,225,True,1203.264248566276,5,0.0
258692,1248,-4.575784,48,False,281.7686403034452,2,0.6000000000000001
258740,1249,-3.356605,82,False,419.33578121851474,1,1.7999999999999998
259344,1250,34.168288,225,True,1202.7315027425084,6,0.8
259460,1251,36.420714,225,True,1211.2285479713132,8,0.0
259532,1252,14.506739,198,False,967.4695528482061,9,0.6000000000000001
259592,1253,38.612698,225,True,1273.3079155815349,10,0.0
259732,1254,-7.10265,35,False,196.6939815232497,0,0.0
260156,1255,12.57768,156,False,927.1072163487052,4,0.0
260244,1256,28.821291,225,True,969.6516241228262,7,1.2
260360,1257,33.54759,225,True,1121.103596859678,9,0.2
260632,1258,-2.00981,97,False,451.607588886076,1,2.8000000000000003
260632,1259,33.639176,225,True,1168.7670377331601,5,0.6000000000000001
261056,1260,32.444275,225,True,1194.5710175901263,4,1.7999999999999998
261260,1261,36.884271,225,True,1236.170856953699,8,0.0
261532,1262,25.230602,225,True,880.4240673411621,3,0.4
261532,1263,34.558028,225,True,1171.9211034519744,9,1.4
261956,1264,34.48805,225,True,1172.3220089758897,6,0.0
262160,1265,22.702812,225,True,800.1124630239137,0,0.0
262304,1266,-3.548806,87,False,401.2477727283881,0,0.6000000000000001
262376,1267,14.277331,211,False,1010.293223457352,4,0.8
262432,1268,26.219807,225,True,940.7922691926606,0,0.0
263060,1269,36.768495,225,True,1288.3397930266879,4,0.0
263184,1270,13.274049,188,False,933.3619670756807,5,0.0
263204,1271,31.442391,225,True,1061.6956536241669,5,0.0
263276,1272,34.678334,225,True,1108.7333523806005,12,0.6000000000000001
263380,1273,-5.192688,44,False,258.6924944201521,1,0.0
263960,1274,38.310444,225,True,1320.4177442568325,8,1.0
264084,1275,38.551372,225,True,1337.2548888078563,7,0.0
264176,1276,36.139202,225,True,1263.9680619823944,4,0.0
264280,1277,34.104518,225,True,1207.3807045817261,6,0.0
264304,1278,-5.623811,55,False,271.84754060402975,2,1.9999999999999998
264460,1279,8.036228,125,False,744.6491016749428,4,0.0
264516,1280,-5.856322,53,False,285.74710519060454,1,0.8
265032,1281,6.420274,129,False,687.2109582488952,5,1.2
265076,1282,26.057854,225,True,859.1141574261255,4,0.0
265180,1283,39.581274,225,True,1319.2509539623752,10,0.0
265360,1284,37.416415,225,True,1263.0565856494177,9,0.6000000000000001
265932,1285,35.388781,225,True,1204.3512491142515,7,0.8
265976,1286,20.112693,225,True,805.3077166394016,2,5.600000000000002
266080,1287,28.468121,225,True,998.7248247482225,2,0.0
266260,1288,19.724931,225,True,741.797241568144,0,3.0000000000000004
266532,1289,9.930934,150,False,814.0373490375289,5,0.0
266876,1290,31.654553,225,True,1071.7821010014059,5,0.0
266972,1291,8.645236,223,False,840.2094323666481,4,3.2000000000000006
267160,1292,28.141721,225,True,941.6688452522158,8,2.6
267392,1293,1.742066,105,False,519.2826209383948,2,0.0
267432,1294,34.109229,225,True,1208.3691714900788,4,0.8
267668,1295,-1.865735,127,False,448.5705855278675,0,1.2
267764,1296,13.321254,222,False,990.4501729418457,4,1.2
268292,1297,30.283744,225,True,1089.749741621711,1,0.0
268332,1298,30.229999,225,True,1027.599944342298,4,0.0
268568,1299,34.344277,225,True,1156.9710726300764,7,0.0
268664,1300,26.748847,225,True,929.1538663868898,5,1.0
269192,1301,29.058747,225,True,1057.5498915636626,2,1.5999999999999999
269232,1302,31.216715,225,True,1056.6686114375575,6,0.4
269344,1303,7.462512,194,False,805.7004710051067,3,2.1999999999999997
269564,1304,35.706421,225,True,1189.0568321804185,8,0.0
270092,1305,32.87311,225,True,1134.124387738992,4,0.0
270132,1306,29.788824,225,True,1016.352977744888,4,0.0
270244,1307,23.452231,225,True,830.8892361184937,1,0.0
270464,1308,35.661914,225,True,1201.6765465458298,7,0.2
270900,1309,-4.168793,109,False,401.24827154053764,0,3.600000000000001
270992,1310,25.812711,225,True,926.9084429322854,0,0.2
271032,1311,32.700166,225,True,1150.406650956776,5,0.6000000000000001
271144,1312,27.415699,225,True,945.4279634080499,2,0.0
271448,1313,-0.701002,104,False,465.5599038072123,0,0.0
271800,1314,37.779676,225,True,1303.1870303074238,7,0.4
271892,1315,35.492486,225,True,1211.6994433641903,7,0.6000000000000001
272044,1316,34.789466,225,True,1198.778645372391,9,2.6
272348,1317,32.839367,225,True,1124.7746915149883,6,0.6000000000000001
272700,1318,26.238172,225,True,924.7268851779174,2,0.2
272792,1319,26.504605,225,True,960.9841863264869,2,1.5999999999999999
272836,1320,0.079444,122,False,529.5777691689018,5,4.000000000000001
272944,1321,27.536538,225,True,941.4615349744925,4,0.2
272992,1322,-7.874328,39,False,199.42686173408174,1,1.7999999999999998
273600,1323,32.26676,225,True,1081.0703806232727,9,1.4
273692,1324,29.64058,225,True,1051.2231915830544,1,0.0
273844,1325,33.430581,225,True,1077.2232474242037,10,0.4
273892,1326,38.948666,225,True,1295.5466427307365,9,0.0
274132,1327,4.736433,110,False,623.0573167406817,3,0.0
274360,1328,-5.052676,57,False,279.49295721028716,0,0.0
274500,1329,38.06082,225,True,1310.4328078563317,6,0.0
274744,1330,28.699403,225,True,1018.3761184742509,1,0.0
274792,1331,35.571201,225,True,1248.4480284832948,5,0.0
275132,1332,9.616576,158,False,778.2630430015806,6,0.0
275260,1333,24.826097,225,True,849.0438922081664,2,0.2
275528,1334,-4.591166,67,False,286.7533507258254,1,0.2
275532,1335,1.67028,100,False,500.4111854398343,3,0.0
275644,1336,30.80315,225,True,1056.125996256213,4,0.0
275692,1337,23.085168,225,True,795.4067024558503,1,0.0
276428,1338,26.643568,225,True,924.1427203436342,2,0.0
276432,1339,24.888443,225,True,897.93770831501,0,0.0
276544,1340,33.303987,225,True,1166.559489110618,3,0.0
276592,1341,27.83964,225,True,956.785599807934,5,1.2
276800,1342,-3.871365,52,False,294.74540697082307,2,0.0
277328,1343,24.66473,225,True,848.1892059644908,2,0.0
277332,1344,28.375537,225,True,992.6214840148457,2,0.0
277444,1345,39.39302,225,True,1330.1208044030504,8,0.0
277676,1346,0.248309,87,False,477.1323634633277,2,0.0
277700,1347,27.155656,225,True,917.4262382988902,6,1.5999999999999999
278232,1348,34.31491,225,True,1143.7964108325655,7,0.0
278344,1349,28.420432,225,True,992.0172764670244,2,0.0
278576,1350,24.90027,225,True,858.410810984639,2,0.0
278600,1351,37.621993,225,True,1275.2797261208802,8,0.2
279132,1352,36.035955,225,True,1197.4382111561736,8,0.0
279244,1353,39.663525,225,True,1345.7410039354772,8,0.0
279476,1354,32.222035,225,True,1097.681419140164,5,0.0
279500,1355,35.63656,225,True,1148.6624057452468,10,0.0
280032,1356,26.348039,225,True,960.3215432049744,3,2.8000000000000003
280144,1357,23.473856,225,True,809.3542599837438,1,0.0
280376,1358,29.981133,225,True,1029.6453362569307,4,0.0
280400,1359,29.765944,225,True,1004.2377595348466,5,0.0
280876,1360,3.16369,119,False,601.7475945091644,2,0.8
280932,1361,23.579683,225,True,819.98733240864,1,0.2
281044,1362,37.937255,225,True,1244.6902106212187,10,0.0
281276,1363,30.096103,225,True,1027.844110596262,5,0.4
281776,1364,19.588895,225,True,697.955812963183,0,1.4
281832,1365,38.904384,225,True,1261.7753428093401,11,0.0
281944,1366,33.418095,225,True,1174.323781088946,5,0.0
282176,1367,25.830092,225,True,888.403665473599,2,0.0
282676,1368,33.8288,225,True,1169.9520003901348,4,0.0
282732,1369,37.170945,225,True,1268.4377826763562,7,0.0
282844,1370,35.214394,225,True,1248.5757460940495,3,0.0
283076,1371,25.39245,225,True,861.2979899486741,3,0.0
283576,1372,36.041738,225,True,1220.8695201716687,10,1.5999999999999999
283632,1373,22.633092,225,True,804.5236936587667,2,1.7999999999999998
283744,1374,33.882795,225,True,1185.7118180730945,4,0.0
283976,1375,39.202755,225,True,1338.5101977522913,7,0.0
284084,1376,2.904395,113,False,618.5758125047314,2,2.1999999999999997
284476,1377,26.324251,225,True,967.3700474311759,0,0.6000000000000001
284644,1378,33.328853,225,True,1158.754112458429,5,0.0
284876,1379,37.658794,225,True,1339.9517476779492,3,0.0
284984,1380,32.237746,225,True,1113.5098243969405,5,0.6000000000000001
285376,1381,27.729208,225,True,926.7683257102101,4,0.0
285544,1382,31.011806,225,True,1103.6722492164945,3,1.0
285776,1383,29.504134,225,True,1071.3653430908112,1,0.8
285884,1384,29.732115,225,True,1058.8846100918386,2,0.0
285896,1385,-1.822678,88,False,415.89287017429956,0,0.0
286276,1386,24.300192,225,True,810.4076672860017,3,0.0
286676,1387,26.00158,225,True,927.2632139078962,0,0.0
286784,1388,35.395511,225,True,1186.220421097787,7,0.0
286796,1389,34.304354,225,True,1172.974164935822,5,0.0
287176,1390,31.871676,225,True,1126.067021460482,2,0.0
287576,1391,31.476254,225,True,1023.8501400604214,8,0.0
287684,1392,38.688559,225,True,1280.3423571049707,10,0.0
287696,1393,26.934856,225,True,942.9942568488402,1,0.0
288076,1394,29.394544,225,True,987.7817607017562,5,0.4
288476,1395,30.735731,225,True,1063.8292326063788,3,0.0
288584,1396,36.235349,225,True,1267.0139616301344,4,0.0
288596,1397,30.211344,225,True,1063.6537579341166,6,2.1999999999999997
288976,1398,37.187761,225,True,1297.1104326410314,5,0.0
289376,1399,32.760647,225,True,1110.4258881640576,7,0.8
289484,1400,29.564827,225,True,991.393097529736,6,0.4
289496,1401,36.352597,225,True,1224.503883822851,7,0.0
289616,1402,3.302948,160,False,635.3179017394832,0,0.8
289756,1403,-7.711612,35,False,188.3355398083645,0,0.4
290276,1404,20.795255,225,True,729.4101860969049,0,0.0
290384,1405,38.922577,225,True,1295.303094750503,9,0.0
290396,1406,38.648702,225,True,1283.5480758041708,9,0.0
290656,1407,29.822413,225,True,1045.6965374636898,4,0.8
291176,1408,38.450621,225,True,1326.0248226266913,6,0.0
291284,1409,31.684569,225,True,1041.7827496842467,8,0.6000000000000001
291296,1410,24.084004,225,True,836.9601561072814,2,1.0
291556,1411,29.455765,225,True,1053.43058175417,2,0.0
292076,1412,25.465587,225,True,901.8234620282826,2,0.0
292184,1413,39.916593,225,True,1318.263711279004,10,0.0
292196,1414,36.201716,225,True,1170.4686303939393,10,0.0
292456,1415,35.922506,225,True,1157.7002220454674,10,0.0
292976,1416,31.521539,225,True,1158.4615717249599,4,1.7999999999999998
293084,1417,38.571754,225,True,1329.2701559444968,7,0.6000000000000001
293096,1418,32.330198,225,True,1042.0079225274774,9,0.0
293356,1419,28.484522,225,True,1023.380887588623,2,0.6000000000000001
293876,1420,28.419833,225,True,1027.1933184279483,1,0.0
293984,1421,32.326031,225,True,1100.2412482525124,5,0.2
293996,1422,31.751015,225,True,1076.4406108212288,6,0.0
294256,1423,37.093329,225,True,1254.9331615124306,7,0.0
294348,1424,2.381442,118,False,544.8576740092692,4,0.8
294884,1425,33.813526,225,True,1187.7410294015754,4,0.0
294896,1426,25.279398,225,True,881.5759099724241,1,0.0
295100,1427,-4.208727,54,False,297.2509244929331,1,0.0
295156,1428,30.061694,225,True,1042.4677582603688,3,0.0
295248,1429,29.982648,225,True,968.9059120164775,7,0.0
295796,1430,35.637605,225,True,1233.5042029132514,5,0.0
296000,1431,26.071245,225,True,895.6497966031025,4,0.6000000000000001
296056,1432,28.438005,225,True,982.3201833280025,7,0.0
296148,1433,29.282735,225,True,1002.5094132025056,5,1.2
296696,1434,36.371474,225,True,1182.058974898619,11,0.6000000000000001
296900,1435,31.66406,225,True,1100.9623848686606,3,0.0
296956,1436,30.552513,225,True,974.9005337083313,8,0.0
297048,1437,29.636237,225,True,993.4494618084709,5,0.0
297596,1438,30.131789,225,True,1006.8715469618451,5,0.0
297800,1439,29.245116,225,True,995.4046493639257,6,0.6000000000000001
297856,1440,29.955018,225,True,980.6007188014885,9,1.5999999999999999
297948,1441,33.72025,225,True,1102.4099850977595,10,1.0
298220,1442,2.616157,156,False,629.4462646097113,4,3.400000000000001
298348,1443,-7.179354,32,False,178.4258456554869,1,0.0
298700,1444,33.357639,225,True,1067.9055424658654,10,0.0
298756,1445,39.295605,225,True,1341.4241967927264,7,0.0
298848,1446,38.707798,225,True,1256.3119227238817,11,0.0
299248,1447,37.1862,225,True,1261.0479845360715,9,1.2
299600,1448,33.115773,225,True,1203.8309113157638,4,0.4
299656,1449,33.615351,225,True,1156.6140375386676,7,0.0
299748,1450,31.983312,225,True,1132.9324677920858,3,0.4
300148,1451,26.951378,225,True,954.8551307320902,4,1.7999999999999998
300500,1452,30.422967,225,True,1053.7186734200382,4,0.0
300556,1453,28.183044,225,True,969.7217491875192,5,0.4
300648,1454,28.03154,225,True,982.0616196946621,3,1.0
301048,1455,34.723639,225,True,1207.3455542193392,4,0.0
301320,1456,-4.422654,68,False,327.893843204698,0,0.0
301400,1457,25.70088,225,True,879.2352067712427,4,0.6000000000000001
301456,1458,32.328472,225,True,1104.3388629053034,6,0.0
301548,1459,30.830859,225,True,1090.834351301634,4,0.0
302220,1460,24.588843,225,True,915.5537062129881,0,1.0
302300,1461,29.423885,225,True,1065.7553926520977,4,0.8
302356,1462,38.081679,225,True,1261.667146874966,9,0.0
302448,1463,24.332427,225,True,912.4970800534306,1,0.8
302828,1464,10.75478,152,False,844.591203776982,5,0.0
303200,1465,32.540219,225,True,1120.0087674400465,4,0.0
303256,1466,20.767143,225,True,797.0857276121383,2,3.2000000000000006
303348,1467,33.211594,225,True,1209.263758381846,5,0.4
303728,1468,34.626273,225,True,1248.2509307489095,5,0.6000000000000001
304100,1469,30.665758,225,True,1090.6303305261708,5,2.6
304156,1470,26.045453,225,True,968.2181003419491,1,0.8
304248,1471,25.30942,225,True,923.5767866967121,4,2.8000000000000003
304628,1472,33.496516,225,True,1161.4606510414033,7,0.2
305000,1473,34.495427,225,True,1155.8170655072204,7,0.0
305044,1474,14.053495,222,False,1045.3397813870195,5,2.4
305148,1475,32.379762,225,True,1124.7904900474841,4,0.0
305188,1476,-6.839621,36,False,207.21517892184238,0,0.0
305344,1477,-7.237139,49,False,260.91442186332915,0,1.0
305528,1478,34.80472,225,True,1197.7888031157777,8,0.8
305900,1479,28.883628,225,True,1037.7451046363788,2,0.4
306088,1480,35.18561,225,True,1217.8243888720272,7,1.5999999999999999
306244,1481,35.745261,225,True,1229.0104248431162,6,0.0
306352,1482,4.0509,113,False,600.435994219519,3,0.2
306428,1483,38.082205,225,True,1318.488205142029,8,0.0
306988,1484,30.235272,225,True,1068.6108782271472,5,0.0
307144,1485,37.173685,225,True,1246.1473815855552,8,0.0
307252,1486,29.159395,225,True,1086.3757882229893,3,0.0
307328,1487,35.996669,225,True,1187.8667676467453,10,0.0
307888,1488,33.038179,225,True,1136.7271735722902,6,0.0
308044,1489,38.350734,225,True,1282.829367739595,10,0.8
308152,1490,35.340857,225,True,1256.0342968223508,7,1.0
308228,1491,23.833067,225,True,827.7226621538614,3,1.4
308788,1492,35.708459,225,True,1219.5383519665315,9,1.2
308944,1493,30.457955,225,True,1097.51818747359,2,0.0
309052,1494,32.696607,225,True,1085.4642936924479,8,0.0
309128,1495,36.757681,225,True,1277.5072211889387,5,0.0
309688,1496,23.071771,225,True,819.6708286718074,1,0.8
309844,1497,28.112656,225,True,1014.9062588292368,3,0.6000000000000001
309952,1498,31.962394,225,True,1065.695773054295,6,0.0
310028,1499,30.643188,225,True,1059.3275373483025,5,0.0
310588,1500,37.330204,225,True,1269.2081777238413,7,0.0
310744,1501,37.674269,225,True,1321.3707711419283,5,0.0
310852,1502,19.226316,225,True,724.2526393820597,0,3.0000000000000004
310928,1503,35.762015,225,True,1268.08058978509,5,0.0
311044,1504,0.322521,114,False,491.30085862752594,4,1.9999999999999998
311064,1505,-7.601866,34,False,183.12536912141104,0,0.0
311644,1506,33.463769,225,True,1115.3507562456007,7,0.0
311752,1507,38.623038,225,True,1331.3215387374403,6,0.0
311944,1508,30.796549,225,True,1045.4619728000193,5,0.0
311964,1509,27.133391,225,True,1036.5356340381256,2,1.7999999999999998
312544,1510,32.577418,225,True,1104.6967234781177,7,1.0
312652,1511,36.213266,225,True,1262.130658074881,6,0.0
312844,1512,34.11849,225,True,1104.7395909791921,10,0.2
312864,1513,30.653386,225,True,1081.3354233945793,4,0.0
313444,1514,31.391316,225,True,1091.6526313292397,6,0.0
313552,1515,34.268421,225,True,1217.1368547031157,5,0.0
313744,1516,34.231268,225,True,1178.0507043416446,5,0.0
313764,1517,38.951824,225,True,1310.0729470634537,9,0.0
314244,1518,7.574356,120,False,673.3742385774283,7,0.0
314344,1519,30.374431,225,True,1055.7772428384128,6,1.0
314452,1520,30.974747,225,True,1000.5898697485466,9,0.0
314644,1521,32.022678,225,True,1159.307114417622,4,0.4
314936,1522,-3.693257,73,False,348.2697210750732,0,0.0
314948,1523,3.146711,151,False,583.4684403757569,3,1.0
315144,1524,30.469753,225,True,1073.1901160871662,5,1.4
315352,1525,29.231996,225,True,1030.8798379483405,2,0.0
315836,1526,25.679548,225,True,1029.5819208402395,0,0.0
315848,1527,24.660778,225,True,814.4311364556854,4,0.2
316044,1528,34.544234,225,True,1200.1693503517686,5,0.0
316252,1529,26.968623,225,True,910.7449168554065,5,1.0
316412,1530,1.106893,92,False,493.8757091394741,2,0.0
316736,1531,41.447705,225,True,1329.9082020701917,15,1.0
316748,1532,38.788835,225,True,1305.15340962747,8,0.0
317152,1533,38.56565,225,True,1280.2260047894174,10,0.6000000000000001
317312,1534,28.134387,225,True,960.5754935657646,7,2.4
317636,1535,36.747357,225,True,1285.8942630918546,6,0.0
317648,1536,30.035603,225,True,1035.8241262191586,4,0.0
318052,1537,31.835495,225,True,1083.0198177847979,5,0.0
318136,1538,-9.816526,21,False,114.53896371145925,0,0.6000000000000001
318212,1539,24.376603,225,True,851.0641283687835,1,0.2
318332,1540,5.503936,171,False,682.5574347408538,2,0.0
318536,1541,28.050031,225,True,990.801230375044,4,0.4
319036,1542,25.940837,225,True,929.6334677125792,2,1.0
319112,1543,27.915851,225,True,967.8340590221769,3,0.0
319232,1544,26.08834,225,True,899.53358660555,4,1.0
319436,1545,23.945369,225,True,863.4147723761362,0,0.0
319820,1546,-3.423564,96,False,377.4574312814743,1,0.8
319936,1547,28.588862,225,True,949.1544812435161,6,0.2
320012,1548,26.501128,225,True,945.6451334096762,4,0.4
320132,1549,30.18244,225,True,1033.6975922141492,8,2.6
320720,1550,30.664821,225,True,1050.5928549770779,6,1.5999999999999999
320836,1551,32.19763,225,True,1073.5051913212578,6,0.0
320912,1552,32.709342,225,True,1122.7736768913637,6,0.0
321032,1553,34.59209,225,True,1186.0835924025428,5,0.0
321620,1554,32.364827,225,True,1132.1930616525156,4,0.0
321736,1555,36.499363,225,True,1295.1745215896758,4,0.0
321812,1556,28.872116,225,True,1046.8846276010622,4,0.0
321932,1557,34.39785,225,True,1227.9139809066683,3,0.0
322320,1558,9.310582,175,False,849.2232989209006,3,1.0
322636,1559,27.965928,225,True,1008.2371137111281,0,0.0
322712,1560,34.585085,225,True,1216.2034035627112,3,0.0
322832,1561,34.633211,225,True,1161.3284249364601,7,0.0
323204,1562,4.481068,142,False,692.0427271991855,1,0.0
323220,1563,32.847437,225,True,1132.2974679625527,4,0.0
323612,1564,25.24821,225,True,854.728396313908,3,0.0
323732,1565,29.736765,225,True,982.2705926713363,6,0.2
324104,1566,32.870868,225,True,1152.4347168266227,5,0.0
324120,1567,26.843506,225,True,924.1402387900002,4,0.4
324512,1568,25.893424,225,True,884.5369418617133,2,0.0
324632,1569,21.9865,225,True,785.0600111500339,0,0.0
325004,1570,38.482006,225,True,1284.0802356024747,9,0.0
325020,1571,27.207654,225,True,1004.3061425246367,1,1.9999999999999998
325412,1572,34.539901,225,True,1147.1960292315707,8,0.4
325532,1573,27.123769,225,True,952.9507567940652,6,2.4
325904,1574,29.552832,225,True,992.5132996203442,5,0.0
325920,1575,23.874281,225,True,826.9712270300618,1,0.0
326312,1576,36.800165,225,True,1270.4065953379686,6,0.0
326432,1577,32.942199,225,True,1129.6879609017142,5,0.4
326804,1578,30.257584,225,True,1016.7033426194639,6,0.0
326820,1579,33.64332,225,True,1176.9327879849225,6,0.6000000000000001
327212,1580,34.142128,225,True,1180.8851261546188,5,0.0
327332,1581,37.256955,225,True,1244.6781842799483,8,0.0
327476,1582,-3.102522,66,False,347.89910428917506,1,0.2
327704,1583,23.576605,225,True,827.8642007190692,1,0.6000000000000001
327720,1584,37.286708,225,True,1193.8683130519553,12,0.0
328232,1585,36.242224,225,True,1234.488943662288,9,1.0
328376,1586,32.429375,225,True,1072.375016294971,7,0.0
328604,1587,36.19391,225,True,1190.956415872347,9,0.0
328620,1588,34.9989,225,True,1189.5560025616728,7,0.8
329132,1589,21.246346,225,True,757.0538439606366,0,0.4
329276,1590,25.416673,225,True,915.0669218417527,1,0.6000000000000001
329504,1591,34.59439,225,True,1231.7755969964242,4,0.0
329520,1592,28.602943,225,True,944.1177383769659,6,0.6000000000000001
330032,1593,34.717564,225,True,1172.7025560171483,7,0.0
330176,1594,20.908151,225,True,716.3260233677856,0,0.0
330404,1595,26.732682,225,True,924.5072606050221,2,0.0
330420,1596,24.789715,225,True,847.5885838086933,2,0.0
330932,1597,29.052674,225,True,960.5069594374829,8,1.0
331076,1598,38.658394,225,True,1286.3357549379975,9,0.0
331304,1599,35.95,225,True,1206.000000000001,7,0.0
331320,1600,38.467004,225,True,1341.8801448567929,5,0.0
331832,1601,35.460094,225,True,1232.8037406055178,6,0.0
331976,1602,29.593424,225,True,1056.5369568058686,4,0.2
332044,1603,15.215462,185,False,1027.0184741634002,4,0.0
332208,1604,6.714124,222,False,771.7649577866966,2,1.9999999999999998
332592,1605,18.489418,190,False,1078.7767326141243,9,0.0
332876,1606,33.329259,225,True,1109.9703438143993,8,0.4
332944,1607,27.226439,225,True,950.6575632556971,2,0.0
333108,1608,34.723269,225,True,1180.1307426008498,6,0.0
333492,1609,29.656545,225,True,1027.8617900351262,4,0.0
333760,1610,-1.907159,67,False,388.5136510267073,1,0.0
333776,1611,31.422392,225,True,1085.6956820124574,6,0.6000000000000001
333844,1612,36.710378,225,True,1274.8151115904475,6,0.4
334008,1613,34.372939,225,True,1162.9175637277308,7,0.0
334660,1614,29.394338,225,True,971.7735051199923,6,0.4
334676,1615,32.303245,225,True,1126.5297866439096,4,0.6000000000000001
334744,1616,30.183726,225,True,1020.1490562307761,5,0.0
334908,1617,33.941639,225,True,1176.0655759553756,4,0.0
335560,1618,36.877853,225,True,1185.514134575977,12,0.8
335576,1619,26.972568,225,True,949.3027337975095,2,0.0
335644,1620,24.051278,225,True,878.0511286524977,0,1.0
335808,1621,34.190737,225,True,1161.2294618230726,6,0.0
336280,1622,4.786635,118,False,579.465411266116,6,0.0
336400,1623,7.739669,210,False,801.5867573011662,5,3.2000000000000006
336476,1624,39.781618,225,True,1315.2647037257784,10,0.0
336544,1625,32.308302,225,True,1131.5320649695645,5,0.8
337180,1626,31.927921,225,True,1064.316842455033,6,0.0
337300,1627,30.041209,225,True,1046.4483504975865,4,0.4
337376,1628,38.04195,225,True,1303.2779888831583,7,0.0
337424,1629,15.10524,220,False,1115.4095955048633,8,6.000000000000003
337740,1630,1.9493,110,False,533.1720045997674,3,0.6000000000000001
338080,1631,37.308719,225,True,1285.9487433018548,7,1.0
338276,1632,36.692298,225,True,1263.6919267415287,7,0.8
338324,1633,37.342847,225,True,1265.713899720677,8,0.4
338640,1634,24.955596,225,True,890.2238408732219,5,3.800000000000001
338980,1635,34.464319,225,True,1152.9727665691344,9,0.8
339176,1636,22.500579,225,True,834.4231633689444,5,5.600000000000002
339224,1637,37.035291,225,True,1271.011624909872,6,0.0
339540,1638,32.331958,225,True,1108.4783227572962,5,0.0
339880,1639,29.896972,225,True,953.4788815535271,9,0.4
340076,1640,29.229598,225,True,997.9839223325441,4,0.0
340124,1641,33.573972,225,True,1113.3588911648885,7,0.0
340440,1642,28.655155,225,True,974.2061956917039,6,0.8
340780,1643,35.858375,225,True,1219.134994297261,9,1.2
340976,1644,37.407358,225,True,1265.0943104801436,7,0.0
341024,1645,35.888718,225,True,1186.7487322279599,9,0.0
341340,1646,35.8,225,True,1248.0,4,0.0
341680,1647,33.13198,225,True,1127.6791949849885,5,0.0
341752,1648,17.074492,194,False,1074.9796680446316,8,0.4
341924,1649,35.056564,225,True,1171.0625739588,11,1.2
342240,1650,34.545744,225,True,1214.629769970446,5,0.0
342580,1651,35.600005,225,True,1206.4002050169393,8,1.2
342652,1652,35.13234,225,True,1228.4935816157677,6,0.8
342824,1653,32.091555,225,True,1087.6621956116314,6,0.6000000000000001
342880,1654,8.405656,160,False,780.2262423775774,4,1.0
343480,1655,30.796995,225,True,1072.6797851623742,4,0.4
343508,1656,6.085534,157,False,709.021378144387,5,2.1999999999999997
343552,1657,37.992496,225,True,1306.099853925382,6,0.0
343724,1658,32.708735,225,True,1158.7494013986843,7,1.9999999999999998
344380,1659,37.705285,225,True,1309.8114056880518,5,0.0
344396,1660,7.501888,222,False,861.6755123958183,2,2.4
344452,1661,30.773101,225,True,1008.5240322931386,9,1.5999999999999999
344624,1662,26.206468,225,True,899.4587203892104,3,0.0
344792,1663,-2.541077,85,False,363.15692638081873,1,0.0
345280,1664,30.449459,225,True,1007.5783513956642,6,0.2
345296,1665,28.795884,225,True,1055.035350584013,0,0.0
345524,1666,33.171796,225,True,1166.8718581438302,3,0.0
345692,1667,39.183706,225,True,1325.7482369897875,8,0.0
346180,1668,24.015093,225,True,858.2037381646012,0,0.0
346196,1669,31.211014,225,True,1073.2405594123002,8,2.8000000000000003
346424,1670,38.615719,225,True,1299.8287419621488,8,0.0
346592,1671,35.633979,225,True,1211.7591570375193,7,0.2
347080,1672,38.903,225,True,1326.520019892716,7,0.0
347096,1673,21.760164,225,True,758.4065772854638,0,0.0
347324,1674,35.131944,225,True,1217.2777685517171,5,0.4
347492,1675,39.748801,225,True,1343.5520591462478,8,0.0
347980,1676,27.479811,225,True,1006.3924467298689,1,0.0
347996,1677,27.412687,225,True,978.1074926707649,0,0.0
348224,1678,30.858169,225,True,1094.326776344733,3,0.4
348392,1679,32.95158,225,True,1077.2632183725627,8,0.0
348688,1680,-3.146514,116,False,375.7394547659551,0,0.8
348880,1681,30.780545,225,True,1059.221780029749,4,0.4
348896,1682,30.190149,225,True,975.6059578145639,7,0.0
349292,1683,29.930753,225,True,1030.8301063465979,3,0.0
349588,1684,32.481919,225,True,1151.2767435568612,3,0.4
349780,1685,38.242088,225,True,1276.0835229086683,9,0.0
349796,1686,34.274451,225,True,1164.5780305490148,6,0.0
349928,1687,2.807053,159,False,638.6821115034693,2,3.2000000000000006
350488,1688,29.074663,225,True,1024.5865397100927,5,2.4
350680,1689,35.844242,225,True,1200.9696854678996,8,0.0
350696,1690,28.830735,225,True,960.4293861844992,7,0.6000000000000001
350828,1691,28.331347,225,True,974.8538639346598,4,0.2
351388,1692,34.141398,225,True,1184.8559228880085,4,0.0
351580,1693,37.73,225,True,1213.200000000003,11,0.0
351596,1694,34.244932,225,True,1204.9972850550748,4,0.0
351728,1695,35.773523,225,True,1234.9409307230444,5,0.0
352288,1696,24.951007,225,True,902.8402983815215,5,2.6
352480,1697,34.376938,225,True,1210.2775166370743,4,0.4
352496,1698,32.658678,225,True,1107.9471389240784,5,0.0
352628,1699,32.504491,225,True,1134.5796429951406,3,0.0
353188,1700,34.089594,225,True,1186.7837724028254,7,1.0
353380,1701,34.058761,225,True,1195.9504560071887,3,0.0
353396,1702,24.656065,225,True,867.8426023743773,0,0.0
353528,1703,37.49704,225,True,1271.8816062572346,7,0.0
354088,1704,23.73115,225,True,804.445983580355,2,0.0
354280,1705,22.986466,225,True,818.6586375055974,0,0.0
354296,1706,32.623038,225,True,1094.521510371792,10,2.8000000000000003
354428,1707,36.388058,225,True,1257.1223351545955,5,0.0
354988,1708,32.122339,225,True,1080.093541684705,7,0.8
355072,1709,6.282955,194,False,731.318212468321,2,1.2
355180,1710,34.914312,225,True,1197.3724699021805,5,0.0
355328,1711,30.802363,225,True,1049.6945111930781,4,0.0
355888,1712,31.358076,225,True,1087.123040043297,3,0.0
355972,1713,31.33727,225,True,1102.2907940850982,2,0.0
356080,1714,37.271768,225,True,1250.870710253375,8,0.0
356228,1715,25.084902,225,True,888.9960688432523,1,0.6000000000000001
356788,1716,22.221348,225,True,769.6539132881962,0,0.0
356872,1717,37.552275,225,True,1270.8910002580906,7,0.0
356980,1718,37.567297,225,True,1290.6918826472188,6,0.0
357128,1719,26.051803,225,True,895.6721218691173,2,0.2
357688,1720,24.925948,225,True,825.8379107056567,4,0.0
357772,1721,28.965808,225,True,1005.832334693021,3,0.0
357880,1722,31.59782,225,True,1082.312818785244,8,0.6000000000000001
358028,1723,38.082967,225,True,1262.518671272318,9,0.0
358588,1724,30.847259,225,True,1084.2903400461937,2,0.0
358672,1725,35.690577,225,True,1197.2230896571914,7,0.0
358780,1726,35.785992,225,True,1233.0396790659665,5,0.0
358928,1727,26.83939,225,True,964.7756086383363,1,0.0
359488,1728,35.248343,225,True,1245.1337277866069,3,0.0
359572,1729,29.84238,225,True,1039.2952176798717,3,0.0
359680,1730,23.777986,225,True,831.9194551250462,0,0.0
359828,1731,34.761897,225,True,1186.4758656626523,6,0.2
359944,1732,-1.093932,114,False,455.44272424828614,2,1.7999999999999998
360340,1733,7.763708,165,False,735.3483355298213,4,0.0
360472,1734,37.989504,225,True,1309.9801743431049,7,0.6000000000000001
360728,1735,36.58082,225,True,1267.232815360016,5,0.0
360844,1736,28.024579,225,True,991.383162603277,10,5.8000000000000025
361240,1737,25.960145,225,True,887.20578655914,6,2.6
361372,1738,25.409772,225,True,889.1908875226875,1,0.0
361628,1739,31.29796,225,True,1091.1183915210308,10,4.000000000000001
361744,1740,35.806329,225,True,1145.0531762113424,11,0.0
362140,1741,34.146511,225,True,1181.0604526568554,5,0.0
362272,1742,37.188591,225,True,1257.1436508810266,7,0.0
362528,1743,33.92734,225,True,1186.6936091748776,4,0.0
362644,1744,38.538228,225,True,1311.1291061937804,7,0.0
363040,1745,20.934778,225,True,735.7911288573837,0,0.0
363048,1746,1.615222,130,False,555.8088980060415,2,1.0
363172,1747,29.096727,225,True,1002.2690791628206,4,0.8
363544,1748,32.601946,225,True,1118.4778420542048,5,0.0
363940,1749,33.927216,225,True,1193.0886362976858,4,0.0
363948,1750,23.793315,225,True,938.1325972035645,3,5.8000000000000025
364072,1751,34.621196,225,True,1128.847854069461,12,0.8
364444,1752,28.918178,225,True,1043.1271024746297,5,3.0000000000000004
364840,1753,36.953081,225,True,1253.3232487119844,7,0.0
364848,1754,25.51114,225,True,918.8456101361328,7,3.400000000000001
364972,1755,39.234405,225,True,1322.1761960501717,8,0.0
365032,1756,-5.952591,46,False,260.2963464430238,0,0.0
365344,1757,32.845023,225,True,1162.6009397372522,4,0.0
365740,1758,32.834297,225,True,1127.7718938908129,5,0.0
365872,1759,32.286951,225,True,1051.4780243031887,8,0.2
365932,1760,36.286201,225,True,1238.6480444145232,6,0.0
366120,1761,-4.404178,47,False,261.4328842758475,3,0.2
366244,1762,35.22308,225,True,1248.9231928623299,6,0.6000000000000001
366640,1763,26.755815,225,True,962.2326174888067,2,0.8
366772,1764,26.963094,225,True,951.3237480491525,1,0.2
367020,1765,39.751441,225,True,1344.4576522192638,8,0.0
367032,1766,-6.756691,65,False,277.7323447439351,0,1.5999999999999999
367144,1767,32.006818,225,True,1088.2727264639643,6,0.6000000000000001
367540,1768,35.311196,225,True,1166.8478323289796,8,0.0
367920,1769,36.75755,225,True,1201.501994316478,12,1.2
367932,1770,29.098448,225,True,1059.1379129942898,1,0.0
368044,1771,33.000652,225,True,1165.6260768839015,3,0.0
368440,1772,27.807861,225,True,1026.7144305479228,3,3.400000000000001
368820,1773,33.732787,225,True,1159.7114841866896,6,1.0
368832,1774,30.729049,225,True,1028.3619757060976,8,0.4
368944,1775,32.987133,225,True,1153.8853156464056,3,0.0
369340,1776,23.309111,225,True,833.9644423287168,0,0.6000000000000001
369468,1777,0.985498,162,False,549.8199281472573,0,1.2
369732,1778,22.754142,225,True,770.1656631099377,2,0.4
369844,1779,28.689812,225,True,985.1924844213729,5,1.2
370240,1780,38.634343,225,True,1346.1737018904691,5,0.0
370368,1781,28.833671,225,True,1129.3468557650904,1,0.0
370632,1782,37.441543,225,True,1252.8617348764033,8,0.0
370744,1783,24.733087,225,True,826.1234963491345,4,0.6000000000000001
371140,1784,31.145329,225,True,1104.2131475894544,3,0.0
371172,1785,1.09039,135,False,554.8155921439761,0,0.0
371268,1786,30.482747,225,True,1012.9098820148324,10,2.4
371644,1787,28.899445,225,True,1017.5777989588705,3,0.2
372040,1788,30.71158,225,True,1043.6632185140154,6,0.2
372072,1789,31.250646,225,True,1024.4258430588416,8,0.8
372168,1790,37.723371,225,True,1270.5348510581598,8,0.0
372544,1791,36.639897,225,True,1276.7958846436604,8,1.4
372604,1792,10.551634,141,False,841.2653650557181,6,1.4
372972,1793,34.807453,225,True,1197.098139887435,7,0.0
373068,1794,38.472615,225,True,1325.3046052425984,6,0.0
373444,1795,27.059659,225,True,965.5863535469064,1,0.0
373504,1796,36.949753,225,True,1221.1901049075063,9,0.2
373872,1797,21.440945,225,True,784.8377896977961,0,0.0
373968,1798,33.51755,225,True,1155.9019818685497,11,2.6
374344,1799,34.6677,225,True,1245.107997358115,5,0.0
374404,1800,27.730399,225,True,1018.0159564006767,0,0.6000000000000001
374540,1801,6.468438,143,False,691.5375210365244,7,1.5999999999999999
374772,1802,26.891801,225,True,970.8720388413296,2,0.4
375180,1803,5.944044,160,False,703.3617531532809,1,0.0
375244,1804,37.888581,225,True,1308.343220866116,6,0.0
375304,1805,35.218729,225,True,1207.1491444253634,6,0.0
375672,1806,34.869854,225,True,1203.594145409436,5,0.0
376080,1807,35.014728,225,True,1153.3891125700316,9,0.6000000000000001
376144,1808,30.956423,225,True,1049.4569057660951,6,0.8
376204,1809,37.373063,225,True,1265.3225107807166,7,0.0
376372,1810,-5.540084,57,False,274.3966548827584,0,0.4
376436,1811,7.080017,191,False,766.4006766315795,3,1.0
376980,1812,35.397197,225,True,1243.8878851211716,4,0.0
377104,1813,25.534748,225,True,886.1899319146514,2,0.2
377272,1814,35.540397,225,True,1213.6158881768674,12,3.600000000000001
377336,1815,32.646619,225,True,1124.2647677041055,5,0.0
377880,1816,35.100135,225,True,1228.8053936660485,7,1.9999999999999998
378004,1817,33.151733,225,True,1141.2693149397824,5,0.0
378172,1818,35.309813,225,True,1214.7925377668903,5,0.0
378236,1819,40.599614,225,True,1302.3845703781617,14,0.6000000000000001
378780,1820,30.633574,225,True,1064.542964117998,6,1.5999999999999999
378904,1821,33.382211,225,True,1120.0884521024955,7,0.6000000000000001
379072,1822,34.456238,225,True,1180.6495099227495,5,0.0
379136,1823,34.798069,225,True,1175.1227612530965,7,0.0
379680,1824,24.673949,225,True,886.1579645518145,1,1.4
379804,1825,31.847176,225,True,1083.4870429973398,5,0.0
379972,1826,28.246702,225,True,1037.0680746581695,4,3.400000000000001
380036,1827,32.036616,225,True,1041.4646475520747,9,0.6000000000000001
380580,1828,34.730714,225,True,1151.6285531103003,8,0.4
380704,1829,27.203686,225,True,970.5474224286211,7,4.000000000000001
380716,1830,5.576474,170,False,728.6589644878181,4,3.400000000000001
380872,1831,29.729943,225,True,1029.1977175968166,3,0.0
381480,1832,31.553109,225,True,1134.1243421923514,1,0.0
381604,1833,36.392966,225,True,1208.5186584385447,8,0.0
381616,1834,21.771159,225,True,810.846365692212,3,4.000000000000001
381772,1835,29.686128,225,True,989.8451103349589,5,0.0
381844,1836,-1.749242,91,False,391.6303212339849,2,0.0
381896,1837,-2.862089,70,False,339.11644497066004,3,0.0
382036,1838,-4.381337,66,False,319.9465226373727,2,1.4
382504,1839,39.614951,225,True,1306.998042236823,14,2.4
382744,1840,26.53739,225,True,961.4956181283048,1,0.0
382796,1841,26.560998,225,True,943.2399293673318,0,0.0
382936,1842,28.183543,225,True,1044.9417073356612,0,0.0
383404,1843,21.62349,225,True,795.339604338325,2,3.400000000000001
383644,1844,31.38729,225,True,1121.0916108816396,1,0.0
383696,1845,30.226501,225,True,1059.4600480148392,2,0.0
383836,1846,24.003942,225,True,903.3576823210212,3,4.600000000000001
384304,1847,39.54686,225,True,1319.4743863276244,11,1.0
384544,1848,24.23769,225,True,843.1075900549233,1,0.0
384596,1849,35.648264,225,True,1218.7305454277157,6,0.0
384736,1850,28.605544,225,True,1022.6217597050174,3,1.7999999999999998
385204,1851,27.432674,225,True,962.1069540456931,1,0.0
385444,1852,41.243379,225,True,1342.5351477732638,12,0.0
385496,1853,34.217549,225,True,1151.1019456857648,7,0.2
385636,1854,32.70286,225,True,1109.7143998148467,5,0.0
386104,1855,27.51375,225,True,949.3499967122095,2,0.0
386344,1856,33.353418,225,True,1191.736738446164,3,0.0
386396,1857,39.834131,225,True,1346.1652457338505,8,0.0
386536,1858,37.833198,225,True,1286.1279134743918,7,0.0
387004,1859,36.775061,225,True,1236.602459270141,14,2.8000000000000003
387056,1860,-10.758081,13,False,72.87677561137798,0,0.0
387244,1861,34.914688,225,True,1233.3875047827291,6,1.7999999999999998
387296,1862,29.350417,225,True,1119.6166899080572,0,0.0
387436,1863,22.014989,225,True,820.5995768366472,2,1.4
387956,1864,36.500449,225,True,1223.2179641074677,9,0.0
388144,1865,30.905456,225,True,1041.8182415470915,7,1.4
388196,1866,25.983755,225,True,948.9502103425673,1,0.0
388336,1867,23.977301,225,True,839.892030649941,3,1.9999999999999998
388856,1868,27.952985,225,True,1008.519382820208,1,0.2
389044,1869,34.885139,225,True,1157.8055564507504,8,0.4
389096,1870,32.143655,225,True,1096.146187612053,6,0.0
389236,1871,34.825303,225,True,1173.812106506501,7,0.2
389416,1872,-5.262555,45,False,260.69779868825117,2,0.4
389740,1873,11.038693,161,False,866.3477192968046,4,0.0
389756,1874,35.368367,225,True,1239.5346682761888,5,0.2
389944,1875,30.162981,225,True,1032.9192382754702,5,0.0
390316,1876,32.561967,225,True,1138.4786824478224,4,0.4
390640,1877,22.819552,225,True,863.9820958354494,5,6.000000000000003
390656,1878,39.408812,225,True,1345.9524949524653,7,0.0
390844,1879,30.915554,225,True,1121.422154191655,1,0.0
391216,1880,31.506153,225,True,1067.4461309316544,7,1.0
391540,1881,25.454761,225,True,883.7904256200477,1,0.0
391556,1882,33.654686,225,True,1099.7874246141387,8,0.0
391744,1883,35.31237,225,True,1250.0947841981433,5,0.0
391808,1884,-5.874485,67,False,314.62060864197133,2,3.0000000000000004
392116,1885,36.307442,225,True,1268.297679374602,5,0.0
392456,1886,38.582564,225,True,1316.10254868309,8,0.0
392644,1887,28.158539,225,True,998.3415621520387,1,0.0
392708,1888,36.243169,225,True,1226.526766330548,7,0.0
392892,1889,-2.901497,62,False,364.74013933463425,0,0.0
393016,1890,32.13437,225,True,1119.7747861790172,5,0.4
393356,1891,31.436587,225,True,1083.8634982516319,6,0.4
393608,1892,33.422828,225,True,1183.3131252269627,3,0.0
393792,1893,35.325442,225,True,1223.4176722276075,5,0.0
393916,1894,33.928559,225,True,1158.742377072234,5,0.0
394116,1895,7.669409,190,False,780.3763412453864,3,1.5999999999999999
394508,1896,36.436851,225,True,1218.2740450450683,8,0.0
394692,1897,29.013875,225,True,978.1549937465652,4,0.0
394740,1898,7.369702,156,False,701.9880869428171,5,0.0
394816,1899,22.280876,225,True,824.8350447848784,1,2.4
395408,1900,29.930925,225,True,1084.4369979827352,0,0.0
395592,1901,39.670604,225,True,1342.8241799208863,8,0.0
395640,1902,29.764998,225,True,1048.1999104161418,3,0.4
395716,1903,35.269316,225,True,1169.97265075933,8,0.0
396308,1904,24.840271,225,True,889.6108346760343,1,0.8
396492,1905,34.666437,225,True,1204.2574942398205,5,0.4
396540,1906,21.65529,225,True,745.4115857429097,1,0.6000000000000001
396616,1907,35.188512,225,True,1226.7404786272014,5,0.0
397208,1908,32.001881,225,True,1104.0752469333129,4,0.0
397392,1909,19.362422,225,True,748.8968873209976,1,4.600000000000001
397440,1910,30.074818,225,True,1077.3927201588326,1,0.0
397516,1911,27.605432,225,True,939.4172767380385,6,0.6000000000000001
398108,1912,27.441328,225,True,969.6531274348813,1,0.0
398292,1913,35.592053,225,True,1189.2821083072508,8,0.0
398340,1914,25.314355,225,True,913.3742191593578,3,1.9999999999999998
398416,1915,26.903005,225,True,908.120183156248,3,0.0
399008,1916,38.465895,225,True,1320.2357828442118,7,0.0
399192,1917,28.181652,225,True,998.4660825557967,1,0.0
399240,1918,20.372605,225,True,704.5042196797654,0,0.4
399316,1919,34.004824,225,True,1195.392961898432,5,0.0
399720,1920,5.88822,120,False,641.9287971674153,6,0.8
399908,1921,35.757228,225,True,1203.0891348772238,8,0.8
400092,1922,30.662443,225,True,1103.2977059723366,3,0.6000000000000001
400216,1923,39.10147,225,True,1320.0588041266274,8,0.0
400444,1924,-2.579021,88,False,362.4391651269766,1,0.0
400620,1925,37.563161,225,True,1304.9264538707343,5,0.0
400808,1926,32.542891,225,True,1087.3156370564961,6,0.0
401116,1927,39.960557,225,True,1322.422288173881,10,0.0
401344,1928,27.921823,225,True,975.2729293504831,4,0.2
401520,1929,35.032937,225,True,1176.5174890632238,7,0.2
401708,1930,38.205052,225,True,1330.602095066923,8,1.2
402016,1931,28.739974,225,True,1002.3989589263281,3,0.8
402244,1932,30.803191,225,True,1037.727658289933,6,0.0
402420,1933,38.321186,225,True,1310.447420240137,7,0.0
402608,1934,29.489489,225,True,998.7795754888675,4,0.0
402916,1935,37.578298,225,True,1277.5319267387108,7,0.2
403144,1936,31.687037,225,True,1003.4814761851223,10,0.6000000000000001
403320,1937,29.489528,225,True,1014.7811087621403,4,0.0
403508,1938,36.38764,225,True,1270.7056148823158,6,0.0
403816,1939,33.731545,225,True,1136.4617995691015,6,0.0
404044,1940,35.94265,225,True,1206.505991018049,8,0.6000000000000001
404220,1941,34.807115,225,True,1200.284612497801,5,0.0
404408,1942,35.350394,225,True,1258.0157501462522,4,0.0
404716,1943,29.956208,225,True,1071.048332037512,2,0.0
404944,1944,32.21319,225,True,1111.727610390803,4,0.2
405120,1945,31.22641,225,True,1038.6563805389853,8,1.0
405308,1946,37.59435,225,True,1302.9739960455904,6,0.0
405616,1947,32.703527,225,True,1128.141075471197,4,0.0
405844,1948,38.804153,225,True,1277.7661361913197,13,1.2
406020,1949,34.51395,225,True,1206.9579822721453,4,0.0
406208,1950,25.328936,225,True,921.9574277196698,3,0.8
406516,1951,32.442861,225,True,1108.1144527907022,6,1.0
406744,1952,33.654475,225,True,1076.5790093624619,12,1.4
406920,1953,38.272066,225,True,1345.2826447032094,5,0.0
407108,1954,31.169381,225,True,1033.1752212757283,6,0.0
407416,1955,36.534143,225,True,1206.9657343563913,10,0.6000000000000001
407644,1956,33.200188,225,True,1148.807539366634,6,1.2
407820,1957,33.228766,225,True,1163.5506553652863,3,0.0
407984,1958,-6.366064,41,False,222.95743971811703,1,0.0
408008,1959,33.793692,225,True,1168.5476649059651,7,1.4
408316,1960,32.814003,225,True,1113.3601012519475,5,0.0
408328,1961,-3.836679,80,False,348.93282712787754,2,2.1999999999999997
408364,1962,-0.384101,95,False,425.43597694223376,4,0.0
408444,1963,-9.251804,20,False,115.52785787481707,0,0.2
408544,1964,25.788909,225,True,933.956376544973,4,1.7999999999999998
408996,1965,3.299095,167,False,680.7637921669236,0,0.6000000000000001
409216,1966,31.165263,225,True,1111.4105391537146,1,0.0
409344,1967,33.241069,225,True,1119.2427446785323,6,0.2
409444,1968,28.150261,225,True,1018.0104212665422,1,0.8
409896,1969,34.28149,225,True,1132.8596009960543,10,0.0
410116,1970,20.744134,225,True,832.1653710343858,5,7.400000000000004
410244,1971,35.932694,225,True,1183.7077541326685,11,0.0
410344,1972,29.094226,225,True,1051.769025450054,1,0.0
410524,1973,-3.687601,70,False,318.09596221825814,1,0.0
410796,1974,32.339972,225,True,1123.1988805111814,4,0.0
411016,1975,21.177182,225,True,838.2872878910741,1,3.800000000000001
411244,1976,32.729727,225,True,1082.7890793996921,7,0.2
411424,1977,22.541892,225,True,859.2756844303781,5,3.800000000000001
411696,1978,35.179752,225,True,1201.5900978840255,7,0.8
411916,1979,32.643636,225,True,1120.9454323192585,6,0.0
412144,1980,25.72867,225,True,939.5468069403121,1,0.0
412324,1981,33.652854,225,True,1162.91414329486,7,0.8
412372,1982,3.604726,114,False,588.1890256996116,4,0.8
412596,1983,23.779365,225,True,822.3746146535473,3,1.5999999999999999
413044,1984,37.203269,225,True,1283.3307537020664,7,0.0
413224,1985,33.020468,225,True,1111.2187282824757,6,0.2
413272,1986,30.698155,225,True,1004.7261907378465,8,1.0
413496,1987,35.115588,225,True,1210.223517088124,9,2.4
413944,1988,35.903351,225,True,1193.7340345730559,9,0.6000000000000001
414124,1989,35.514052,225,True,1194.9620657940004,7,0.0
414172,1990,30.876768,225,True,1029.4707340996927,7,1.0
414396,1991,31.738471,225,True,1114.3388381671843,6,0.8
414844,1992,28.287465,225,True,967.4985805950325,3,0.0
415024,1993,25.248951,225,True,893.1580585356307,3,1.0
415072,1994,24.448587,225,True,831.5434648335977,2,0.2
415296,1995,35.433156,225,True,1185.3262233191263,8,0.4
415744,1996,29.87051,225,True,1030.8203912672661,4,0.0
415924,1997,32.644395,225,True,1092.1757803846995,7,0.4
415972,1998,28.765941,225,True,994.6376225465192,3,0.4
416196,1999,35.332602,225,True,1287.7040716488318,4,1.5999999999999999
416644,2000,33.816925,225,True,1095.0770031165262,10,0.6000000000000001
416688,2001,-0.234816,123,False,519.4073608792769,0,0.8
416824,2002,25.193044,225,True,884.5217647985828,3,1.7999999999999998
416872,2003,26.598316,225,True,917.5326358836294,6,1.9999999999999998
417100,2004,-4.850891,57,False,275.56434933657147,2,0.6000000000000001
417544,2005,38.223025,225,True,1331.3209806257814,5,0.0
417588,2006,28.424226,225,True,953.7690386818308,4,0.0
417724,2007,33.571417,225,True,1145.256693141509,8,0.0
418000,2008,34.007969,225,True,1129.1187635039228,7,0.0
418444,2009,38.423052,225,True,1324.922069907559,8,0.6000000000000001
418488,2010,23.212728,225,True,902.9091114434059,2,5.200000000000002
418624,2011,37.397325,225,True,1319.893009041109,6,0.6000000000000001
418840,2012,-4.583008,54,False,297.4796625423237,0,0.0
418900,2013,27.07006,225,True,957.202390052269,4,1.4
419344,2014,24.510972,225,True,829.2388782691803,2,0.0
419388,2015,34.811671,225,True,1193.266837815262,5,0.0
419740,2016,36.442015,225,True,1266.4806097053402,6,0.0
419760,2017,-0.974289,93,False,439.4284515094448,2,0.0
419800,2018,34.122451,225,True,1144.8980549588528,9,1.0
420244,2019,25.790533,225,True,940.4213165624108,0,0.0
420404,2020,12.262065,151,False,893.6825935283555,5,0.0
420640,2021,39.493064,225,True,1289.3225679065054,12,0.8
420660,2022,33.621158,225,True,1118.4463334574211,7,0.2
421144,2023,37.260001,225,True,1185.6000470874283,13,0.8
421304,2024,27.892513,225,True,986.9005126916502,1,0.0
421540,2025,29.156571,225,True,996.6628533126504,4,0.0
421560,2026,36.55569,225,True,1211.0275965170795,9,0.2
422044,2027,39.437848,225,True,1288.7139305796813,12,0.8
422204,2028,40.306015,225,True,1333.0405856354928,13,1.2
422440,2029,34.474786,225,True,1174.9914253000516,8,1.0
422460,2030,38.709698,225,True,1304.387913070434,8,0.0
422944,2031,27.968849,225,True,920.3539664970649,7,0.8
423104,2032,35.719444,225,True,1166.3777411097558,10,0.4
423340,2033,33.288322,225,True,1170.7328859041927,3,0.0
423360,2034,32.853083,225,True,1072.5233210241659,8,0.2
423844,2035,38.50855,225,True,1286.7420124625414,11,1.4
424004,2036,32.947126,225,True,1132.285046034604,7,0.4
424240,2037,36.861141,225,True,1246.4456472913566,8,0.2
424260,2038,34.120893,225,True,1172.83571232329,5,0.0
424704,2039,11.214346,175,False,850.9738580200722,6,0.4
424744,2040,33.819937,225,True,1124.7974681560727,7,0.0
425140,2041,21.502509,225,True,808.9003551687056,1,3.400000000000001
425160,2042,35.513515,225,True,1246.9406116048854,7,0.2
425604,2043,33.107654,225,True,1065.9061438965305,10,0.8
425644,2044,27.237436,225,True,949.4974220749764,2,0.4
426040,2045,30.875097,225,True,1017.4038995168526,7,0.4
426060,2046,28.278975,225,True,997.5590008924639,1,0.0
426388,2047,1.654306,87,False,516.5722423478433,2,0.0
426504,2048,38.671163,225,True,1323.6465366014154,7,0.0
426544,2049,26.378372,225,True,1040.734862255973,6,7.0000000000000036
426960,2050,27.849169,225,True,1001.9667558230237,4,2.4
427288,2051,29.698946,225,True,1016.7578307325653,5,0.2
427404,2052,38.931644,225,True,1345.2657458498884,6,0.0
427444,2053,24.275305,225,True,865.4121890631127,1,0.0
427860,2054,34.650624,225,True,1200.4249776015295,6,0.0
428188,2055,26.076854,225,True,911.8741439496425,2,0.8
428304,2056,34.956018,225,True,1219.8407074067063,5,0.6000000000000001
428344,2057,36.381002,225,True,1230.440090348331,7,0.2
428760,2058,35.641239,225,True,1234.4495654188263,5,0.0
429088,2059,34.392011,225,True,1200.4804301551071,5,0.4
429128,2060,8.672441,196,False,837.2976503091791,7,4.800000000000002
429204,2061,38.638211,225,True,1299.1284590335727,8,0.0
429508,2062,8.581402,187,False,799.2560940758417,4,1.5999999999999999
429988,2063,27.471431,225,True,962.0572453612456,4,0.2
430028,2064,38.749108,225,True,1328.3643139536848,7,0.0
430104,2065,33.567325,225,True,1157.893004802988,5,0.0
430408,2066,27.475935,225,True,958.2373951141935,5,2.1999999999999997
430608,2067,5.232969,155,False,684.518761938868,1,0.0
430928,2068,28.945553,225,True,1017.0221004830842,3,0.0
431004,2069,37.763871,225,True,1311.3548220869816,5,0.0
431308,2070,29.503082,225,True,1007.3232793274822,5,0.8
431508,2071,37.861555,225,True,1326.4621891828378,5,0.4
431656,2072,11.823739,163,False,904.1495411750254,4,0.0
431828,2073,24.763173,225,True,915.3269237639954,5,4.400000000000001
432208,2074,32.760303,225,True,1145.6121224502785,6,1.4
432408,2075,30.0245,225,True,1112.1800078163114,5,3.800000000000001
432556,2076,35.412632,225,True,1219.7052791787341,6,0.0
432728,2077,29.60515,225,True,1000.2060038970169,6,0.8
433108,2078,26.675449,225,True,931.0179582326441,4,1.2
433308,2079,38.271133,225,True,1345.2453058502542,5,0.0
433380,2080,4.72923,163,False,674.7692020354848,3,2.1999999999999997
433456,2081,23.615797,225,True,883.831882677486,4,3.800000000000001
434008,2082,33.070657,225,True,1106.026261290197,10,2.4
434208,2083,26.496576,225,True,975.0630460617958,0,0.0
434280,2084,35.991102,225,True,1267.644071178982,4,0.0
434356,2085,36.143051,225,True,1178.522020991577,11,0.6000000000000001
434908,2086,28.644978,225,True,1012.1991228864802,1,0.0
435108,2087,33.190762,225,True,1130.0304652150685,5,0.0
435180,2088,37.495999,225,True,1332.6399671254026,6,1.2
435256,2089,29.545134,225,True,1011.4053407336328,4,0.0
435808,2090,28.236544,225,True,961.4617575892887,5,0.2
436008,2091,38.341657,225,True,1288.0662760828081,8,0.0
436064,2092,9.466737,202,False,901.8694986276664,1,0.0
436080,2093,28.625101,225,True,980.2040405061191,4,0.2
436708,2094,23.078564,225,True,832.7425746675578,1,0.0
436908,2095,38.905433,225,True,1325.0173361844713,7,0.0
436964,2096,31.038854,225,True,1106.3541682981377,3,0.0
436980,2097,33.033249,225,True,1168.5299724370225,3,0.0
437472,2098,8.511453,123,False,725.2581357366341,6,0.0
437608,2099,33.032298,225,True,1106.091932020216,9,1.2
437780,2100,-2.314658,77,False,377.81366617250524,3,1.0
437808,2101,36.941735,225,True,1308.8693887160462,4,0.0
437864,2102,28.944178,225,True,973.7671340775728,4,0.0
438136,2103,1.600252,132,False,568.8100739159765,0,1.0
438680,2104,35.382333,225,True,1218.493333723055,6,0.0
438708,2105,28.374626,225,True,1034.1850231285935,6,4.000000000000001
438764,2106,31.702498,225,True,1090.49991815271,7,1.2
439036,2107,32.981601,225,True,1085.6640277057995,9,1.0
439404,2108,3.802261,174,False,768.0904258425653,1,5.000000000000002
439580,2109,31.333569,225,True,1039.7427756731695,6,0.0
439664,2110,35.881291,225,True,1168.051623453368,10,0.2
439936,2111,35.108814,225,True,1202.7525649293102,7,0.0
440304,2112,36.728645,225,True,1185.1457877615462,11,0.2
440480,2113,28.274806,225,True,1042.1922209933819,4,3.2000000000000006
440564,2114,23.549491,225,True,873.9796513029662,0,0.4
440720,2115,3.579633,196,False,682.385315260728,2,2.8000000000000003
441204,2116,32.306663,225,True,1136.266506776822,6,0.8
441380,2117,26.741437,225,True,937.6574708265844,2,0.0
441464,2118,37.369747,225,True,1265.1898816347893,7,0.0
441620,2119,26.976509,225,True,918.2603716184351,6,2.1999999999999997
442020,2120,6.835733,204,False,793.4293082019312,0,1.5999999999999999
442280,2121,32.521256,225,True,1153.6502502324506,5,0.0
442364,2122,30.918416,225,True,1051.1366322406202,6,0.4
442520,2123,35.29007,225,True,1155.6027859163669,10,0.2
442808,2124,-0.119192,132,False,508.8323337473764,0,0.4
442920,2125,29.599758,225,True,1013.5903052572917,4,0.2
443264,2126,37.495534,225,True,1291.8213771077912,7,0.2
443420,2127,35.35264,225,True,1200.505588073751,6,0.0
443616,2128,6.632831,174,False,697.3132270963688,6,1.2
443708,2129,25.857533,225,True,885.5013285823347,4,1.2
444164,2130,22.012032,225,True,790.0812667813445,0,0.2
444320,2131,34.365139,225,True,1192.2055628138842,4,0.0
444516,2132,37.536233,225,True,1303.8493344792955,5,0.0
444608,2133,24.219113,225,True,851.9645210009874,2,0.0
445064,2134,28.625957,225,True,977.0382714354114,5,0.8
445220,2135,34.852742,225,True,1165.3096782964635,7,0.0
445416,2136,23.344257,225,True,873.7702913787523,0,1.9999999999999998
445472,2137,16.672975,216,False,1082.919016284945,9,2.4
445688,2138,-5.805422,117,False,393.38310585928116,0,6.000000000000003
445964,2139,33.519789,225,True,1175.1915580299938,3,0.0
446316,2140,31.635659,225,True,1059.82635701339,7,1.0
446372,2141,33.946089,225,True,1115.443569224196,9,0.6000000000000001
446588,2142,23.567362,225,True,823.4944993297681,0,0.0
446716,2143,14.980314,188,False,992.8125633303405,9,0.6000000000000001
447216,2144,24.72453,225,True,868.9812177682343,0,0.0
447272,2145,35.248546,225,True,1187.541826378479,8,1.0
447488,2146,39.023062,225,True,1331.322462147225,7,0.0
447616,2147,24.551612,225,True,858.0644970659025,3,0.8
448116,2148,36.244225,225,True,1242.568989101675,6,0.0
448172,2149,30.810644,225,True,1037.2257516421432,7,1.2
448388,2150,28.977534,225,True,1021.5013737135782,2,0.0
448516,2151,39.688834,225,True,1341.1533508045518,8,0.0
449016,2152,37.804363,225,True,1288.9745280764691,7,0.0
449072,2153,32.295268,225,True,1093.410722228155,6,0.6000000000000001
449132,2154,7.012957,186,False,826.1182849201703,1,2.6
449416,2155,22.488491,225,True,810.7396348240891,2,2.6
449724,2156,11.055391,163,False,886.2156339648207,4,0.0
449916,2157,25.711505,225,True,903.6602100985165,3,1.7999999999999998
450032,2158,32.390528,225,True,1110.8211036626158,6,0.2
450316,2159,39.347825,225,True,1334.7129901377994,8,0.0
450492,2160,-8.032953,44,False,182.68188803180328,0,0.0
450624,2161,28.461222,225,True,1073.6488965211415,1,0.0
450788,2162,13.984118,218,False,1056.1647115033893,3,0.0
450856,2163,-2.522008,58,False,343.91969340703054,3,0.0
450932,2164,26.962452,225,True,954.4980936761842,3,0.0
451392,2165,37.952647,225,True,1320.505870609566,5,0.0
451688,2166,33.517895,225,True,1083.9158042918511,10,0.6000000000000001
451756,2167,32.112189,225,True,1103.6875739594839,7,1.9999999999999998
451832,2168,28.670818,225,True,986.032712549711,10,4.800000000000002
452292,2169,31.237823,225,True,1099.1129273152883,5,1.0
452588,2170,29.438394,225,True,1058.3357545739718,3,1.0
452656,2171,30.255776,225,True,1077.431057199688,2,0.0
452732,2172,35.698143,225,True,1271.92571315043,5,1.0
452816,2173,-4.048666,57,False,326.05336750869105,1,0.0
453092,2174,-0.487039,109,False,490.1184246252958,0,0.0
453192,2175,33.659335,225,True,1127.1733966376469,7,0.4
453632,2176,23.305359,225,True,846.6143733545282,2,2.4
453712,2177,2.764039,155,False,580.1615779613073,2,0.6000000000000001
453716,2178,24.677478,225,True,903.8991264718913,1,2.1999999999999997
453804,2179,4.256316,153,False,642.252643697896,2,0.4
454224,2180,1.295691,128,False,562.2276253575778,2,0.6000000000000001
454464,2181,12.834688,208,False,978.9875344380162,4,1.7999999999999998
454608,2182,10.959896,223,False,955.1958294351227,2,2.6
454704,2183,32.324128,225,True,1111.365101326705,5,0.4
455124,2184,33.176625,225,True,1153.4649990802,5,0.0
455364,2185,36.625182,225,True,1262.6072693613414,6,0.0
455508,2186,36.778848,225,True,1192.7539255798679,11,0.2
455604,2187,33.453598,225,True,1157.3439177934388,5,0.4
456024,2188,27.216507,225,True,952.6602822016637,8,4.000000000000001
456264,2189,38.490109,225,True,1288.4043494584535,10,1.0
456408,2190,34.970893,225,True,1210.8357181598167,11,2.8000000000000003
456504,2191,29.728903,225,True,1027.556120523346,6,1.2
456924,2192,26.02911,225,True,1005.9644156732941,2,2.6
457164,2193,24.261928,225,True,905.6771336354602,0,0.4
457308,2194,38.128644,225,True,1278.7457527102997,8,0.0
457404,2195,39.134393,225,True,1334.1757338663651,7,0.0
457824,2196,24.854453,225,True,861.3781167171119,6,3.2000000000000006
458064,2197,36.585677,225,True,1250.627078419453,6,0.0
458208,2198,38.712693,225,True,1253.3077198047572,12,0.6000000000000001
458304,2199,33.94641,225,True,1160.256414941899,7,0.6000000000000001
458724,2200,37.350283,225,True,1273.2113012281143,9,0.0
458812,2201,13.503407,187,False,1001.7362934763528,5,0.8
459108,2202,36.734577,225,True,1298.9830648048373,5,0.2
459204,2203,27.672282,225,True,930.8912982357749,5,1.0
459624,2204,26.107375,225,True,1069.0950060110858,1,5.200000000000002
459712,2205,17.707078,225,True,796.2831295614201,1,9.0
459864,2206,5.521378,189,False,724.0551294086788,4,3.0000000000000004
460104,2207,32.266093,225,True,1041.0437215322097,10,1.2
460524,2208,29.256801,225,True,1046.2720483410599,1,0.0
460612,2209,37.365607,225,True,1231.4242678535998,10,0.0
460764,2210,33.47144,225,True,1110.057583602431,7,0.0
461004,2211,34.699307,225,True,1206.3722860754287,4,0.0
461424,2212,28.141246,225,True,1003.2498444363084,4,2.1999999999999997
461512,2213,32.745294,225,True,1111.4117467230471,6,0.4
461664,2214,34.592357,225,True,1126.0942948082911,9,0.2
461904,2215,29.902065,225,True,1029.6825851520564,3,0.0
462324,2216,25.158078,225,True,907.9231128908768,2,2.1999999999999997
462412,2217,37.202583,225,True,1295.3033367442677,5,0.2
462564,2218,27.213339,225,True,950.1335668720355,3,0.2
462576,2219,4.915098,168,False,659.8039317951448,3,1.2
463092,2220,5.918202,170,False,664.7280745161802,4,0.2
463224,2221,28.398756,225,True,958.3502457598852,6,1.0
463464,2222,38.912151,225,True,1302.0860316083772,9,0.0
463476,2223,30.558013,225,True,1039.9205093583353,4,0.0
463576,2224,1.823153,121,False,521.7261192644405,2,0.0
464124,2225,38.383943,225,True,1296.1577399814787,9,0.2
464364,2226,33.369573,225,True,1089.1829180285908,8,0.0
464376,2227,33.710743,225,True,1141.2297151744501,6,0.0
464476,2228,36.775087,225,True,1293.4034664520814,7,0.0
464720,2229,-1.590048,89,False,401.1980962317441,1,0.0
464884,2230,10.800824,190,False,876.8329765828005,6,2.1999999999999997
465260,2231,1.693458,135,False,597.338333384952,0,1.9999999999999998
465276,2232,36.330755,225,True,1252.4302142811166,6,0.0
465376,2233,29.660692,225,True,1039.2276637278158,6,1.7999999999999998
465784,2234,36.625004,225,True,1280.200177714356,6,0.0
466160,2235,28.355926,225,True,1009.4370505530462,2,0.0
466176,2236,32.110271,225,True,1103.6108518934302,5,0.6000000000000001
466276,2237,27.285804,225,True,949.0321714699853,7,2.4
466684,2238,34.403282,225,True,1199.3312711297817,7,0.0
467060,2239,37.551503,225,True,1267.6601238431422,8,0.0
467076,2240,25.093754,225,True,894.1501731723158,3,2.4
467176,2241,29.690308,225,True,1042.012322635102,7,1.7999999999999998
467376,2242,-3.273382,79,False,374.66471426898215,2,2.4
467584,2243,31.951531,225,True,1072.461259584763,9,1.7999999999999998
467976,2244,26.996231,225,True,961.4492257603329,1,0.4
468076,2245,29.285682,225,True,1002.627263103768,5,0.0
468276,2246,32.596399,225,True,1078.255976241247,10,1.2
468484,2247,27.214919,225,True,938.1967468353905,4,1.0
468876,2248,35.133281,225,True,1225.3312299609993,5,0.0
468976,2249,30.723453,225,True,1081.7381316600154,7,1.9999999999999998
469176,2250,21.35161,225,True,785.2643802376122,0,1.7999999999999998
469384,2251,29.318487,225,True,1013.5394694824095,6,1.0
469776,2252,27.786694,225,True,1006.6677618361696,0,0.0
469876,2253,24.21106,225,True,838.8423851240289,1,0.0
470076,2254,27.726238,225,True,965.0495038496142,4,1.5999999999999999
470284,2255,33.667329,225,True,1210.693170090533,4,1.5999999999999999
470488,2256,7.654491,178,False,762.9796475894984,5,1.9999999999999998
470776,2257,33.583761,225,True,1176.1504472007941,9,0.0
470848,2258,4.554475,141,False,648.5789879348399,1,0.0
470976,2259,35.896362,225,True,1185.4544785968055,11,0.4
471388,2260,34.36337,225,True,1133.7348131086178,11,1.2
471532,2261,12.782637,189,False,984.1054687157093,2,0.0
471748,2262,37.919154,225,True,1315.966142212697,6,0.0
471876,2263,35.731816,225,True,1110.872654008604,13,0.0
472288,2264,34.235585,225,True,1179.8234040776633,5,0.2
472432,2265,26.840238,225,True,972.8095114366024,5,0.2
472648,2266,29.507356,225,True,1169.8942489093474,3,0.8
472776,2267,26.227064,225,True,941.882565100334,4,2.1999999999999997
473164,2268,2.96616,97,False,569.0464125399837,2,0.0
473188,2269,32.803147,225,True,1073.7258887777566,11,0.4
473332,2270,33.19548,225,True,1198.2192014194798,6,1.0
473548,2271,36.330707,225,True,1241.2282859116563,9,1.5999999999999999
474064,2272,30.332982,225,True,1077.31929918582,4,0.0
474088,2273,32.148471,225,True,1114.7388218470164,9,1.2
474232,2274,35.946221,225,True,1213.84885503666,7,0.0
474448,2275,35.669174,225,True,1220.3669521200368,8,0.4
474932,2276,6.757584,217,False,802.3033708549115,2,0.0
474988,2277,30.095743,225,True,1034.229705217694,7,2.1999999999999997
475132,2278,30.770116,225,True,1104.404650364851,5,0.4
475136,2279,7.661839,172,False,745.6735552845148,4,0.4
475832,2280,35.335125,225,True,1222.2050183934507,9,1.4
475888,2281,26.107495,225,True,934.6998147695269,6,3.800000000000001
476032,2282,36.68869,225,True,1269.1475864296585,5,0.0
476036,2283,39.383194,225,True,1345.7277416477632,7,0.0
476732,2284,16.907961,225,False,1094.7184532207511,10,1.7999999999999998
476788,2285,37.463373,225,True,1291.3349111028433,6,0.0
476932,2286,38.391836,225,True,1301.2734393307373,8,0.0
476936,2287,28.954618,225,True,1003.7847122796613,3,0.0
477376,2288,2.207401,110,False,569.096046176971,1,0.4
477632,2289,27.896871,225,True,991.8748474430636,4,0.2
477688,2290,31.856159,225,True,1067.0463720368239,7,0.2
477832,2291,38.560746,225,True,1286.4298329156245,10,0.6000000000000001
478060,2292,-0.001341,93,False,454.34636573557714,4,0.6000000000000001
478276,2293,31.565111,225,True,1060.2044308885156,10,2.8000000000000003
478532,2294,40.463222,225,True,1299.3288859762124,13,0.0
478732,2295,33.925848,225,True,1172.2339368714984,5,0.0
478788,2296,-6.016051,64,False,261.75794760628537,0,0.4
478892,2297,8.656927,154,False,790.2770718907734,6,0.0
478960,2298,23.94498,225,True,888.1992087098838,4,4.400000000000001
479544,2299,9.016444,203,False,814.2577754716694,2,0.2
479688,2300,35.8536,225,True,1215.744014708895,8,0.6000000000000001
479792,2301,38.604191,225,True,1310.5676332444814,8,0.0
479860,2302,34.338987,225,True,1167.9594610267045,7,1.0
480256,2303,12.104015,178,False,884.1605845703823,8,1.4
480588,2304,21.212152,225,True,798.8860797852892,3,4.600000000000001
480692,2305,37.419015,225,True,1310.3605828552077,6,0.8
480760,2306,20.774907,225,True,866.9962710712989,3,8.200000000000003
481156,2307,37.925742,225,True,1277.8296931961409,11,2.1999999999999997
481352,2308,8.531819,148,False,778.872761628028,5,0.0
481488,2309,35.580936,225,True,1216.8374232031802,6,0.0
481592,2310,33.291865,225,True,1218.8745890510509,4,0.0
482056,2311,31.143116,225,True,1024.9246502793378,7,0.0
482252,2312,38.78527,225,True,1292.2108158194783,9,0.0
482388,2313,38.431003,225,True,1309.2401171558804,7,0.0
482492,2314,39.092213,225,True,1284.4885232211814,11,0.6000000000000001
482956,2315,27.656673,225,True,905.4669340819364,7,1.0
483148,2316,12.974956,190,False,982.1982263985883,6,1.0
483152,2317,39.434406,225,True,1346.176247476389,7,0.0
483264,2318,-3.044352,77,False,343.02590885781365,2,0.4
483392,2319,35.116292,225,True,1236.6516915172156,4,0.2
484048,2320,23.631639,225,True,810.8655497153327,1,0.0
484052,2321,26.663671,225,True,911.3468309258235,3,0.0
484164,2322,32.696791,225,True,1182.2716486366767,6,3.400000000000001
484292,2323,38.208545,225,True,1287.5417920177288,10,1.0
484948,2324,27.204057,225,True,989.7622624048458,4,1.9999999999999998
484952,2325,29.868482,225,True,1034.739293429879,3,0.2
485064,2326,33.585302,225,True,1278.6120693774255,4,3.2000000000000006
485192,2327,33.670405,225,True,1234.0162080138302,4,0.0
485848,2328,37.447216,225,True,1319.4886520114483,7,0.0
485852,2329,37.632717,225,True,1286.9086664664774,7,0.0
485964,2330,31.144489,225,True,1079.37957801533,3,0.0
486092,2331,35.333365,225,True,1228.534601474002,5,0.0
486748,2332,28.037113,225,True,1038.2845150935705,2,1.5999999999999999
486752,2333,26.740987,225,True,931.2394967235887,3,0.6000000000000001
486864,2334,38.304911,225,True,1249.7964422400705,11,0.0
486992,2335,27.995516,225,True,947.0206354049619,5,0.8
487648,2336,35.759422,225,True,1262.3768833870731,6,1.4
487652,2337,38.466732,225,True,1337.86929141903,6,0.0
487764,2338,35.079243,225,True,1220.7697188758766,7,1.2
487892,2339,30.090511,225,True,1053.2204422832629,6,2.6
488212,2340,2.010948,112,False,571.6379218695345,5,1.5999999999999999
488548,2341,23.808128,225,True,869.1251012439359,4,2.4
488552,2342,22.182302,225,True,954.4920946954912,3,9.0
488792,2343,32.89102,225,True,1135.6407897691724,7,0.6000000000000001
489112,2344,36.887409,225,True,1277.0963404060813,6,0.4
489444,2345,8.305938,163,False,733.8375095754927,7,1.0
489448,2346,31.084293,225,True,1082.5717172948212,5,0.0
489452,2347,33.719081,225,True,1154.3632560712185,13,3.0000000000000004
490012,2348,28.564763,225,True,1008.1905240401463,1,0.0
490344,2349,26.416345,225,True,913.4537939381414,5,1.9999999999999998
490348,2350,36.326929,225,True,1237.8771698248388,7,0.0
490352,2351,35.831352,225,True,1213.254093914249,9,1.2
490476,2352,-7.809583,32,False,174.81666408596107,0,0.0
490912,2353,31.09236,225,True,1107.6943936264734,6,1.5999999999999999
491244,2354,32.647341,225,True,1123.4936524499722,8,1.9999999999999998
491252,2355,37.11715,225,True,1292.685990239691,8,0.8
491376,2356,36.630305,225,True,1250.8122163991243,6,0.0
491728,2357,15.48984,204,False,1044.3936198443203,6,0.6000000000000001
492144,2358,40.640322,225,True,1338.4128668830836,11,0.0
492152,2359,25.187561,225,True,928.302423144733,2,0.6000000000000001
492156,2360,3.737137,107,False,583.0854902341239,3,0.0
492276,2361,36.186793,225,True,1201.8717171823528,8,0.0
493044,2362,35.221245,225,True,1224.8498048864876,5,0.0
493052,2363,23.392966,225,True,807.7186490640665,2,1.0
493056,2364,36.699347,225,True,1237.5738700252368,8,0.4
493176,2365,39.412958,225,True,1317.318308922997,9,0.0
493904,2366,22.394266,212,False,1234.1706266896254,9,0.0
493944,2367,35.142234,225,True,1220.8893502190595,6,1.2
493952,2368,37.246597,225,True,1260.2638839440442,7,0.0
494076,2369,38.224523,225,True,1304.1809038648562,7,0.0
494636,2370,7.390472,140,False,725.2188987323591,4,0.0
494804,2371,35.172459,225,True,1185.2983697262885,7,0.0
494844,2372,38.563128,225,True,1328.9251338867548,6,0.0
494852,2373,35.38299,225,True,1220.1196034517284,5,0.0
495408,2374,7.558169,139,False,709.5267639836397,8,1.5999999999999999
495536,2375,35.820692,225,True,1271.2276666477487,6,0.0
495704,2376,32.806127,225,True,1082.6450988153101,7,0.0
495744,2377,39.569478,225,True,1277.9791177610396,14,0.0
496308,2378,25.853155,225,True,916.526207143221,0,0.0
496436,2379,29.782397,225,True,1064.8958844547124,9,2.6
496604,2380,39.776395,225,True,1331.8558109786259,9,0.0
496644,2381,33.908569,225,True,1169.942760564445,6,0.6000000000000001
496776,2382,5.094473,117,False,683.7789026174901,3,0.0
497336,2383,38.996048,225,True,1335.0419113487283,7,0.0
497496,2384,-7.652902,40,False,197.8839300919401,0,0.0
497504,2385,35.190069,225,True,1198.0027562281994,8,0.6000000000000001
497544,2386,27.111307,225,True,1022.0522705296135,0,1.2
497676,2387,37.812595,225,True,1274.903804278249,9,1.0
498396,2388,38.658162,225,True,1267.92647541953,10,0.0
498404,2389,24.968486,225,True,848.339449796036,3,0.0
498444,2390,35.689602,225,True,1173.1840656938239,11,1.5999999999999999
498504,2391,-9.105376,25,False,122.98494573908397,0,0.0
498576,2392,25.374333,225,True,894.9733248493965,4,2.6
499296,2393,33.553835,225,True,1120.5534155060814,9,1.4
499344,2394,29.190242,225,True,1047.6096949132016,8,3.400000000000001
499404,2395,36.540008,225,True,1266.4003062418874,7,0.2
499476,2396,39.739549,225,True,1307.1819520733407,11,0.2
499712,2397,-1.39855,92,False,434.45800069914185,2,1.5999999999999999
499876,2398,4.161694,118,False,644.8677543810413,1,0.0
500032,2399,0.254165,80,False,475.76661996126586,2,0.4
500196,2400,37.923339,225,True,1267.3335407771583,9,0.2
500376,2401,33.72357,225,True,1152.1427824946368,5,0.0
500776,2402,40.148371,225,True,1343.5348558134751,9,0.0
500932,2403,24.024512,225,True,973.7804626991194,1,6.200000000000003
500956,2404,4.764101,145,False,640.1640259937033,2,0.0
501096,2405,30.986574,225,True,1085.0629788849587,7,0.2
501676,2406,33.62503,225,True,1147.4012127067417,6,0.4
501832,2407,37.44651,225,True,1274.6603842184554,7,0.0
501856,2408,36.612556,225,True,1255.7022475370845,6,0.2
501996,2409,25.307686,225,True,909.9074404130038,6,4.400000000000001
502576,2410,38.847022,225,True,1323.4808833357934,7,0.0
502732,2411,33.523424,225,True,1106.5369703810684,8,0.2
502756,2412,32.284078,225,True,1096.1631046119896,5,0.2
502896,2413,37.19119,225,True,1280.4476021405603,6,0.0
503476,2414,38.193998,225,True,1312.5599029646955,6,0.0
503632,2415,32.060817,225,True,1072.8326712217472,6,0.2
503656,2416,27.622691,225,True,961.7076482712146,7,3.600000000000001
503796,2417,37.426725,225,True,1265.8689945308151,7,0.0
504352,2418,10.653249,219,False,942.1299635860018,3,3.2000000000000006
504532,2419,35.098596,225,True,1251.1438496413602,4,0.0
504556,2420,36.44538,225,True,1244.2151802168796,8,0.0
504696,2421,33.912629,225,True,1132.5051643816837,8,0.6000000000000001
504988,2422,2.474392,108,False,549.3756850732652,2,0.0
505252,2423,35.728276,225,True,1222.7310266956042,6,0.0
505432,2424,32.485408,225,True,1053.01633396328,9,0.6000000000000001
505596,2425,24.888451,225,True,909.9380353850042,4,4.000000000000001
505888,2426,25.723643,225,True,908.9457362988767,4,1.5999999999999999
506152,2427,28.714773,225,True,994.1909037895628,3,0.0
506332,2428,23.25648,225,True,795.0591863270788,1,0.0
506496,2429,35.994395,225,True,1240.575808854397,5,0.0
506788,2430,28.676192,225,True,981.4476935407611,3,0.0
507052,2431,38.856119,225,True,1271.844742906958,13,0.4
507232,2432,35.395419,225,True,1213.4167614583635,6,0.0
507396,2433,38.367219,225,True,1305.8887741539565,7,0.0
507688,2434,40.204406,225,True,1344.9762474763902,9,0.0
507952,2435,38.667574,225,True,1313.1029411844897,8,0.0
508132,2436,38.072674,225,True,1298.106970358955,7,0.0
508296,2437,27.001431,225,True,984.057248426162,0,0.0
508528,2438,-5.018362,58,False,284.065510630978,1,0.8
508588,2439,27.094597,225,True,918.9838911804663,3,0.0
508852,2440,39.345633,225,True,1330.6253213488194,8,0.0
509032,2441,34.097999,225,True,1182.3199782978895,4,0.0
509428,2442,24.524168,225,True,919.3667312910188,4,3.800000000000001
509488,2443,37.001622,225,True,1218.4648877471573,9,0.0
509752,2444,32.794193,225,True,1162.967737887297,3,0.4
509932,2445,36.722331,225,True,1280.8932319058467,5,0.4
510044,2446,3.355797,154,False,663.0318810701615,4,3.400000000000001
510388,2447,33.634753,225,True,1194.1901245107056,4,1.0
510652,2448,29.169651,225,True,1013.186034976005,4,1.0
510752,2449,4.98703,177,False,781.0812028483786,3,4.000000000000001
510832,2450,29.342058,225,True,1026.4823391798902,9,3.600000000000001
511288,2451,22.658252,225,True,798.3300733437084,2,1.7999999999999998
511552,2452,39.54851,225,True,1341.9403820309344,8,0.0
511652,2453,31.807489,225,True,1070.6995519325396,6,0.2
511732,2454,35.064413,225,True,1205.7765094064603,6,0.4
512188,2455,34.916548,225,True,1150.2619163151562,8,0.0
512452,2456,37.006293,225,True,1241.0517306999182,8,0.0
512552,2457,35.558555,225,True,1208.7421975427987,7,0.0
512632,2458,27.813735,225,True,961.3493810484404,4,1.0
513088,2459,34.465707,225,True,1153.028263627974,7,0.0
513352,2460,31.258321,225,True,1032.7328272598745,8,0.4
513452,2461,34.114437,225,True,1142.9774885659776,11,2.1999999999999997
513532,2462,38.40687,225,True,1339.4747846959417,5,0.0
513544,2463,-5.801806,48,False,257.52777815150785,2,1.2
513988,2464,18.794462,225,True,810.1784918842566,1,7.600000000000004
514352,2465,36.652263,225,True,1257.2905038893346,6,0.0
514432,2466,19.811365,225,True,787.6545940213091,2,4.200000000000001
514444,2467,28.041327,225,True,997.65307942809,3,0.8
514888,2468,31.368222,225,True,1055.5288723020922,10,2.1999999999999997
515252,2469,31.436631,225,True,1108.665247293336,4,1.2
515332,2470,36.547172,225,True,1307.4868665142435,3,0.0
515344,2471,32.684593,225,True,1152.9837365503977,3,0.0
515512,2472,-6.440718,42,False,238.37128538391812,0,0.6000000000000001
515788,2473,33.424859,225,True,1123.394350005602,7,0.4
516152,2474,37.086214,225,True,1194.6485570071764,11,0.0
516232,2475,33.591164,225,True,1138.0465758933647,7,1.0
516412,2476,40.197446,225,True,1311.0978266824181,12,0.4
516688,2477,36.205248,225,True,1229.0099001346275,7,0.0
517052,2478,25.8668,225,True,867.4719997993786,3,0.0
517132,2479,32.310768,225,True,1056.4307014765755,8,0.4
517312,2480,27.316839,225,True,942.2735772209207,2,0.0
517588,2481,34.875551,225,True,1231.0220346645697,4,0.0
517952,2482,25.755618,225,True,917.42471698497,0,0.0
518032,2483,35.712232,225,True,1158.8892779153466,10,0.4
518212,2484,30.303227,225,True,1018.529090894601,6,0.6000000000000001
518488,2485,24.562727,225,True,849.7090756931873,3,1.2
518636,2486,5.126317,171,False,727.4526738041009,2,3.0000000000000004
518932,2487,37.020817,225,True,1235.232678620996,8,0.0
519112,2488,39.581859,225,True,1344.0743577880667,8,0.0
519388,2489,32.374209,225,True,1098.9683610575967,6,0.8
519536,2490,26.269197,225,True,921.1678633692866,1,0.0
519832,2491,32.254509,225,True,1129.3803420016966,4,0.4
520012,2492,39.658812,225,True,1339.9524931799851,8,0.0
520288,2493,35.322426,225,True,1199.297035865788,6,0.0
520436,2494,34.811399,225,True,1182.855977542672,8,1.4
520672,2495,-4.187841,59,False,319.6863650623782,0,0.0
520732,2496,28.084755,225,True,996.1901997403365,7,3.800000000000001
520912,2497,34.07103,225,True,1135.6412003237447,9,0.6000000000000001
520920,2498,6.512281,158,False,728.4912348513776,2,0.0
521572,2499,38.520175,225,True,1274.407009644498,10,0.4
521632,2500,33.335785,225,True,1183.0313853303783,2,0.0
521812,2501,35.532479,225,True,1236.4991446220174,6,0.6000000000000001
521820,2502,34.440966,225,True,1180.0386503244367,5,0.0
522472,2503,28.020251,225,True,959.2100370513206,4,0.6000000000000001
522532,2504,31.263496,225,True,1098.539835208595,2,0.0
522712,2505,34.110001,225,True,1148.4000461370424,6,0.0
522720,2506,31.675803,225,True,1045.4321013782508,9,1.2
523236,2507,13.317553,176,False,951.902117186949,4,0.0
523372,2508,39.37794,225,True,1309.5176085571084,10,0.0
523612,2509,27.26385,225,True,892.154009737927,5,0.0
523620,2510,32.950475,225,True,1068.4190112419792,9,0.4
524136,2511,36.617623,225,True,1186.3049165237244,11,0.6000000000000001
524272,2512,38.759253,225,True,1275.9701145498807,11,0.8
524512,2513,28.096022,225,True,1020.6408717236218,0,0.4
524520,2514,34.729558,225,True,1222.782339974045,6,0.0
525036,2515,37.001446,225,True,1212.857842584198,11,1.0
525172,2516,30.174182,225,True,1074.1672823717659,1,0.0
525412,2517,37.935665,225,True,1334.2265906053967,4,0.0
525420,2518,35.148365,225,True,1205.9346121547906,7,0.0
525936,2519,30.006626,225,True,960.2650235270214,8,0.2
526072,2520,34.254765,225,True,1233.3906156777543,4,0.4
526312,2521,33.282816,225,True,1179.3126261912248,5,0.0
526320,2522,37.192202,225,True,1267.68806237438,7,0.4
526836,2523,30.805039,225,True,1019.4015565251782,7,0.6000000000000001
526972,2524,35.547357,225,True,1231.494274763842,7,0.2
527212,2525,35.428214,225,True,1215.5285651468585,7,0.0
527220,2526,23.246936,225,True,821.8774494392517,0,0.2
527612,2527,5.791163,194,False,808.44651438558,1,4.600000000000001
527872,2528,32.501471,225,True,1063.2588473809633,8,0.4
528112,2529,33.295717,225,True,1092.6286886011312,11,1.0
528120,2530,33.495835,225,True,1124.6334098077932,7,0.6000000000000001
528388,2531,-3.538255,67,False,340.86978335074446,0,0.0
528512,2532,38.39169,225,True,1306.06761735404,7,0.0
528772,2533,27.640127,225,True,976.0050804827895,1,0.2
529012,2534,29.117226,225,True,987.0890534092846,6,0.8
529220,2535,8.770884,177,False,790.0353402448338,4,0.6000000000000001
529288,2536,31.581192,225,True,1112.0476836890894,7,1.0
529516,2537,8.703545,186,False,808.1417996624789,7,3.800000000000001
529912,2538,34.619026,225,True,1185.561051113777,9,0.2
530120,2539,32.150669,225,True,1080.426770180367,6,0.0
530188,2540,35.410726,225,True,1193.2290215404332,7,0.0
530416,2541,28.522636,225,True,1052.1054496504926,9,6.400000000000003
530812,2542,36.36598,225,True,1226.6392059744348,10,1.7999999999999998
531020,2543,32.156199,225,True,1136.6479403108842,9,3.800000000000001
531088,2544,27.889339,225,True,948.3735668845952,7,2.6
531316,2545,37.824522,225,True,1331.3808785924994,4,0.0
531452,2546,-1.670103,108,False,438.7958620888644,1,0.2
531488,2547,-5.913078,43,False,244.27688715444265,0,0.0
531712,2548,36.258973,225,True,1184.7589140130995,11,0.0
531988,2549,28.046783,225,True,1005.8713380177642,1,0.0
532076,2550,6.532317,147,False,746.8926839059243,2,0.0
532220,2551,-8.267505,36,False,199.69981709640683,1,1.9999999999999998
532352,2552,36.868706,225,True,1214.7482527769566,10,0.0
532612,2553,32.746008,225,True,1179.4403142111742,4,0.0
532808,2554,1.28591,114,False,507.4363993930499,2,0.0
532888,2555,36.349826,225,True,1219.59305418357,8,0.0
533120,2556,27.220439,225,True,933.6175431302916,3,0.2
533512,2557,35.085188,225,True,1149.0075376251752,12,0.2
533708,2558,31.172064,225,True,1123.6825673447966,6,0.8
533788,2559,30.850094,225,True,1123.6037602557863,9,1.9999999999999998
534020,2560,35.658234,225,True,1205.5293583382768,7,0.4
534412,2561,30.361478,225,True,1048.859124377817,4,0.0
534608,2562,39.007955,225,True,1289.918199738082,11,0.2
534688,2563,21.962954,225,True,855.3181489134929,1,3.800000000000001
534920,2564,23.623366,225,True,848.934641252536,0,0.0
535312,2565,29.804272,225,True,1014.5708979197175,4,0.0
535508,2566,35.314112,225,True,1226.9644653485666,6,0.0
535588,2567,37.379598,225,True,1257.583903646576,9,0.6000000000000001
535820,2568,30.314414,225,True,1142.9765514345481,1,0.0
536212,2569,25.937371,225,True,924.6948212307827,0,0.0
536408,2570,38.169858,225,True,1285.9943104918034,8,0.0
536488,2571,31.920994,225,True,1072.8397469362126,11,3.2000000000000006
536720,2572,31.242513,225,True,1069.7005121381326,8,0.8
537112,2573,38.64809,225,True,1332.3236046446254,6,0.0
537308,2574,34.8753,225,True,1142.212016476437,17,4.400000000000001
537388,2575,34.284662,225,True,1204.1864709972124,5,0.0
537620,2576,26.864209,225,True,995.368361916356,3,0.0
538012,2577,29.561606,225,True,1036.8642359367984,5,0.0
538208,2578,33.916689,225,True,1082.2675447132688,12,0.4
538288,2579,21.87823,225,True,792.7292017490006,0,0.8
538520,2580,31.19406,225,True,1078.162387556948,5,0.4
538912,2581,33.795295,225,True,1123.011809459209,8,0.0
539108,2582,31.900598,225,True,1102.4239244909459,7,0.4
539152,2583,19.247478,216,False,1155.4991060113794,8,0.8
539420,2584,23.397864,225,True,846.3145604904901,2,0.4
539812,2585,33.14732,225,True,1110.692784281728,7,0.4
540008,2586,27.521508,225,True,941.6603253855185,3,0.0
540052,2587,26.357306,225,True,911.092235330101,6,0.8
540320,2588,32.942885,225,True,1092.9154136173038,7,0.0
540712,2589,23.226085,225,True,816.243412616843,0,0.0
540908,2590,22.768538,225,True,781.9415107120781,1,0.0
540952,2591,29.029534,225,True,1057.1813735434398,4,0.0
541216,2592,-2.074719,77,False,401.81123074918673,2,0.0
541220,2593,31.449352,225,True,1117.9740706182447,2,0.0
541612,2594,38.295536,225,True,1307.0214453776498,8,0.4
541852,2595,39.499807,225,True,1319.9922959795676,9,0.0
542116,2596,34.263777,225,True,1155.3510801613693,6,0.0
542120,2597,25.795788,225,True,881.431522584435,2,0.0
542512,2598,32.626361,225,True,1141.054451213835,3,0.0
542752,2599,35.720691,225,True,1189.6276247266069,9,0.2
543016,2600,27.762594,225,True,980.1037527094136,7,1.9999999999999998
543020,2601,34.508715,225,True,1172.3485901070844,7,0.4
543412,2602,28.739317,225,True,979.1726918085003,7,2.1999999999999997
543652,2603,36.853993,225,True,1246.9597049144627,10,0.0
543916,2604,37.955732,225,True,1300.6292640331017,9,0.6000000000000001
543920,2605,35.754458,225,True,1226.9783373402943,6,0.0
544312,2606,26.293755,225,True,891.7501914717566,3,0.2
544444,2607,5.366171,132,False,650.6468245671899,4,0.0
544552,2608,20.919977,225,True,843.1990833281666,3,5.000000000000002
544612,2609,7.658183,173,False,801.527318065542,5,1.2
545212,2610,29.422259,225,True,1026.4903446114931,5,1.0
545344,2611,29.895026,225,True,991.8010558248234,6,0.0
545452,2612,30.333835,225,True,998.1534184708739,6,0.0
545512,2613,21.58541,225,True,841.8163867997814,6,6.600000000000003
545796,2614,1.726532,86,False,502.6612917648838,3,0.0
546112,2615,33.040993,225,True,1081.6397020425306,8,0.0
546244,2616,36.23257,225,True,1220.5027866887203,8,0.2
546412,2617,24.468191,225,True,870.7276331645121,1,0.2
546696,2618,32.073061,225,True,1141.3224384586993,4,0.0
546908,2619,-4.446702,53,False,302.93191475153367,0,0.0
547012,2620,29.744243,225,True,1024.1697292047475,4,0.0
547144,2621,28.747155,225,True,973.0862110115313,4,0.0
547312,2622,28.756588,225,True,998.2635148866138,2,0.0
547808,2623,39.68537,225,True,1309.0147833267038,10,0.0
547912,2624,23.462523,225,True,812.1009342971545,2,0.8
548044,2625,24.819851,225,True,841.5940266188129,2,0.0
548212,2626,34.40613,225,True,1113.0451801491927,10,0.4
548668,2627,17.901002,189,False,1120.0400625274829,5,0.0
548708,2628,26.234524,225,True,982.1809459848646,1,0.0
548944,2629,30.510351,225,True,1030.014056183176,8,0.2
549112,2630,29.088607,225,True,962.7442673275648,6,0.6000000000000001
549508,2631,13.446632,200,False,936.2652607509647,6,0.0
549568,2632,34.743674,225,True,1175.3469581349696,6,0.0
549844,2633,20.611504,225,True,748.4601723561791,0,1.7999999999999998
550012,2634,31.365458,225,True,1092.2183227884448,5,1.2
550408,2635,37.598487,225,True,1241.5394958338552,9,0.0
550468,2636,36.741846,225,True,1257.6738551661501,6,0.0
550744,2637,36.218824,225,True,1219.9529606003066,7,0.0
550912,2638,27.857425,225,True,931.0970005132583,4,0.0
551308,2639,27.406919,225,True,953.0767552584243,2,0.0
551368,2640,31.049282,225,True,1040.3712995503702,6,0.0
551644,2641,23.412885,225,True,800.5154120791076,1,0.0
551812,2642,36.595579,225,True,1267.823158308025,7,0.2
552208,2643,32.170682,225,True,1197.2272774918615,2,1.2
552268,2644,30.292956,225,True,1018.9182509984178,5,0.0
552544,2645,35.789131,225,True,1204.3652233684288,8,0.0
552712,2646,37.223774,225,True,1302.5509537001917,5,0.0
553108,2647,35.936366,225,True,1229.4546423531424,6,0.0
553168,2648,33.648223,225,True,1145.128925231782,7,1.0
553444,2649,24.751124,225,True,855.6449407040925,3,0.6000000000000001
553612,2650,29.2933,225,True,967.7319885557349,6,0.4
554008,2651,33.225521,225,True,1201.0208369348047,2,0.0
554068,2652,32.493751,225,True,1147.7500344826367,5,0.4
554152,2653,8.265601,177,False,781.8240255391727,3,0.0
554512,2654,34.261695,225,True,1172.8677891978705,5,0.0
554908,2655,38.499347,225,True,1255.973888995131,13,1.4
554968,2656,32.110825,225,True,1048.4330033796978,8,0.4
555052,2657,24.753846,225,True,870.9538379239575,0,0.0
555312,2658,1.292022,86,False,486.08088489689067,3,0.0
555412,2659,28.36179,225,True,986.4716067563397,6,1.4
555808,2660,34.761678,225,True,1200.0671085246008,6,1.0
555884,2661,3.740461,143,False,604.0184370236402,2,0.2
555952,2662,25.121517,225,True,869.6606936124608,4,1.9999999999999998
556312,2663,23.420013,225,True,789.6005192095129,2,0.2
556552,2664,-4.902783,60,False,279.8886803611299,2,0.4
556580,2665,5.039826,157,False,740.7930203408455,2,1.4
556708,2666,40.322644,225,True,1270.505748789617,14,0.0
556784,2667,38.151348,225,True,1314.0539251136897,6,0.0
557452,2668,29.721052,225,True,1026.4420792715337,5,1.0
557480,2669,36.510391,225,True,1214.8156453740758,12,2.1999999999999997
557608,2670,22.460728,225,True,808.0291363503504,2,1.7999999999999998
557684,2671,27.650141,225,True,971.6056475170876,3,0.6000000000000001
557884,2672,1.194566,101,False,532.5826233013877,2,0.0
558352,2673,36.942993,225,True,1234.5197302324987,8,0.0
558508,2674,38.164462,225,True,1260.1784784374668,10,0.0
558584,2675,34.653773,225,True,1134.1509352828948,11,1.7999999999999998
558784,2676,27.13822,225,True,961.5288109683033,1,0.0
559252,2677,22.116627,225,True,749.4650922169417,1,0.0
559408,2678,32.434136,225,True,1142.9654484130424,4,0.6000000000000001
559484,2679,24.496514,225,True,848.6605646814623,1,0.2
559684,2680,28.6016,225,True,1007.2639928955066,3,1.2
559808,2681,6.192638,139,False,754.9055215341596,2,2.4
559936,2682,2.389843,132,False,537.9937018376704,3,0.4
560384,2683,37.484984,225,True,1271.3993612025397,9,0.6000000000000001
560584,2684,28.320569,225,True,997.622746054124,3,0.8
560708,2685,28.063841,225,True,1022.5536241616908,0,0.0
560836,2686,26.232827,225,True,922.113099943851,2,1.0
560956,2687,4.867285,143,False,633.8913975804562,4,0.4
561052,2688,-6.227848,54,False,231.6860755430764,0,0.0
561484,2689,28.847212,225,True,990.6884825412067,4,0.8
561608,2690,25.139951,225,True,867.1980208559801,3,1.2
561856,2691,28.782292,225,True,987.2916612717063,5,0.4
561952,2692,34.585162,225,True,1230.6064881878533,4,0.6000000000000001
562384,2693,33.411439,225,True,1137.2575402174475,5,0.0
562508,2694,32.651522,225,True,1081.2608807759648,9,0.8
562756,2695,32.277306,225,True,1102.292244281888,6,1.0
562852,2696,31.146559,225,True,1117.8623770624317,2,0.4
563284,2697,21.859922,225,True,783.9968671988154,1,1.5999999999999999
563408,2698,29.914676,225,True,1042.1870406216608,3,0.0
563656,2699,31.685232,225,True,1084.2092926674413,4,0.0
563752,2700,31.773195,225,True,1052.5277936516259,7,0.4
564184,2701,27.934375,225,True,950.1750073369078,3,0.0
564308,2702,25.718311,225,True,850.3324213853659,4,0.2
564392,2703,-9.723399,21,False,116.66403339543831,0,0.8
564556,2704,26.691344,225,True,894.853766885592,4,0.4
564652,2705,38.954362,225,True,1326.9744712270858,7,0.0
565084,2706,34.332134,225,True,1207.685354742107,3,0.0
565292,2707,36.592432,225,True,1266.0972910941055,6,0.4
565456,2708,28.860523,225,True,1003.2209005692534,6,1.2
565552,2709,38.634406,225,True,1346.1762467358308,5,0.0
565916,2710,0.456378,115,False,522.2551096988534,1,1.5999999999999999
565984,2711,25.139591,225,True,852.7836254048739,4,1.2
566192,2712,29.430592,225,True,1071.6236896534342,1,0.0
566452,2713,29.253883,225,True,1022.155328511215,3,0.8
566816,2714,35.117357,225,True,1243.0942677355483,6,1.2
566884,2715,26.269092,225,True,917.1636982834657,1,0.0
567092,2716,26.816435,225,True,893.4574084383728,5,0.8
567352,2717,25.41413,225,True,886.1652152173288,4,2.1999999999999997
567716,2718,23.67023,225,True,811.6091812857062,1,0.0
567784,2719,33.410301,225,True,1161.212044056992,4,0.0
567992,2720,20.382101,225,True,736.0840248919069,1,1.5999999999999999
568252,2721,24.839253,225,True,848.7701058519444,4,1.5999999999999999
568616,2722,29.869508,225,True,1051.5803157045625,4,1.5999999999999999
568684,2723,31.348001,225,True,1101.1200216489024,5,0.8
568852,2724,7.031099,215,False,864.4439627525617,5,7.600000000000004
569152,2725,28.780617,225,True,985.6246641599882,3,0.0
569516,2726,35.278481,225,True,1169.5392299811488,8,0.2
569584,2727,35.562776,225,True,1173.7110544580942,9,0.0
569752,2728,27.059752,225,True,943.1900947559079,3,0.2
570052,2729,29.089463,225,True,996.378524132328,4,0.6000000000000001
570416,2730,22.18251,225,True,751.3004138799979,1,0.0
570484,2731,34.819085,225,True,1151.963402144143,9,0.6000000000000001
570652,2732,29.1435,225,True,971.340007660307,6,0.0
570952,2733,33.685591,225,True,1188.2236416009,3,0.0
571316,2734,37.30394,225,True,1270.5575878270042,7,0.0
571384,2735,33.923993,225,True,1141.7597013366913,6,0.0
571552,2736,26.795002,225,True,954.2000733518707,1,0.0
571852,2737,34.657813,225,True,1119.9125089899271,10,0.0
572216,2738,31.643556,225,True,1111.3422497756874,3,0.0
572284,2739,32.624116,225,True,1158.564621462151,5,0.0
572452,2740,37.859838,225,True,1286.3935308208538,7,0.0
572752,2741,37.144244,225,True,1222.569762765897,9,0.0
573116,2742,38.407723,225,True,1338.7089256303898,5,0.0
573184,2743,25.698297,225,True,889.5318858874255,3,1.2
573352,2744,27.924124,225,True,965.7649765901331,2,0.0
573652,2745,26.240259,225,True,936.8103730414487,2,1.5999999999999999
574016,2746,37.681479,225,True,1248.859177338782,9,0.0
574084,2747,32.761786,225,True,1087.2714351628097,7,0.0
574252,2748,33.461982,225,True,1172.0792662609715,3,0.0
574552,2749,25.76263,225,True,888.1051949521607,2,0.0
574916,2750,22.43727,225,True,776.6908125670577,1,0.6000000000000001
574984,2751,23.052593,225,True,798.1037139750451,3,1.7999999999999998
575040,2752,9.433654,197,False,890.1461689315038,1,1.9999999999999998
575452,2753,26.189917,225,True,848.3966952112969,5,0.0
575604,2754,8.349036,172,False,805.9614520707198,1,0.2
575884,2755,35.237473,225,True,1239.8989319787493,4,0.0
575940,2756,30.900631,225,True,1024.0252497344118,8,0.6000000000000001
576352,2757,31.739222,225,True,1089.5688878092533,6,0.2
576504,2758,21.908411,225,True,757.136453834448,0,0.0
576784,2759,30.141056,225,True,977.6422430090583,8,0.8
576840,2760,37.570173,225,True,1286.00691109755,7,0.0
576860,2761,-9.373633,19,False,105.85469495267284,0,0.0
577252,2762,38.057611,225,True,1339.9044374302703,4,0.0
577404,2763,26.944904,225,True,956.1961766589338,2,0.4
577740,2764,32.608821,225,True,1107.5528387567679,5,0.0
577760,2765,31.534433,225,True,1126.977318631059,3,0.6000000000000001
578152,2766,27.836357,225,True,993.4542759366855,0,0.0
578304,2767,33.111482,225,True,1094.8592640424358,7,0.0
578640,2768,24.115678,225,True,846.2271097303044,4,2.4
578660,2769,25.326544,225,True,880.2617699602761,2,0.0
579052,2770,24.045314,225,True,847.4125726612876,0,0.2
579204,2771,36.835959,225,True,1311.0383510419938,5,0.0
579540,2772,34.928314,225,True,1182.7325407471035,6,0.0
579560,2773,23.915664,225,True,795.0265760463794,3,0.2
579952,2774,30.027494,225,True,1045.0997656505158,3,0.4
580104,2775,36.849654,225,True,1260.3861448849611,6,0.0
580440,2776,30.904407,225,True,1076.1762855296774,4,0.6000000000000001
580460,2777,34.136624,225,True,1131.864951120388,8,0.0
580852,2778,33.585306,225,True,1140.212234676531,6,0.4
581004,2779,37.014852,225,True,1304.594072087291,4,0.0
581340,2780,39.723106,225,True,1300.1242205653798,11,0.2
581360,2781,37.744406,225,True,1294.5762474763892,6,0.0
581752,2782,36.9107,225,True,1278.0279974308187,5,0.0
581904,2783,38.919992,225,True,1344.7996902865334,8,0.8
582168,2784,3.418047,104,False,571.9218904940813,3,0.0
582240,2785,24.723285,225,True,844.1314118103628,2,0.0
582260,2786,22.359212,225,True,808.7684767134404,0,0.4
582804,2787,21.893426,225,True,818.9370398721767,0,2.6
583068,2788,36.559856,225,True,1251.1942363642506,6,0.0
583140,2789,28.453772,225,True,974.1508996026475,4,0.8
583160,2790,22.951244,225,True,862.0497509947863,3,4.600000000000001
583704,2791,34.184037,225,True,1150.5614929354033,7,0.6000000000000001
583968,2792,39.883054,225,True,1263.3221696558417,16,1.7999999999999998
584040,2793,31.832525,225,True,1122.9010193847384,2,0.0
584060,2794,35.142079,225,True,1192.883167912541,6,0.0
584268,2795,-3.712745,52,False,301.8902167872757,2,0.0
584604,2796,24.017203,225,True,853.4881394897998,3,2.4
584868,2797,34.608883,225,True,1192.3553072706318,6,0.0
584940,2798,30.118621,225,True,1043.9448561552686,5,0.0
585168,2799,33.646055,225,True,1137.8421975937072,6,0.0
585504,2800,34.409481,225,True,1151.579227026656,7,0.0
585768,2801,36.88893,225,True,1253.1572183125263,7,0.0
585840,2802,26.766679,225,True,942.6671430917843,2,1.0
586068,2803,34.672802,225,True,1145.3120907485168,8,0.2
586396,2804,11.230249,223,False,951.6099678888877,9,6.200000000000003
586668,2805,36.318177,225,True,1244.7270779095047,7,0.6000000000000001
586712,2806,11.032964,218,False,934.9185766448861,9,5.8000000000000025
586968,2807,33.184557,225,True,1098.5822651801664,10,1.0
587196,2808,1.655007,132,False,561.4002862826189,1,1.0
587296,2809,29.194241,225,True,986.1696561653334,4,0.0
587612,2810,31.59273,225,True,1071.7092102752272,5,0.2
587868,2811,29.554097,225,True,1018.1638721849736,4,0.0
588096,2812,28.840375,225,True,1012.0149951222936,2,0.4
588196,2813,35.81954,225,True,1152.7815989576602,11,0.6000000000000001
588512,2814,31.650616,225,True,1068.4246277831135,5,0.0
588768,2815,34.862046,225,True,1206.4818206958762,5,0.4
588996,2816,21.841275,225,True,777.6510015420388,1,1.4
589096,2817,30.345487,225,True,1102.6194763172857,2,0.0
589412,2818,36.75846,225,True,1270.3384097612275,6,0.6000000000000001
589668,2819,27.523753,225,True,982.5501019847552,5,2.6
589896,2820,30.372482,225,True,1038.099296851166,6,0.8
589996,2821,34.034748,225,True,1143.7899317824558,7,0.0
590016,2822,5.405907,151,False,653.8362796096944,3,0.2
590344,2823,1.179425,112,False,499.1769809012533,3,0.8
590428,2824,1.632095,103,False,514.8837966713663,6,2.4
590568,2825,35.67198,225,True,1221.279205579976,9,0.4
590896,2826,28.083159,225,True,960.9263408684164,5,1.0
591244,2827,34.38833,225,True,1188.3332075098892,6,0.0
591328,2828,38.777637,225,True,1247.1054959964567,15,2.1999999999999997
591468,2829,33.22973,225,True,1116.3891904701018,7,0.2
591796,2830,27.215826,225,True,948.6330341167309,3,0.2
592144,2831,34.053444,225,True,1163.7377690786584,5,0.0
592228,2832,32.851883,225,True,1129.2753234444167,5,0.0
592368,2833,21.171488,225,True,786.8595296821343,2,3.800000000000001
592696,2834,30.52301,225,True,1063.3204162856564,6,1.7999999999999998
593044,2835,38.087597,225,True,1269.103881946407,10,1.0
593128,2836,37.378339,225,True,1206.3335789854896,14,0.8
593268,2837,30.54864,225,True,1123.5456089826698,6,4.800000000000002
593596,2838,34.841438,225,True,1207.2575139071364,5,0.0
593944,2839,25.393075,225,True,842.92299301803,5,0.8
594028,2840,29.741339,225,True,1038.453560787338,2,0.0
594168,2841,33.076611,225,True,1136.6644373268928,5,0.0
594496,2842,26.141012,225,True,891.2404688562137,3,0.0
594844,2843,28.271823,225,True,995.6729013024003,1,0.0
594928,2844,25.201766,225,True,877.670631279284,1,0.2
595068,2845,36.815611,225,True,1184.624423345742,11,0.0
595396,2846,23.566419,225,True,826.6567520766594,1,0.8
595744,2847,33.549047,225,True,1128.3618827040805,6,0.0
595828,2848,28.372093,225,True,1004.4837031209556,4,1.4
595920,2849,1.84288,131,False,564.1152073886333,2,1.2
595968,2850,28.320378,225,True,988.8151009478818,6,2.4
596644,2851,25.228318,225,True,878.7327311230636,2,0.4
596728,2852,28.459854,225,True,950.3941608931216,7,1.0
596820,2853,35.02713,225,True,1193.0851974971038,6,0.2
596868,2854,35.208408,225,True,1225.9363391028228,4,0.0
597544,2855,38.022139,225,True,1281.6855575084455,8,0.0
597628,2856,33.812498,225,True,1105.2999268428584,10,0.8
597720,2857,39.010216,225,True,1320.4086289441466,8,0.0
597768,2858,35.233002,225,True,1219.7200722247394,6,1.0
598444,2859,33.250132,225,True,1169.2052802455205,3,0.0
598528,2860,38.307242,225,True,1309.089680121374,7,0.2
598620,2861,23.314301,225,True,808.5720564338897,2,0.6000000000000001
598668,2862,39.233141,225,True,1339.7256333958949,7,0.0
599344,2863,35.962678,225,True,1268.1071246467827,7,1.9999999999999998
599428,2864,27.623655,225,True,934.5462168864694,4,0.2
599520,2865,22.571805,225,True,799.6722189144446,0,0.2
599568,2866,37.554012,225,True,1288.5604793128769,6,0.0
599780,2867,0.754936,109,False,530.1974349923937,2,0.4
600328,2868,24.122949,225,True,844.1179538284889,2,1.0
600420,2869,21.048003,225,True,833.1201176912166,2,5.200000000000002
600468,2870,29.200772,225,True,1024.830888548597,2,0.0
600680,2871,28.884728,225,True,1003.3891021708371,5,1.4
601228,2872,32.727781,225,True,1124.3112342409922,5,0.6000000000000001
601320,2873,27.241703,225,True,1024.0681117481874,1,0.0
601368,2874,24.942601,225,True,837.7040264195914,3,0.0
601580,2875,30.43881,225,True,1041.5523950494023,4,0.0
601904,2876,-2.601539,81,False,405.53844246920335,0,0.0
602128,2877,27.505036,225,True,967.4014588612301,4,0.2
602220,2878,35.868352,225,True,1218.7340833664575,7,0.6000000000000001
602268,2879,25.067829,225,True,902.7131648602438,2,0.0
602804,2880,36.546617,225,True,1256.264672717994,6,0.0
602996,2881,9.779046,194,False,864.7618348556193,3,1.4
603028,2882,31.909748,225,True,1152.3899376528657,4,2.4
603168,2883,36.819726,225,True,1276.7890415467864,6,0.0
603704,2884,25.289109,225,True,920.3643551425835,3,2.4
603896,2885,29.736434,225,True,1060.6573509962454,1,0.0
603928,2886,40.608212,225,True,1345.9284620306285,10,0.0
604068,2887,26.681953,225,True,952.0781326449592,2,0.0
604480,2888,-3.228347,103,False,371.6661105374501,0,0.8
604604,2889,34.929899,225,True,1201.195942827036,5,0.0
604796,2890,35.351009,225,True,1165.2403628120037,10,0.0
604828,2891,28.999608,225,True,1039.9843270277274,0,0.0
605056,2892,2.028191,113,False,610.7276472872736,2,3.400000000000001
605380,2893,27.817392,225,True,1015.8956619547146,3,2.4
605696,2894,21.21304,225,True,749.321599263445,0,0.8
605728,2895,27.235441,225,True,933.4176543946489,8,2.1999999999999997
605956,2896,30.652586,225,True,1040.5034440888078,5,0.2
606280,2897,38.810803,225,True,1340.4321232316734,6,0.0
606596,2898,37.956133,225,True,1289.4453079953873,7,0.0
606628,2899,31.93929,225,True,1025.5715948721538,9,0.2
606856,2900,36.353142,225,True,1290.1256788024466,4,0.0
607180,2901,33.896387,225,True,1082.2554930406973,12,1.0
607496,2902,33.276805,225,True,1166.2722013965795,4,0.0
607528,2903,35.320863,225,True,1224.834526147928,5,0.0
607756,2904,27.947435,225,True,962.6974133717906,3,0.0
608080,2905,28.74554,225,True,954.6215897835402,6,0.8
608396,2906,36.332167,225,True,1183.6866951702277,11,1.0
608428,2907,37.312079,225,True,1294.8831627367026,6,0.2
608656,2908,33.251082,225,True,1164.443265455956,3,0.0
608980,2909,37.868295,225,True,1305.931817010468,9,1.5999999999999999
609296,2910,35.362242,225,True,1194.4896740086156,7,0.4
609328,2911,38.225691,225,True,1337.827652709655,6,0.6000000000000001
609556,2912,40.451085,225,True,1313.243418849699,12,0.2
609880,2913,37.313067,225,True,1245.3226956070125,8,0.0
610196,2914,33.467629,225,True,1113.905148552396,7,0.0
610228,2915,34.093207,225,True,1150.9282985414093,9,1.7999999999999998
610456,2916,33.116801,225,True,1095.872023807016,7,0.0
610780,2917,32.271266,225,True,1074.0506276753272,7,0.0
611096,2918,20.821926,225,True,733.6770333936406,0,0.6000000000000001
611128,2919,35.344406,225,True,1102.5762474736798,12,0.0
611356,2920,34.145852,225,True,1194.634086299508,4,0.0
611548,2921,17.429178,192,False,1116.3671105460448,4,0.0
611784,2922,4.033808,107,False,597.3523165778529,4,0.0
611996,2923,29.099399,225,True,1012.7759422552156,2,0.0
612028,2924,35.764884,225,True,1245.795341907918,6,0.0
612448,2925,22.148455,225,True,777.9382123881717,0,0.0
612684,2926,37.028525,225,True,1218.7410011801658,9,0.0
612896,2927,31.583743,225,True,1116.949705931193,2,0.2
612928,2928,29.562566,225,True,1000.1026362251289,4,0.0
613348,2929,33.591493,225,True,1088.4597336085258,10,0.4
613584,2930,36.301159,225,True,1206.44635266972,8,0.0
613796,2931,23.197428,225,True,838.2971221817058,1,1.4
613828,2932,30.520785,225,True,1038.4313879312758,4,0.0
614248,2933,37.144405,225,True,1270.576212027468,6,0.0
614336,2934,4.526749,127,False,614.6699699126132,4,0.4
614484,2935,39.827442,225,True,1332.297696104681,9,0.0
614668,2936,-5.779923,46,False,249.60308584981976,1,0.6000000000000001
614696,2937,26.152575,225,True,906.1029993712079,2,0.0
615148,2938,24.967682,225,True,847.5072911199236,3,0.4
615236,2939,33.385965,225,True,1177.038598592154,3,0.0
615568,2940,35.986652,225,True,1217.0660991072373,10,0.2
615596,2941,33.357161,225,True,1133.4864539405958,7,0.4
616048,2942,36.568492,225,True,1240.339663062895,8,1.0
616136,2943,31.303791,225,True,1100.9516237489406,6,1.2
616468,2944,37.482906,225,True,1320.9162326424926,7,0.0
616496,2945,34.389473,225,True,1166.7789351610732,10,2.6
616800,2946,3.802622,166,False,692.1048690874475,3,4.200000000000001
616948,2947,25.725057,225,True,927.4022672553817,1,1.4
617368,2948,19.663807,225,True,768.1522949191337,0,3.0000000000000004
617396,2949,24.2132,225,True,888.5279837318581,0,0.0
617700,2950,26.132824,225,True,943.7129658142567,0,0.0
617848,2951,38.630708,225,True,1338.0283399402497,6,0.0
618268,2952,32.193063,225,True,1152.5225210464632,2,0.6000000000000001
618296,2953,32.681677,225,True,1148.067075865556,4,0.0
618600,2954,25.725411,225,True,961.0164488078753,0,1.4
618748,2955,30.774522,225,True,1003.7808645282612,9,1.2
619168,2956,32.0372,225,True,1066.2879853144418,6,0.0
619196,2957,29.937667,225,True,1069.5066747652786,1,0.0
619500,2958,35.071553,225,True,1230.8621351578968,4,0.0
619648,2959,26.972531,225,True,1009.301230616973,4,0.0
620068,2960,30.016033,225,True,1028.6413006169703,7,2.4
620096,2961,28.038757,225,True,1008.7502875805594,0,0.0
620400,2962,35.423785,225,True,1246.5513805593187,7,2.1999999999999997
620432,2963,3.664237,196,False,828.9694793979579,3,10.399999999999995
620968,2964,30.890962,225,True,1059.6384701110828,6,0.4
620996,2965,35.378416,225,True,1219.936620416896,6,0.8
621300,2966,37.00137,225,True,1288.8547874481628,5,0.0
621332,2967,35.83436,225,True,1250.174386360427,4,0.0
621808,2968,7.701769,210,False,820.8707454733537,2,2.6
621896,2969,28.520474,225,True,1028.0189477774134,0,0.0
622048,2970,6.697544,179,False,771.10176233527,2,1.9999999999999998
622200,2971,27.260619,225,True,980.0247433524717,1,0.0
622496,2972,-0.576632,172,False,588.9347035891115,1,5.200000000000002
622796,2973,35.342595,225,True,1221.7037801195506,5,0.0
622948,2974,27.602363,225,True,981.6945013512186,1,0.0
623100,2975,24.675722,225,True,890.2288924876527,0,0.0
623396,2976,27.94378,225,True,988.9512145976651,1,0.0
623696,2977,32.222217,225,True,1064.088675805849,10,1.2
623848,2978,30.019645,225,True,1087.9858003990616,0,0.0
624000,2979,31.863241,225,True,1124.9296547478057,2,0.0
624296,2980,30.886221,225,True,1117.84882472874,3,0.0
624596,2981,35.520953,225,True,1197.6381340555886,7,0.0
624748,2982,37.493046,225,True,1284.5218421737954,7,0.6000000000000001
624900,2983,36.589537,225,True,1251.5814939173133,6,0.0
625072,2984,-6.700709,43,False,224.7716453680573,0,0.0
625196,2985,30.809081,225,True,1036.363235411345,6,0.8
625496,2986,26.887846,225,True,955.5138525089435,2,1.2
625648,2987,40.334131,225,True,1334.1652457475602,10,0.0
625972,2988,28.962031,225,True,1010.4812368750561,3,0.8
626096,2989,34.898087,225,True,1187.1234707297976,7,0.8
626396,2990,24.210913,225,True,920.4365333557721,5,6.000000000000003
626548,2991,24.556893,225,True,839.8757018320593,3,0.8
626696,2992,7.894096,181,False,822.1638274157285,8,6.400000000000003
626996,2993,28.82013,225,True,985.6052029441435,6,1.0
627296,2994,38.107596,225,True,1309.1038228785628,6,0.0
627448,2995,33.940104,225,True,1143.2041547189856,8,0.8
627596,2996,32.289159,225,True,1153.1663419958645,5,1.9999999999999998
627896,2997,37.61571,225,True,1307.0284125987673,7,0.8
628196,2998,38.430101,225,True,1282.8040556700385,9,0.0
628348,2999,27.895262,225,True,959.8104693493349,4,0.8
628496,3000,31.757583,225,True,1039.9033234706897,7,0.0
628564,3001,-1.300493,92,False,442.380284826701,1,0.0
628572,3002,6.762617,169,False,741.7046894022892,4,2.1999999999999997
629248,3003,24.630573,225,True,879.6229278192122,0,0.0
629396,3004,34.871771,225,True,1227.6708427413473,3,0.0
629464,3005,36.405202,225,True,1222.608095970741,8,0.2
629472,3006,35.874406,225,True,1211.7762306622835,8,1.0
630148,3007,38.962843,225,True,1304.113707037743,12,2.1999999999999997
630296,3008,26.340253,225,True,894.4101194088992,4,1.0
630364,3009,37.361297,225,True,1328.0518805635215,3,0.0
630372,3010,36.962135,225,True,1276.0854060628426,6,0.0
631048,3011,36.519801,225,True,1235.9920402362418,8,0.8
631196,3012,27.805093,225,True,957.0037052115028,5,1.7999999999999998
631264,3013,36.112919,225,True,1266.9167567243212,5,0.0
631272,3014,33.038539,225,True,1135.9415410022134,6,1.2
631948,3015,26.957467,225,True,938.2986928616999,5,1.2
632096,3016,29.01918,225,True,1007.9671843133403,5,1.4
632164,3017,26.369009,225,True,953.16035914752,0,0.0
632172,3018,22.834364,225,True,777.3745613081321,1,0.0
632444,3019,-2.47418,70,False,378.6327848462979,1,0.0
632652,3020,-4.564875,52,False,293.4049940111788,2,0.4
632848,3021,28.894767,225,True,993.3906923896739,7,1.7999999999999998
632996,3022,38.372392,225,True,1262.8956850368086,10,0.0
633072,3023,27.964039,225,True,948.1615407781455,5,0.4
633552,3024,26.650333,225,True,930.8133262820959,1,0.0
633648,3025,-9.261795,24,False,116.72821087072384,0,0.0
633748,3026,30.763673,225,True,1072.146913325957,4,1.0
633896,3027,38.028468,225,True,1329.1387336381122,6,0.0
633972,3028,39.857748,225,True,1270.309920641982,14,0.2
634548,3029,37.526862,225,True,1310.6744779478786,6,0.0
634648,3030,22.964137,225,True,782.5654957696261,1,0.0
634796,3031,38.283728,225,True,1338.549107638868,5,0.0
634872,3032,18.66384,225,True,721.753618498501,1,4.600000000000001
635448,3033,26.502592,225,True,944.9036986887959,1,0.8
635548,3034,38.737114,225,True,1308.684559361644,8,0.0
635696,3035,31.774293,225,True,1132.5717328610276,7,2.8000000000000003
635772,3036,26.221572,225,True,897.6628671617657,2,0.0
636348,3037,36.832626,225,True,1243.7050433510876,7,0.0
636448,3038,38.454644,225,True,1292.5857756071096,8,0.0
636596,3039,30.489926,225,True,1027.5970376756995,5,0.0
636672,3040,26.004282,225,True,923.3712703887218,4,1.7999999999999998
637248,3041,36.284716,225,True,1260.988620320331,7,0.4
637348,3042,34.212918,225,True,1202.9167160613151,3,0.0
637496,3043,37.323302,225,True,1148.9320832623293,16,1.0
637572,3044,26.843654,225,True,937.7461662868138,1,0.0
638148,3045,37.32259,225,True,1247.3036025465558,8,0.0
638248,3046,33.854097,225,True,1133.3638920282506,8,0.8
638396,3047,35.285621,225,True,1226.6248515171465,6,0.0
638472,3048,35.315024,225,True,1243.8009630415313,6,1.5999999999999999
639048,3049,36.075538,225,True,1250.2215379337563,7,1.2
639148,3050,37.479387,225,True,1234.3754865286428,11,1.0
639296,3051,36.302178,225,True,1237.687122339722,8,0.8
639372,3052,24.912676,225,True,860.5070433648577,1,0.0
639948,3053,36.061222,225,True,1194.4488756304136,10,1.0
640048,3054,36.032645,225,True,1291.7058085065341,2,0.0
640196,3055,38.94877,225,True,1327.550794640908,8,0.6000000000000001
640272,3056,38.56295,225,True,1328.9179908540195,6,0.0
640848,3057,31.491005,225,True,1082.8401928514422,4,0.2
640948,3058,37.374524,225,True,1287.78096758221,6,0.0
641020,3059,14.661897,187,False,1039.2758748227423,3,0.0
641072,3060,17.803946,219,False,1067.3578548257092,8,0.0
641748,3061,37.695823,225,True,1235.8329060416272,13,0.0
641848,3062,31.011737,225,True,1153.2694878978295,3,3.2000000000000006
641920,3063,35.462207,225,True,1242.4882604499353,4,0.0
641972,3064,33.289823,225,True,1171.5929188007485,6,1.2
642648,3065,33.02044,225,True,1134.41760735674,5,0.2
642748,3066,35.268583,225,True,1224.343310614197,5,0.0
642820,3067,26.873365,225,True,1005.3345863401948,8,6.600000000000003
642872,3068,30.135164,225,True,1075.0065674157659,3,0.0
643080,3069,-2.73361,65,False,367.45558490853205,1,0.0
643548,3070,36.753689,225,True,1241.3475745230744,8,0.0
643648,3071,6.384951,142,False,680.1980295270298,4,0.0
643648,3072,22.950114,225,True,798.004571794916,0,0.0
643772,3073,29.556689,225,True,1061.4675523564483,2,0.0
644448,3074,38.503124,225,True,1326.5249462304928,6,0.0
644548,3075,23.947031,225,True,853.081231026272,3,0.4
644548,3076,28.220061,225,True,1000.8024549130901,2,0.0
644672,3077,37.344311,225,True,1294.572455900514,5,0.0
645348,3078,27.952786,225,True,962.1114358161944,3,0.4
645448,3079,29.064027,225,True,1024.9610762344655,6,1.9999999999999998
645448,3080,36.264681,225,True,1207.3872408677853,10,0.0
645572,3081,23.865681,225,True,820.2272444254363,1,0.0
645908,3082,8.120477,140,False,795.2190631239075,6,0.2
646348,3083,24.92093,225,True,877.6371965452399,0,0.0
646348,3084,40.003199,225,True,1338.5279746914525,9,0.0
646472,3085,29.83743,225,True,1071.8971928378414,2,0.0
646808,3086,33.472814,225,True,1123.7125698002305,7,0.6000000000000001
647248,3087,20.58524,225,True,754.6095899338354,1,2.8000000000000003
647248,3088,38.488664,225,True,1293.146569979976,8,0.0
647372,3089,24.260523,225,True,895.2209168378972,3,2.8000000000000003
647708,3090,37.910831,225,True,1294.8332211698366,7,0.0
648148,3091,36.398421,225,True,1189.536843622349,10,0.0
648148,3092,19.783893,225,True,691.3557340556438,0,0.8
648272,3093,25.346381,225,True,901.0552225766876,0,0.0
648608,3094,26.540309,225,True,910.4123620330836,4,0.6000000000000001
649048,3095,28.161882,225,True,1015.2752925382515,1,0.0
649048,3096,27.216514,225,True,937.4605631914087,2,0.0
649172,3097,32.752524,225,True,1090.9009585321746,7,0.2
649508,3098,35.891833,225,True,1165.2733202292334,11,0.0
649948,3099,31.748555,225,True,1093.9421855297646,6,1.5999999999999999
649948,3100,25.210791,225,True,858.8316211100162,3,0.0
650072,3101,38.340477,225,True,1309.619086127811,7,0.0
650404,3102,5.332081,114,False,647.683256469667,3,0.0
650408,3103,23.276833,225,True,800.6733390323507,2,0.6000000000000001
650848,3104,28.426384,225,True,1001.8553433733155,1,0.0
650972,3105,25.981619,225,True,931.264740268002,0,0.0
651304,3106,33.783589,225,True,1107.3435718896044,9,0.0
651308,3107,28.227199,225,True,1049.08794958233,3,2.4
651748,3108,24.759948,225,True,870.3979175626698,0,0.0
651872,3109,38.329706,225,True,1255.5882309410913,10,0.0
652204,3110,24.425778,225,True,896.2311136533863,3,3.600000000000001
652208,3111,25.801691,225,True,884.067658829973,5,1.4
652648,3112,34.495174,225,True,1181.40697634442,11,3.2000000000000006
652772,3113,39.04863,225,True,1283.5452073013043,10,0.0
653104,3114,29.981716,225,True,1110.4686331587332,1,0.0
653108,3115,35.728654,225,True,1205.9461722398937,7,0.0
653548,3116,33.850164,225,True,1144.4065612257837,9,0.0
653640,3117,8.849715,134,False,772.3885868483455,4,0.0
653672,3118,38.808684,225,True,1321.9473692381011,7,0.0
654008,3119,25.678247,225,True,907.1298641525091,0,0.0
654448,3120,32.094879,225,True,1086.1951596323715,7,0.6000000000000001
654540,3121,32.182605,225,True,1087.3042156608549,9,1.7999999999999998
654572,3122,29.385769,225,True,1010.6307717966326,3,0.0
654908,3123,35.131261,225,True,1111.6504305662697,11,0.0
655348,3124,35.586116,225,True,1253.0446311156165,4,0.0
655440,3125,27.617891,225,True,952.715645931821,2,0.0
655472,3126,28.550672,225,True,1022.0268970205918,0,0.0
655808,3127,36.676387,225,True,1275.055460167348,6,0.0
656248,3128,34.704269,225,True,1188.1707464398064,6,0.0
656340,3129,34.251395,225,True,1169.2557999021265,7,0.0
656372,3130,32.3389,225,True,1148.7559929795648,4,0.6000000000000001
656708,3131,33.650832,225,True,1163.6332621040879,4,0.0
657148,3132,34.144385,225,True,1230.5754022368696,5,1.7999999999999998
657240,3133,31.044461,225,True,1075.37842213049,3,0.0
657272,3134,35.021058,225,True,1235.2423051131072,3,0.0
657608,3135,26.260947,225,True,940.8378981964374,5,1.7999999999999998
658048,3136,38.311606,225,True,1292.4642497189438,8,0.0
658140,3137,34.363771,225,True,1164.9508375336663,8,1.0
658172,3138,24.111076,225,True,849.2430345437699,2,0.0
658508,3139,27.720293,225,True,1067.2117256410538,1,1.2
658948,3140,34.144196,225,True,1173.767856790419,7,0.4
659040,3141,34.915744,225,True,1215.8297752544095,4,0.0
659072,3142,29.249994,225,True,1027.599776407594,3,0.0
659408,3143,30.558018,225,True,1071.1207167702423,2,0.0
659508,3144,4.890048,117,False,653.2019105584977,4,0.0
659628,3145,11.613611,170,False,883.7444312524835,7,1.5999999999999999
659972,3146,22.976901,225,True,790.2760327241831,1,0.0
660308,3147,38.088076,225,True,1278.723024196163,9,0.0
660408,3148,25.228062,225,True,879.5224729209174,1,0.2
660528,3149,32.798274,225,True,1107.1309489959767,6,0.4
660872,3150,30.34852,225,True,1053.9408119896484,3,0.2
661208,3151,21.046427,225,False,1264.257095835318,8,2.1999999999999997
661308,3152,27.861247,225,True,979.249883863903,1,0.0
661428,3153,27.601751,225,True,952.870022595095,5,1.2
661772,3154,37.155817,225,True,1218.2326918435406,12,1.2
662108,3155,36.721258,225,True,1272.0503087525572,6,0.0
662208,3156,27.809872,225,True,995.5948700006766,1,0.0
662328,3157,27.235731,225,True,939.0292330999716,2,0.0
662672,3158,32.311073,225,True,1093.2429095758175,12,2.4
663008,3159,23.430914,225,True,831.6365483413779,3,2.6
663108,3160,28.280945,225,True,929.6377826180506,6,0.6000000000000001
663228,3161,39.195266,225,True,1307.0106348549498,10,0.0
663572,3162,38.784406,225,True,1304.176236137825,8,0.0
663908,3163,31.998238,225,True,1124.729535793499,3,0.4
664008,3164,22.72559,225,True,766.623604838858,2,0.4
664128,3165,34.194685,225,True,1190.9874072120083,4,0.0
664472,3166,31.101948,225,True,1045.6779104159928,5,0.0
664656,3167,9.968466,187,False,872.3386204509857,4,2.4
664908,3168,25.141806,225,True,837.6722336411424,3,0.0
665028,3169,27.432204,225,True,954.8881622531812,3,1.0
665372,3170,36.281005,225,True,1160.8401801093646,12,0.8
665556,3171,33.659197,225,True,1175.167865672911,5,0.4
665808,3172,32.188038,225,True,1096.3215342378776,6,1.0
665920,3173,8.342955,137,False,772.1182190385518,3,0.2
665928,3174,29.787437,225,True,1037.097478661031,3,0.0
666456,3175,29.430268,225,True,1037.2107128239966,5,2.4
666648,3176,10.997934,180,False,934.3173709636228,2,1.7999999999999998
666708,3177,31.715459,225,True,1188.6183471903191,6,5.200000000000002
666820,3178,22.117995,225,True,821.5197900054641,1,3.0000000000000004
667356,3179,34.523303,225,True,1220.9321206579639,3,0.0
667548,3180,34.592164,225,True,1235.6865446768165,4,0.0
667608,3181,36.717046,225,True,1195.8818424518531,10,0.2
667720,3182,32.328997,225,True,1143.559878811162,3,0.6000000000000001
667868,3183,-7.315817,37,False,213.7673346522738,0,1.0
668256,3184,35.405332,225,True,1261.813283199484,8,3.800000000000001
668436,3185,21.027936,222,False,1257.1174381979777,9,1.7999999999999998
668508,3186,25.335646,225,True,924.6258592076301,1,1.2
668768,3187,26.841551,225,True,903.262031969731,5,0.4
669156,3188,24.727008,225,True,919.4803084228886,1,0.6000000000000001
669336,3189,25.044994,225,True,894.5997436457653,3,1.9999999999999998
669408,3190,33.198998,225,True,1173.5599026441591,3,0.0
669668,3191,28.818999,225,True,1011.9599727493892,5,1.4
670056,3192,30.057041,225,True,1052.6816502325419,2,0.0
670236,3193,39.351757,225,True,1314.0702982722155,9,0.0
670308,3194,21.92657,225,True,793.0627964674547,2,1.7999999999999998
670568,3195,32.768452,225,True,1125.1380900545814,6,1.2
670956,3196,38.908839,225,True,1332.3535508411042,7,0.0
671136,3197,38.159005,225,True,1307.1601920028888,7,0.0
671208,3198,39.302117,225,True,1310.4846998808944,11,0.8
671468,3199,38.481739,225,True,1336.0695622612066,7,0.4
671856,3200,23.814177,225,True,801.3670929316738,2,0.0
672036,3201,39.023195,225,True,1331.3277977587168,7,0.0
672108,3202,28.613863,225,True,952.5545083998318,6,0.2
672368,3203,31.900933,225,True,1081.6373165904538,6,0.8
672756,3204,30.469614,225,True,1077.1845742029209,3,0.0
672936,3205,32.344236,225,True,1141.76943742005,4,0.0
673008,3206,29.178203,225,True,1065.5281047927979,0,0.0
673268,3207,39.003618,225,True,1328.9447208326828,7,0.0
673656,3208,33.160748,225,True,1127.2299015752064,6,0.4
673836,3209,21.8078,225,True,814.7119831610182,0,1.7999999999999998
673908,3210,39.763209,225,True,1328.9283477450053,9,0.0
674168,3211,36.22927,225,True,1233.9708056024033,10,1.4
674216,3212,-5.718259,77,False,291.2696485703891,0,0.4
674556,3213,27.307549,225,True,981.9019489263826,0,0.4
674584,3214,-0.05848,104,False,477.6607815786647,2,0.0
674736,3215,28.975472,225,True,983.8188643535366,7,0.8
675020,3216,2.55917,109,False,615.9667803633004,3,1.2
675116,3217,28.437183,225,True,963.0873360555915,7,1.5999999999999999
675456,3218,39.200713,225,True,1301.6285130697606,10,0.0
675636,3219,25.584195,225,True,956.9677889475204,0,0.0
675920,3220,34.350065,225,True,1182.0025832393035,5,0.0
676016,3221,38.994386,225,True,1330.1754479977794,7,0.0
676208,3222,16.216888,188,False,1050.2755240772449,9,0.2
676528,3223,2.838942,128,False,596.757679103473,4,2.8000000000000003
676536,3224,28.993872,225,True,928.5548826319957,7,0.0
676820,3225,30.973084,225,True,1056.523359224459,4,0.0
677108,3226,30.199296,225,True,1025.571844080761,4,0.0
677428,3227,34.121834,225,True,1189.6733673291578,5,0.0
677436,3228,26.478704,225,True,907.1481424339042,2,0.0
677720,3229,36.657725,225,True,1210.3089869188802,9,0.0
678008,3230,25.27587,225,True,882.234814811239,2,0.2
678188,3231,12.193457,188,False,961.3382664918763,2,0.0
678328,3232,32.040286,225,True,1136.8114349524917,6,2.6
678620,3233,27.49213,225,True,963.6851934416181,6,3.0000000000000004
678908,3234,27.33429,225,True,935.7716095088633,3,0.4
679088,3235,22.761245,225,True,791.2497883280739,0,0.0
679228,3236,33.216723,225,True,1110.2689221062406,7,0.0
679520,3237,28.285799,225,True,938.6319483156042,5,0.0
679800,3238,9.912969,223,False,894.1187788317138,0,0.2
679988,3239,24.442983,225,True,950.5193278790127,2,5.200000000000002
680128,3240,37.033642,225,True,1223.745668173634,9,0.0
680420,3241,34.971429,225,True,1200.457152416961,5,0.0
680700,3242,30.735901,225,True,1031.8360288861904,5,0.0
680840,3243,1.813901,105,False,598.1560369303961,2,0.8
680888,3244,32.414914,225,True,1061.3965741688571,8,0.0
681028,3245,25.192644,225,True,878.1057580295578,1,0.0
681600,3246,36.683676,225,True,1284.1470461310169,4,0.0
681740,3247,34.363626,225,True,1178.545020783807,8,0.0
681788,3248,27.897947,225,True,1016.7178936044102,2,0.0
681928,3249,23.695014,225,True,796.6005517364383,2,0.0
682500,3250,27.786237,225,True,1009.8494618192183,0,0.0
682640,3251,27.451607,225,True,950.8642875071696,3,0.8
682688,3252,24.148891,225,True,860.35565388788,1,0.0
682828,3253,20.083359,225,True,683.3343402902779,0,0.0
683108,3254,-5.857456,70,False,266.5017643864476,0,0.6000000000000001
683120,3255,11.642047,155,False,884.0818867569587,4,0.0
683540,3256,23.823332,225,True,833.733293174444,0,0.0
683588,3257,29.528873,225,True,1014.7549335784611,3,0.0
683736,3258,8.298114,154,False,766.324542896486,3,0.0
684008,3259,28.165789,225,True,994.6315762014176,2,0.0
684440,3260,23.066928,225,True,803.477101644778,0,0.0
684488,3261,21.02366,225,True,732.9464107405886,0,0.0
684636,3262,21.528326,225,True,759.5330431120265,0,0.0
684736,3263,10.603862,182,False,897.7544837445889,3,1.4
685340,3264,34.39342,225,True,1182.9367896607796,5,0.0
685388,3265,35.724272,225,True,1231.37088725362,8,0.8
685536,3266,24.599835,225,True,863.9933996693753,0,0.0
685636,3267,29.805307,225,True,1047.4122789545345,2,0.0
686240,3268,30.28498,225,True,1002.599187226896,6,0.0
686288,3269,31.855768,225,True,1023.0307023407827,9,0.0
686436,3270,35.561724,225,True,1223.2689434742883,6,0.6000000000000001
686536,3271,32.286592,225,True,1117.863678632758,6,1.2
687140,3272,30.95278,225,True,1078.9112095632404,6,1.7999999999999998
687188,3273,36.443061,225,True,1194.5224303189443,10,0.4
687336,3274,34.942138,225,True,1194.4855300718737,6,0.4
687436,3275,25.506216,225,True,940.2486314085761,4,4.000000000000001
688040,3276,28.525919,225,True,981.8367691038923,4,0.0
688088,3277,34.669111,225,True,1183.5644290312216,6,0.0
688236,3278,26.552433,225,True,972.497327126287,2,1.7999999999999998
688336,3279,36.612364,225,True,1224.4945668072405,8,0.0
688444,3280,-8.362152,27,False,146.3139004898112,0,0.0
688940,3281,31.090515,225,True,1020.4205909839968,8,0.0
688988,3282,29.061233,225,True,1024.849304867558,11,6.200000000000003
689136,3283,29.920684,225,True,1078.4273679828657,0,0.0
689344,3284,28.879364,225,True,1020.7745777673465,1,0.0
689840,3285,27.45898,225,True,927.9591842281311,4,0.0
689888,3286,30.016835,225,True,1055.073381307709,2,0.0
690036,3287,37.830416,225,True,1271.6166521336168,8,0.0
690244,3288,33.088787,225,True,1173.1514878157736,2,0.0
690676,3289,7.637464,209,False,865.4985458836582,1,2.8000000000000003
690788,3290,38.878761,225,True,1341.5504241699432,6,0.0
690936,3291,28.140027,225,True,909.6010708779047,6,0.0
691144,3292,28.566388,225,True,932.2555160706297,7,0.6000000000000001
691576,3293,27.56553,225,True,934.6211981250738,3,0.0
691688,3294,30.62241,225,True,1025.6963836253776,5,0.0
691836,3295,24.3008,225,True,852.8320170352988,1,0.4
692044,3296,28.387734,225,True,990.7093719077609,2,0.0
692476,3297,26.526627,225,True,909.8650643308292,2,0.0
692504,3298,14.040103,167,False,985.6041352290633,4,0.0
692588,3299,28.699226,225,True,996.7690373155881,3,0.4
692944,3300,22.636867,225,True,779.8746785016599,1,0.4
693376,3301,36.19747,225,True,1265.4988156579184,4,0.0
693404,3302,30.686253,225,True,1057.0501082474489,4,0.0
693488,3303,30.034737,225,True,1065.3894780685505,1,0.0
693844,3304,31.187683,225,True,1065.107321430391,4,0.0
694276,3305,25.258433,225,True,858.3373144413117,2,0.0
694304,3306,24.962087,225,True,837.6834855682671,3,0.0
694388,3307,34.63552,225,True,1151.0208087658798,8,0.2
694744,3308,24.134341,225,True,845.3736595540315,0,0.0
695176,3309,38.593174,225,True,1330.1269526488663,6,0.0
695204,3310,34.42753,225,True,1194.701199736698,4,0.0
695288,3311,29.112635,225,True,997.3053942184135,3,0.0
695644,3312,33.060501,225,True,1174.4200383848665,3,0.0
696076,3313,24.986248,225,True,848.249901492682,2,0.0
696104,3314,27.085797,225,True,932.2318600049243,2,0.0
696188,3315,23.316763,225,True,797.4705302302514,1,0.0
696544,3316,27.490345,225,True,970.0138110553387,4,1.2
696976,3317,38.177004,225,True,1299.0801728482757,7,0.0
697004,3318,32.23,225,True,1057.2000000037997,7,0.0
697088,3319,32.760056,225,True,1148.0022311266039,5,0.0
697444,3320,32.224084,225,True,1081.763343210117,7,0.0
697876,3321,31.383861,225,True,1072.1544406991952,4,0.0
697904,3322,25.164279,225,True,887.3711460220584,0,0.0
697988,3323,25.129148,225,True,871.5659255479379,1,0.0
698344,3324,27.570143,225,True,969.2057399412288,2,0.0
698776,3325,32.823776,225,True,1152.1510529359166,3,0.0
698804,3326,34.257626,225,True,1176.7050456605093,5,0.2
698888,3327,29.016181,225,True,945.4472451646761,6,0.0
699056,3328,6.123317,178,False,808.9326724078489,6,3.2000000000000006
699676,3329,31.487269,225,True,1138.6907681916955,3,0.0
699704,3330,39.353283,225,True,1344.5313385221339,7,0.0
699788,3331,21.493297,225,True,847.7318772557217,3,3.800000000000001
699956,3332,24.679163,225,True,848.7665200307597,2,0.0
700176,3333,5.60854,125,False,677.1415942021542,3,0.0
700604,3334,37.502922,225,True,1259.3168884412976,8,0.2
700688,3335,20.629445,225,True,723.5778032431326,0,0.0
700856,3336,30.0411,225,True,1026.4440084622663,4,0.0
701076,3337,40.662854,225,True,1316.914150461956,12,0.0
701504,3338,35.038354,225,True,1326.3341573508092,7,2.1999999999999997
701588,3339,37.612885,225,True,1295.7154003121254,6,0.0
701756,3340,21.382244,225,True,736.0897761253275,0,0.0
701976,3341,36.508511,225,True,1261.9404519132245,5,0.0
702404,3342,26.90539,225,True,924.2155838248113,3,0.6000000000000001
702488,3343,36.944626,225,True,1194.5850574663323,11,0.2
702656,3344,37.493994,225,True,1287.759750605614,7,0.0
702876,3345,35.716673,225,True,1236.6669000558722,5,0.0
703304,3346,25.801534,225,True,893.6613407838497,3,0.0
703388,3347,25.218921,225,True,856.7568504603935,2,0.0
703556,3348,39.061577,225,True,1259.2630741437733,12,0.0
703572,3349,-5.655567,46,False,260.97733682486046,1,0.2
703776,3350,32.074374,225,True,1067.7749757235197,6,0.0
704204,3351,33.851323,225,True,1175.6529214732218,7,0.2
704456,3352,30.614697,225,True,1015.7878638806037,6,0.0
704472,3353,23.758421,225,True,830.3368278463863,1,0.4
704676,3354,37.91622,225,True,1287.84878936407,7,0.0
705104,3355,33.015671,225,True,1151.826825826899,6,0.0
705356,3356,37.859433,225,True,1297.5773289187146,8,0.4
705372,3357,32.250649,225,True,1096.4259692226033,5,0.0
705576,3358,30.134417,225,True,1017.3766743386655,5,0.4
706004,3359,36.801141,225,True,1255.2456323538763,7,0.0
706256,3360,35.007511,225,True,1191.500459357269,6,0.0
706272,3361,32.075115,225,True,1076.6045905994615,6,0.0
706476,3362,26.676867,225,True,955.8746837183362,1,0.0
706652,3363,11.305425,162,False,822.6170140230836,7,0.0
707156,3364,35.555187,225,True,1237.4074735344639,5,0.0
707172,3365,33.592786,225,True,1174.9114291446585,5,0.0
707376,3366,28.951043,225,True,988.441729530658,8,1.7999999999999998
707552,3367,31.436895,225,True,1089.4758090394507,3,0.0
708056,3368,30.053603,225,True,989.34411728325,7,0.0
708072,3369,32.125071,225,True,1049.0028384701777,11,1.2
708276,3370,31.684287,225,True,1100.1714779156764,3,0.0
708452,3371,31.390048,225,True,1079.6019177798912,4,0.0
708956,3372,29.474574,225,True,1018.1829795923816,5,0.6000000000000001
708972,3373,32.84872,225,True,1125.948809893256,10,1.5999999999999999
709176,3374,39.36906,225,True,1329.9623864170053,9,0.0
709352,3375,33.848777,225,True,1140.351075935675,8,0.2
709856,3376,35.924224,225,True,1205.7689549898305,7,0.0
709872,3377,22.418853,225,True,783.954123792478,0,0.0
710076,3378,25.900097,225,True,928.0038848175941,0,0.0
710252,3379,37.817258,225,True,1202.290337189736,12,0.0
710756,3380,33.438689,225,True,1090.3475640593983,10,0.6000000000000001
710772,3381,25.232573,225,True,908.502924174501,3,0.4
710976,3382,29.068457,225,True,984.3382650668843,6,0.0
711068,3383,9.08352,204,False,812.1407874345539,2,0.0
711656,3384,30.177075,225,True,1023.0829801151517,4,0.0
711672,3385,27.729489,225,True,925.979543693591,5,0.4
711876,3386,23.440155,225,True,801.6062186457191,1,0.0
711968,3387,31.315087,225,True,1078.2034720911465,5,0.0
712556,3388,31.017067,225,True,1048.6826739177427,5,0.0
712572,3389,30.513424,225,True,1060.536956100565,3,0.0
712776,3390,37.882727,225,True,1333.709063346921,4,0.0
712868,3391,36.125763,225,True,1238.6305337237618,6,0.0
713160,3392,1.92352,96,False,522.5408177630734,4,0.8
713456,3393,37.934406,225,True,1286.1762474763914,7,0.0
713472,3394,25.738162,225,True,916.7264942379006,0,0.0
713768,3395,24.276145,225,True,835.0458023432709,1,0.0
714056,3396,0.283939,150,False,514.5575531848729,0,0.4
714060,3397,36.670771,225,True,1225.2308466422483,8,0.0
714372,3398,36.993668,225,True,1225.3467147683814,9,0.0
714668,3399,28.855669,225,True,997.4267743667999,5,0.0
714956,3400,39.056658,225,True,1338.2663374924127,7,0.0
714960,3401,28.202736,225,True,1079.309431490603,0,0.0
715272,3402,21.097723,225,True,742.3089026474318,0,0.0
715568,3403,35.033515,225,True,1202.9406114129342,5,0.0
715856,3404,36.556642,225,True,1271.8656915262509,7,0.0
715860,3405,37.851963,225,True,1253.2785376464144,9,0.0
716172,3406,31.327613,225,True,1117.104521314242,1,0.0
716468,3407,24.731033,225,True,906.8413129663429,2,0.2
716756,3408,32.229903,225,True,1092.396128203803,6,0.2
716760,3409,22.639436,225,True,783.177435632555,1,0.0
717072,3410,33.811706,225,True,1163.6682572337522,7,0.0
717368,3411,31.095586,225,True,1077.4234552700314,3,0.0
717656,3412,34.106217,225,True,1199.4486954124109,4,0.0
717660,3413,29.706281,225,True,1008.2512298770012,7,0.2
717972,3414,30.032446,225,True,1047.6978450450474,6,0.6000000000000001
718268,3415,36.909584,225,True,1257.983359498392,7,0.0
718556,3416,38.445565,225,True,1308.222588442362,7,0.0
718560,3417,38.828287,225,True,1295.5314973104723,9,0.0
718872,3418,34.489596,225,True,1221.9838453155758,4,0.8
719168,3419,27.649701,225,True,954.7880310753567,2,0.0
719456,3420,28.06851,225,True,957.9404151824067,6,0.0
719460,3421,40.458811,225,True,1339.9524477995778,10,0.0
719772,3422,38.07728,225,True,1341.4911944396608,5,0.6000000000000001
720068,3423,36.797525,225,True,1229.50099247561,11,0.0
720356,3424,37.948806,225,True,1319.5522219736695,5,0.0
720360,3425,36.016866,225,True,1235.0746256792763,7,0.0
720672,3426,37.600838,225,True,1290.4335329760434,9,0.0
720968,3427,39.612239,225,True,1340.489540556407,8,0.0
721060,3428,15.165662,176,False,1006.6264718118582,6,0.0
721260,3429,33.783015,225,True,1158.5205899545676,5,0.0
721572,3430,27.5852,225,True,953.8080056529409,5,0.6000000000000001
721868,3431,34.189919,225,True,1153.1967646596959,6,0.0
721960,3432,25.066646,225,True,868.2658570690526,1,0.0
722160,3433,38.400818,225,True,1328.0327086210627,6,0.0
722472,3434,32.237027,225,True,1114.2810810188248,4,0.0
722548,3435,-0.490939,97,False,552.3624234413151,2,2.1999999999999997
722768,3436,29.106182,225,True,1000.2472942225627,4,0.0
722860,3437,34.659628,225,True,1172.785112662908,6,0.0
723372,3438,28.308908,225,True,1018.7563103698105,1,0.6000000000000001
723448,3439,31.390169,225,True,1123.6067659223877,2,0.0
723668,3440,35.187431,225,True,1242.6972247034287,7,1.7999999999999998
723760,3441,36.215971,225,True,1186.2388511317317,9,0.0
724272,3442,32.968065,225,True,1125.9225822549324,9,0.0
724312,3443,4.048616,138,False,641.9446376928286,4,1.5999999999999999
724348,3444,32.64042,225,True,1082.4168092764226,8,0.2
724568,3445,35.711848,225,True,1199.6739393715848,9,0.4
725172,3446,36.747548,225,True,1241.1019081004424,7,0.0
725212,3447,24.869535,225,True,889.1813979593717,0,0.6000000000000001
725248,3448,27.683999,225,True,968.1599518974506,5,1.0
725468,3449,37.163164,225,True,1264.1265434781862,8,0.0
726072,3450,25.528476,225,True,860.3390549126768,3,0.0
726112,3451,26.567527,225,True,952.3010908934916,3,0.0
726148,3452,22.678329,225,True,809.5331752501402,2,0.0
726368,3453,36.505866,225,True,1205.834655120434,10,0.2
726972,3454,37.293802,225,True,1198.9520951577779,14,0.8
727012,3455,24.897446,225,True,879.8978351762435,1,0.0
727048,3456,36.144337,225,True,1246.5734692573997,5,0.0
727268,3457,35.63031,225,True,1167.6124064024698,10,0.8
727872,3458,33.125795,225,True,1171.4317823599763,4,0.0
727912,3459,33.021684,225,True,1164.0673734949332,4,0.0
727948,3460,33.758454,225,True,1154.3381783730488,6,0.0
728168,3461,35.864405,225,True,1155.376192750367,10,0.0
728772,3462,39.672307,225,True,1325.292264177423,9,0.0
728812,3463,29.74201,225,True,1040.0804142734735,4,0.4
728848,3464,25.614106,225,True,879.7642268605198,2,0.0
729068,3465,22.588462,225,True,825.138499058826,0,0.0
729460,3466,-0.974329,98,False,473.0268249061537,2,1.4
729652,3467,18.742906,210,False,1172.1162221729255,7,0.0
729672,3468,38.58554,225,True,1298.6215837090203,9,0.0
729748,3469,27.98,225,True,976.800000314232,2,0.4
730336,3470,17.866887,219,False,1076.275461694791,10,0.2
730552,3471,27.293779,225,True,930.9511569771339,4,0.2
730572,3472,26.916812,225,True,928.6724848598731,5,1.4
730648,3473,35.218699,225,True,1152.747951576137,9,0.0
731236,3474,26.470934,225,True,911.6373527213382,3,0.8
731452,3475,30.149556,225,True,998.7822280115934,7,0.2
731472,3476,37.993179,225,True,1306.1271709927082,6,0.0
731548,3477,35.571754,225,True,1236.4701418781146,5,0.0
732136,3478,30.864409,225,True,1076.9763501307434,4,0.2
732352,3479,34.48223,225,True,1157.689184306942,8,0.0
732372,3480,34.532697,225,True,1194.9078752288915,6,0.6000000000000001
732448,3481,28.820709,225,True,998.4283601466784,5,1.5999999999999999
732608,3482,-3.777595,59,False,330.4961859678367,0,0.0
733036,3483,26.040331,225,True,891.2132591304148,3,0.0
733132,3484,8.620999,171,False,801.6399480435666,2,0.0
733252,3485,29.081718,225,True,1044.0687168523255,0,0.0
733508,3486,25.499513,225,True,915.1805066415066,2,0.0
733728,3487,4.101497,119,False,602.4598700476795,3,0.2
733936,3488,36.023441,225,True,1184.9376386959916,10,0.0
734032,3489,26.358446,225,True,929.5378510725495,5,1.7999999999999998
734408,3490,35.18981,225,True,1184.3923985914248,8,0.4
734628,3491,33.867795,225,True,1128.311815977157,10,0.6000000000000001
734836,3492,27.082115,225,True,922.4846011550032,3,0.0
734932,3493,40.057228,225,True,1314.289100833264,11,0.2
735308,3494,29.521541,225,True,966.4616398425201,6,0.0
735528,3495,30.416463,225,True,1066.258532931271,2,0.0
735736,3496,35.826078,225,True,1183.4431276792493,9,0.0
735832,3497,22.824075,225,True,776.9629881885915,1,0.0
736208,3498,28.146322,225,True,1006.652872474647,0,0.0
736428,3499,35.00537,225,True,1136.2147971904296,10,0.6000000000000001
736636,3500,33.165834,225,True,1134.6333760017928,6,0.2
736732,3501,33.864332,225,True,1123.3732811680866,9,1.0
737108,3502,31.189217,225,True,1089.1686742053494,4,1.0
737328,3503,36.981977,225,True,1236.0790670123943,10,0.2
737508,3504,0.764737,100,False,541.7894742604105,3,0.4
737536,3505,38.949758,225,True,1344.390333006109,7,0.0
737632,3506,39.457659,225,True,1289.5063569860272,11,0.0
738228,3507,33.624729,225,True,1116.989174355684,9,0.4
738408,3508,28.054011,225,True,973.3604532988115,2,0.0
738436,3509,32.220114,225,True,1084.0045510419432,7,0.0
738532,3510,37.597907,225,True,1311.1162839012673,5,0.0
739128,3511,25.050374,225,True,900.4149724188669,3,0.8
739308,3512,33.931782,225,True,1157.271277371321,6,0.6000000000000001
739336,3513,32.336684,225,True,1105.4673594353285,6,0.6000000000000001
739432,3514,34.108049,225,True,1215.5219757908294,3,0.4
740028,3515,31.824221,225,True,1083.368831105563,5,0.4
740208,3516,29.969774,225,True,1113.190947462379,3,0.0
740236,3517,34.100323,225,True,1172.8129200460112,5,0.0
740332,3518,28.612436,225,True,982.8974401611226,3,0.0
740928,3519,39.216463,225,True,1345.4585238349532,7,0.0
741108,3520,29.93261,225,True,1004.5043935975843,5,0.0
741136,3521,33.547218,225,True,1158.6887069386235,7,0.0
741232,3522,36.171194,225,True,1266.047760273977,5,0.0
741828,3523,27.51606,225,True,925.4423845570768,4,0.0
742008,3524,34.232061,225,True,1152.4824559505869,7,0.0
742036,3525,36.421478,225,True,1193.6591106959158,9,0.0
742132,3526,37.45986,225,True,1303.9944146963517,8,0.8
742372,3527,1.179908,91,False,511.9963234439956,1,0.0
742728,3528,28.313796,225,True,1003.7518571414955,4,1.0
742936,3529,25.472822,225,True,857.3128731283648,4,0.4
743032,3530,35.870626,225,True,1236.425024247028,6,0.4
743272,3531,32.425958,225,True,1129.0383363908109,8,0.4
743628,3532,30.267273,225,True,1100.2909107581986,1,0.0
743836,3533,32.180899,225,True,1084.8359466972624,6,0.0
743932,3534,24.381194,225,True,862.4477779882411,1,0.0
744172,3535,31.789783,225,True,1133.1913064357036,2,0.0
744528,3536,35.649307,225,True,1233.1722653725415,8,1.9999999999999998
744580,3537,14.963179,186,False,1024.9271407203355,6,0.6000000000000001
744832,3538,27.218326,225,True,974.3330540119791,2,0.0
745072,3539,30.140662,225,True,1049.6264664009009,6,0.0
745428,3540,32.420222,225,True,1073.6088762124818,8,0.2
745480,3541,28.270839,225,True,1030.0335729397168,0,0.0
745732,3542,27.042593,225,True,982.5037032119644,2,0.0
745972,3543,34.637899,225,True,1159.9159500862725,10,2.1999999999999997
746068,3544,-0.865029,84,False,444.5988355222064,2,0.0
746328,3545,32.009351,225,True,1124.3740381777689,4,0.6000000000000001
746380,3546,30.353936,225,True,1035.7574500150984,4,0.2
746872,3547,37.964916,225,True,1274.596629171287,8,0.0
746968,3548,24.259636,225,True,849.5854235204929,2,0.8
747228,3549,30.105191,225,True,1069.0076242782238,1,0.0
747280,3550,33.711289,225,True,1102.0515642115915,8,0.0
747772,3551,35.953463,225,True,1267.7385275540482,4,0.0
747868,3552,37.432432,225,True,1277.2972844817423,8,0.6000000000000001
748128,3553,38.844312,225,True,1306.5724768035957,8,0.0
748180,3554,34.846992,225,True,1154.679695427164,9,0.4
748672,3555,22.625338,225,True,821.0135370803232,1,1.5999999999999999
748764,3556,8.34552,146,False,762.6208094429583,4,0.2
748768,3557,21.120687,225,True,763.2274665158113,2,2.6
749028,3558,30.818921,225,True,1082.3568511133567,2,0.0
749572,3559,27.018908,225,True,950.3563262428677,2,0.6000000000000001
749664,3560,24.899081,225,True,860.7632582939766,4,1.0
749668,3561,31.131346,225,True,1051.653846780453,8,0.2
749928,3562,34.068187,225,True,1157.1274709064974,7,0.4
750472,3563,25.221228,225,True,872.8491167043696,1,0.0
750564,3564,22.79096,225,True,782.8384175483841,1,0.0
750568,3565,30.371187,225,True,1071.6474774980588,3,0.2
750828,3566,34.32307,225,True,1117.7227916174456,9,0.0
751156,3567,11.421068,171,False,875.2427176684921,4,0.0
751464,3568,36.140208,225,True,1218.4083246575824,8,0.0
751468,3569,23.337265,225,True,827.0905819664245,2,1.5999999999999999
751728,3570,40.377528,225,True,1319.901139684694,11,0.0
752056,3571,33.531729,225,True,1226.8691657199734,4,2.8000000000000003
752364,3572,22.657253,225,True,826.2901230184807,3,3.600000000000001
752368,3573,30.760694,225,True,1037.627745123485,5,0.0
752628,3574,26.980772,225,True,907.2308995015389,5,0.6000000000000001
752956,3575,25.731198,225,True,918.8479113572816,8,5.200000000000002
753264,3576,35.288737,225,True,1206.749468965305,6,0.4
753268,3577,30.741527,225,True,1048.0610916364362,8,2.1999999999999997
753528,3578,29.631047,225,True,1002.0418822874499,6,0.8
753856,3579,34.934358,225,True,1214.1743374035977,4,0.0
754164,3580,32.200116,225,True,1114.4046425568295,6,1.0
754168,3581,33.388699,225,True,1110.7479773087716,7,0.0
754428,3582,29.344945,225,True,1046.5978003796913,6,2.1999999999999997
754756,3583,32.453997,225,True,1121.3598872145244,4,0.0
755064,3584,34.956978,225,True,1201.4791077611903,5,0.0
755068,3585,27.499734,225,True,993.5893795098123,8,4.600000000000001
755328,3586,22.810996,225,True,776.4398584056762,1,0.0
755656,3587,26.504284,225,True,972.1713512007702,1,0.0
755964,3588,34.361269,225,True,1199.2507636375553,4,0.0
755968,3589,39.529313,225,True,1316.372514804938,10,0.0
756228,3590,37.687174,225,True,1309.0869751822684,5,0.0
756556,3591,26.994677,225,True,902.9870636701544,4,0.0
756864,3592,36.54421,225,True,1246.568393506493,6,0.0
756868,3593,29.367806,225,True,1046.712239072691,2,0.0
757128,3594,36.259997,225,True,1238.3998622065883,7,0.2
757456,3595,39.868748,225,True,1300.349903389657,11,0.0
757764,3596,34.227968,225,True,1193.118704413393,4,0.0
757768,3597,33.44981,225,True,1166.7923916388418,4,0.2
758028,3598,22.455572,225,True,868.6228819786745,3,3.800000000000001
758192,3599,-8.618492,41,False,214.46033126283282,1,1.7999999999999998
758356,3600,30.678938,225,True,1074.3575372767436,4,0.0
758664,3601,33.463433,225,True,1136.9373065565128,7,0.2
758668,3602,30.199929,225,True,1068.7971456802165,2,0.0
759044,3603,-3.036809,94,False,387.32765831564507,1,1.7999999999999998
759092,3604,29.569797,225,True,1049.9918925892875,2,0.8
759164,3605,7.215953,125,False,731.8381176266707,4,0.6000000000000001
759256,3606,35.465517,225,True,1221.820699364368,6,0.2
759804,3607,12.768787,178,False,951.5514608619533,7,2.1999999999999997
759944,3608,30.538917,225,True,1009.5566616081687,8,1.4
760064,3609,37.414067,225,True,1230.962660334722,17,3.0000000000000004
760156,3610,35.357912,225,True,1184.716486023805,7,0.0
760448,3611,4.043663,126,False,643.346516249447,0,0.0
760704,3612,35.784172,225,True,1181.766884661035,10,0.0
760964,3613,34.003887,225,True,1176.955491540245,4,0.0
761056,3614,30.936605,225,True,1132.6641980271525,11,6.400000000000003
761236,3615,-1.912934,68,False,395.4826430492433,2,0.0
761348,3616,23.734121,225,True,903.7648549179708,5,5.400000000000002
761604,3617,24.404326,225,True,906.5730303961848,1,2.1999999999999997
761956,3618,35.630365,225,True,1243.6145813057142,10,3.2000000000000006
762136,3619,35.852251,225,True,1188.490027388511,8,0.0
762248,3620,27.16581,225,True,991.4324058463521,4,2.6
762332,3621,5.369618,182,False,690.7847286668796,3,0.4
762520,3622,1.47875,96,False,514.3499841672397,2,0.0
762804,3623,5.81443,212,False,828.5771904917888,3,5.8000000000000025
763148,3624,38.212573,225,True,1212.5029029608236,13,0.4
763232,3625,33.60555,225,True,1161.0219963921031,6,1.0
763420,3626,35.903705,225,True,1233.7481997405466,10,2.4
763704,3627,30.808383,225,True,1077.935326329055,3,0.0
764048,3628,24.952914,225,True,875.7165789357095,2,0.0
764132,3629,28.430013,225,True,1005.2005103265003,4,1.4
764264,3630,8.577202,211,False,830.2880962120896,4,2.6
764604,3631,32.554546,225,True,1106.1818440202924,5,0.0
764948,3632,36.54754,225,True,1243.5016032267777,7,0.0
765032,3633,40.178809,225,True,1344.7523673473665,9,0.0
765164,3634,27.846017,225,True,946.6406723113555,5,1.0
765504,3635,36.710867,225,True,1236.43469847993,9,1.0
765848,3636,22.082703,225,True,787.3081014606973,0,1.0
765932,3637,32.27466,225,True,1082.986383163438,6,0.0
766064,3638,25.136684,225,True,870.2673488063324,1,0.0
766404,3639,32.922008,225,True,1108.880339295281,6,0.0
766748,3640,38.124406,225,True,1325.7762474728802,5,0.0
766832,3641,30.60141,225,True,1073.6563883035055,2,0.0
766964,3642,29.0,225,True,1007.9999999908248,2,0.0
767304,3643,32.995142,225,True,1126.205670963529,6,0.0
767648,3644,22.834159,225,True,790.9663697238452,1,0.0
767732,3645,33.233018,225,True,1157.320718488018,4,0.2
767864,3646,26.532618,225,True,925.3047162766331,1,0.0
768204,3647,34.22258,225,True,1160.1032103540665,6,0.0
768548,3648,39.464012,225,True,1283.3604641457218,11,0.0
768632,3649,27.329123,225,True,921.1649316870962,6,1.7999999999999998
768764,3650,30.198792,225,True,1074.3516862457423,3,0.4
769104,3651,32.827861,225,True,1165.9144440727964,3,0.8
769448,3652,31.023766,225,True,1026.5506433403498,6,0.0
769460,3653,8.096776,174,False,731.8710489008313,5,0.2
769532,3654,31.24282,225,True,1157.712816456415,2,2.1999999999999997
770004,3655,36.16265,225,True,1218.505994258432,12,3.400000000000001
770348,3656,36.704259,225,True,1284.9703691429522,4,0.0
770360,3657,25.159533,225,True,893.5813035193885,0,0.0
770432,3658,35.648968,225,True,1197.958737050688,7,0.0
770904,3659,28.300383,225,True,996.015316914742,1,0.0
771120,3660,10.314625,193,False,867.7850028861817,8,4.200000000000001
771260,3661,29.489692,225,True,1073.1876982836893,6,3.0000000000000004
771332,3662,27.340329,225,True,909.6131559278542,4,0.0
771804,3663,35.793813,225,True,1185.352527882309,8,0.0
771944,3664,2.749404,153,False,585.9761741697819,1,0.4
772020,3665,34.411825,225,True,1178.8729899712566,5,0.0
772160,3666,39.997197,225,True,1338.2878981487484,9,0.0
772704,3667,25.253552,225,True,871.7420724169699,4,1.4
772844,3668,30.617526,225,True,1088.701030883698,1,0.0
772920,3669,29.516312,225,True,999.0524646264064,6,0.8
773060,3670,36.207188,225,True,1229.0875249083078,7,0.4
773604,3671,36.101755,225,True,1188.0702177448097,13,1.0
773680,3672,15.729015,190,False,983.5605875211711,9,0.6000000000000001
773744,3673,22.888236,225,True,813.1294310626558,4,2.4
773960,3674,28.35644,225,True,1014.2576009938614,0,0.0
774256,3675,-0.005333,144,False,540.5866753615312,0,1.7999999999999998
774304,3676,16.434126,175,False,1032.565020166971,7,0.2
774644,3677,28.795358,225,True,994.2143162620939,4,1.0
774860,3678,37.878887,225,True,1292.7554603328285,8,0.0
775156,3679,21.980707,225,True,760.0282704241749,0,0.0
775204,3680,24.918534,225,True,844.7413451377199,2,0.0
775544,3681,32.758413,225,True,1095.9365140929708,7,0.4
775760,3682,23.169361,225,True,792.3744327648817,1,0.0
776056,3683,36.995873,225,True,1307.0349384469796,5,1.0
776104,3684,30.640188,225,True,1089.6075347655242,1,0.0
776444,3685,30.887269,225,True,1069.0907426574595,3,0.0
776660,3686,35.089765,225,True,1185.1906168021292,10,0.8
776956,3687,38.608812,225,True,1345.9524771403148,5,0.0
777004,3688,29.72058,225,True,1044.8232023573146,2,0.0
777280,3689,-2.045805,69,False,368.5678060003313,2,0.0
777344,3690,36.522896,225,True,1290.5158313902848,5,0.0
777560,3691,27.882974,225,True,944.918963471888,4,0.0
777856,3692,33.927922,225,True,1147.5168828175315,7,0.6000000000000001
778172,3693,4.297734,207,False,687.9093413495079,1,1.5999999999999999
778180,3694,26.214542,225,True,897.3816714089949,2,0.0
778460,3695,32.721325,225,True,1147.252989467022,3,0.0
778756,3696,37.161488,225,True,1208.8595192781136,10,0.0
779072,3697,28.309708,225,True,986.7883239788603,2,0.2
779080,3698,29.075037,225,True,1067.801481348984,2,0.8
779360,3699,29.017726,225,True,1009.509022217582,2,0.0
779464,3700,-0.465942,98,False,438.16231200894686,2,0.0
779588,3701,1.699052,127,False,555.1620945943803,4,2.1999999999999997
779656,3702,28.426285,225,True,954.6514172617406,4,0.0
780260,3703,35.696264,225,True,1172.6505706186367,9,0.0
780364,3704,30.611505,225,True,1058.8602141277202,3,0.0
780488,3705,25.455705,225,True,907.0281849399737,1,0.0
780556,3706,37.947242,225,True,1266.6896997676981,9,0.0
781160,3707,30.692567,225,True,1104.5026853527183,2,0.2
781264,3708,36.151853,225,True,1231.6741319406124,7,0.4
781388,3709,32.830765,225,True,1135.6305866387997,4,0.0
781456,3710,25.478324,225,True,874.3329417368122,2,0.0
782060,3711,37.785324,225,True,1266.6129582866565,9,0.0
782164,3712,31.910178,225,True,1046.8071275368534,7,0.0
782288,3713,32.589681,225,True,1120.387235856987,4,0.0
782356,3714,35.181765,225,True,1204.07060970043,6,0.0
782652,3715,6.882293,148,False,724.0917209824563,4,0.6000000000000001
783064,3716,37.957486,225,True,1303.899435399825,6,0.0
783188,3717,38.623314,225,True,1300.1325513967245,8,0.0
783240,3718,7.58242,147,False,729.696806274997,5,0.0
783256,3719,32.084423,225,True,1152.9769030934517,7,3.2000000000000006
783732,3720,8.377478,136,False,748.699135647857,5,0.0
783964,3721,23.824041,225,True,816.9616279797558,1,0.0
784140,3722,30.697196,225,True,1011.8878341117036,6,0.0
784156,3723,39.093213,225,True,1318.128501245617,8,0.0
784632,3724,32.687773,225,True,1117.9109230260383,6,0.8
784864,3725,31.699666,225,True,1059.9866333758223,6,0.0
785040,3726,28.876157,225,True,1036.6462847782109,0,0.0
785056,3727,25.120505,225,True,843.2201980192697,3,0.0
785532,3728,37.62188,225,True,1307.275207693082,5,0.0
785764,3729,22.744736,225,True,844.1894491641556,2,2.6
785940,3730,31.209045,225,True,1075.561805171651,5,0.6000000000000001
785956,3731,37.641045,225,True,1254.4418030552006,9,0.0
786432,3732,34.402652,225,True,1168.1060957479322,6,0.0
786664,3733,32.434405,225,True,1130.1761895987447,3,0.0
786840,3734,28.115324,225,True,976.6129643046595,3,0.0
786856,3735,29.077953,225,True,955.1181239720108,6,0.2
787332,3736,30.252151,225,True,1065.2860303507096,2,0.0
787436,3737,10.718134,193,False,859.1253544222682,4,0.0
787740,3738,34.004507,225,True,1168.1802682966713,5,0.0
787756,3739,22.956592,225,True,766.2636862792212,2,0.0
788232,3740,29.452461,225,True,1017.2984334382361,3,0.0
788336,3741,29.215376,225,True,1018.215033335619,2,0.0
788640,3742,38.489636,225,True,1311.5854406323542,7,0.0
788656,3743,30.514783,225,True,1008.5913282387019,6,0.0
789132,3744,28.666577,225,True,1004.2630918243801,3,0.0
789236,3745,24.99,225,True,879.6000000000092,0,0.0
789540,3746,31.705551,225,True,999.4220421893872,10,0.4
789556,3747,34.184993,225,True,1136.1997220891699,7,0.0
789724,3748,8.781346,148,False,807.2538324390578,4,1.5999999999999999
789816,3749,8.321293,145,False,757.651722042848,4,0.0
790440,3750,28.668528,225,True,1001.1411150789634,2,0.0
790456,3751,35.377534,225,True,1225.5013761916248,6,0.2
790624,3752,31.13931,225,True,1122.372381540462,1,0.2
790716,3753,23.706858,225,True,828.274319370812,0,0.0
791036,3754,0.112129,80,False,422.885163465251,4,0.0
791340,3755,32.410626,225,True,1085.2250493675583,7,0.8
791356,3756,22.634368,225,True,798.9747047798614,0,0.0
791524,3757,31.775768,225,True,1103.8307106621965,3,0.0
791936,3758,33.445405,225,True,1137.8161950707731,5,0.0
792240,3759,36.413248,225,True,1242.9299275669955,6,0.0
792244,3760,13.978655,222,False,970.3462161012947,6,0.8
792424,3761,27.521692,225,True,966.4676701485105,1,0.0
792836,3762,29.082085,225,True,1012.0834062470508,5,1.0
793140,3763,32.561871,225,True,1152.0748381425196,3,0.2
793144,3764,32.98877,225,True,1137.1508051862297,4,0.0
793324,3765,26.765487,225,True,957.8194704270536,0,0.0
793736,3766,29.977569,225,True,1071.9027472798457,2,0.0
794040,3767,31.241687,225,True,1084.8674799557702,3,0.0
794044,3768,24.123945,225,True,835.3577981058374,1,0.0
794060,3769,5.817315,184,False,765.4926008499438,0,2.1999999999999997
794636,3770,28.032275,225,True,955.690998690869,3,0.0
794940,3771,25.82632,225,True,855.4527921042531,4,0.0
794944,3772,24.003059,225,True,825.7223543411747,1,0.0
794960,3773,30.913,225,True,1088.520011068585,3,0.0
795536,3774,31.132495,225,True,1076.4997947457305,4,0.0
795840,3775,37.764656,225,True,1232.9862423777458,10,0.0
795844,3776,35.407098,225,True,1137.8839144575468,10,0.0
795860,3777,35.424143,225,True,1197.7657391714201,7,0.0
796152,3778,-3.42354,73,False,348.65838742903907,0,0.2
796436,3779,37.367312,225,True,1304.2924699077703,6,0.0
796740,3780,34.344096,225,True,1191.3638343445518,4,0.0
796744,3781,21.594344,225,True,743.7737634665593,0,0.0
797052,3782,29.762892,225,True,1035.315681904177,3,0.0
797336,3783,30.688795,225,True,1029.9517981998167,6,0.4
797640,3784,29.782581,225,True,1045.7032451222874,3,0.8
797644,3785,21.313293,225,True,746.1317216831471,0,0.0
797952,3786,22.330553,225,True,768.4221068616562,2,1.0
798228,3787,5.602671,223,False,717.7068582421448,0,0.0
798540,3788,27.84563,225,True,932.2252168694165,5,0.0
798544,3789,31.2,225,True,1080.0000000015716,3,0.0
798852,3790,37.702908,225,True,1278.5163291255171,7,0.0
799128,3791,36.304401,225,True,1236.9760293789964,6,0.0
799440,3792,29.184361,225,True,1004.1744323295038,5,0.0
799444,3793,22.777728,225,True,795.909113056365,0,0.2
799460,3794,-2.146534,83,False,389.3386395097307,3,0.8
799752,3795,31.702644,225,True,1117.7057724264455,6,1.5999999999999999
800340,3796,37.317197,225,True,1263.8878906391078,7,0.0
800344,3797,38.247257,225,True,1301.090284507427,7,0.0
800360,3798,37.018895,225,True,1235.1558006561477,8,0.0
800652,3799,29.248611,225,True,1018.7444485333995,2,0.0
801240,3800,25.791777,225,True,864.4710874103766,4,0.6000000000000001
801244,3801,27.160088,225,True,978.403509296857,1,0.8
801260,3802,39.033805,225,True,1346.15221455424,6,0.0
801552,3803,27.56264,225,True,909.7055917058055,6,0.4
801916,3804,12.540373,168,False,919.2149144603022,4,0.0
802140,3805,22.278742,225,True,813.5496941215297,2,2.8000000000000003
802160,3806,21.375373,225,True,735.0149048738751,0,0.0
802452,3807,30.277655,225,True,1067.106219311912,8,2.6
802816,3808,34.122295,225,True,1198.4918178150938,3,0.0
803040,3809,35.019582,225,True,1226.3832996383935,6,0.0
803060,3810,25.946055,225,True,877.042180053779,3,0.0
803352,3811,28.918365,225,True,998.3346002415099,5,0.2
803716,3812,29.674938,225,True,1042.99750859575,8,1.2
803940,3813,25.436163,225,True,929.4465176244532,2,1.2
803960,3814,27.879544,225,True,931.9817722874204,5,0.4
804252,3815,26.399758,225,True,943.1903292523314,0,0.0
804616,3816,37.80191,225,True,1240.0764077459994,10,0.0
804840,3817,26.477507,225,True,918.3002865158192,3,1.0
804860,3818,29.103378,225,True,1004.1351020103025,3,0.0
805152,3819,26.982293,225,True,913.691705664286,4,0.0
805304,3820,-2.324497,111,False,388.6201389545763,0,0.0
805516,3821,38.49016,225,True,1294.8063870131145,8,0.0
805740,3822,36.269134,225,True,1219.5653518693643,7,0.0
806052,3823,38.171081,225,True,1312.4432392441017,6,0.0
806204,3824,32.297919,225,True,1109.5167679191277,4,0.0
806416,3825,38.51239,225,True,1277.2955915643997,9,0.0
806640,3826,28.892255,225,True,941.2901964091907,6,0.0
806952,3827,25.838637,225,True,882.3454894931731,2,0.0
807104,3828,35.56318,225,True,1192.127214317708,7,0.0
807316,3829,39.378719,225,True,1344.7487556190272,7,0.0
807540,3830,21.906653,225,True,774.6661006185468,0,0.0
807852,3831,38.686747,225,True,1319.4698603852053,7,0.0
808004,3832,24.151265,225,True,820.4505899837359,3,0.6000000000000001
808208,3833,-1.76355,89,False,383.85798285961823,2,0.2
808216,3834,25.684893,225,True,871.3957090702568,5,1.0
808440,3835,28.576313,225,True,950.2525236313611,8,1.9999999999999998
808656,3836,0.238251,112,False,459.1300362922768,2,0.0
808904,3837,28.938738,225,True,955.9495069194563,6,0.0
809116,3838,27.153526,225,True,962.1410413536248,1,0.0
809340,3839,29.573424,225,True,1010.1369445690007,9,2.1999999999999997
809556,3840,27.705006,225,True,893.0002205741625,6,0.0
809804,3841,31.997911,225,True,1073.5164526973663,7,1.0
810016,3842,37.350267,225,True,1310.8106775356496,4,0.0
810240,3843,20.190483,225,True,751.6193190117458,0,1.4
810456,3844,32.177396,225,True,1071.0958562816413,7,0.6000000000000001
810624,3845,18.668292,205,False,1076.3316615627673,12,1.4
810916,3846,32.879086,225,True,1147.9634436477995,3,0.0
811140,3847,33.845134,225,True,1161.8053524806487,5,0.0
811356,3848,33.38693,225,True,1089.077183328941,8,0.0
811524,3849,26.639922,225,True,888.7968889212102,4,0.0
811808,3850,-2.319557,71,False,372.81770451035914,1,0.0
811816,3851,23.323969,225,True,813.7587513873768,1,0.4
811980,3852,10.085247,210,False,864.209885757668,3,0.4
812256,3853,29.690674,225,True,984.42694466131,6,0.0
812708,3854,32.650912,225,True,1105.236464811161,6,0.0
812716,3855,28.251106,225,True,996.4442525826876,1,0.0
812880,3856,35.694788,225,True,1231.7915132820344,7,0.6000000000000001
813156,3857,27.970145,225,True,967.6058043844291,2,0.0
813608,3858,28.459422,225,True,1025.576882510406,1,0.0
813616,3859,37.313775,225,True,1278.1509972863237,6,0.0
813780,3860,34.56799,225,True,1185.9196115582035,6,0.0
814056,3861,27.604564,225,True,927.3825438755409,4,0.0
814508,3862,23.607363,225,True,809.0945011231493,1,0.0
814516,3863,35.09634,225,True,1164.653595843065,8,0.0
814680,3864,30.01078,225,True,998.0312183206754,6,0.0
814956,3865,30.423329,225,True,1033.7331422747882,4,0.0
815408,3866,36.95762,225,True,1172.7048146680263,14,0.8
815416,3867,33.11456,225,True,1121.3824039838028,8,0.2
815580,3868,36.493151,225,True,1246.126051712638,6,0.0
815856,3869,31.724691,225,True,1076.9876468834382,6,0.0
816308,3870,28.043697,225,True,982.5478637842543,2,0.0
816316,3871,28.052927,225,True,954.117073436729,6,1.2
816480,3872,27.570739,225,True,958.8295761657205,3,0.0
816756,3873,35.827136,225,True,1241.8854348839823,5,0.0
817208,3874,32.581686,225,True,1121.6674584690663,4,0.0
817216,3875,29.022914,225,True,993.7165458221998,3,0.0
817380,3876,40.597508,225,True,1331.1003397499117,11,0.0
817656,3877,32.27,225,True,1042.8000000011407,8,0.0
818108,3878,37.193173,225,True,1230.9269243515564,9,0.0
818116,3879,27.926039,225,True,972.2415441700498,2,0.0
818280,3880,33.580675,225,True,1100.8270005047975,9,0.0
818556,3881,30.255976,225,True,1047.8390459212658,10,4.200000000000001
819008,3882,32.265292,225,True,1065.0116919151628,8,0.8
819016,3883,36.34608,225,True,1216.2431941941086,10,0.0
819180,3884,29.81338,225,True,1009.3351951414106,8,1.4
819456,3885,29.640416,225,True,1036.0166554089633,3,0.0
819588,3886,7.054825,145,False,731.7929864495359,2,0.0
819916,3887,32.107406,225,True,1117.0962248367105,3,0.0
820080,3888,36.572607,225,True,1265.3042957374892,5,0.0
820356,3889,25.642409,225,True,891.2963698107824,1,0.0
820488,3890,32.71123,225,True,1067.6492087400197,8,0.0
820816,3891,37.674377,225,True,1259.7750615254513,8,0.0
820980,3892,34.731191,225,True,1188.4476471200842,8,0.0
821256,3893,28.353146,225,True,982.9258356707085,2,0.0
821388,3894,26.26198,225,True,934.4791861378683,2,1.2
821716,3895,33.336309,225,True,1126.252367900528,7,0.6000000000000001
821880,3896,32.162615,225,True,1087.3045997495847,7,0.4
822156,3897,32.488615,225,True,1101.144582973774,5,0.0
822288,3898,28.560697,225,True,1008.0278898447866,1,0.0
822616,3899,36.200901,225,True,1166.4360560705204,12,0.6000000000000001
822780,3900,29.84219,225,True,1077.6876016256465,0,0.0
823056,3901,38.13162,225,True,1297.264815443929,7,0.0
823188,3902,27.564724,225,True,981.7889412456227,1,0.0
823516,3903,29.035091,225,True,987.0036558980098,6,0.6000000000000001
823680,3904,36.810253,225,True,1244.4101109644598,7,0.0
823956,3905,35.220273,225,True,1212.8109355407123,7,1.2
824088,3906,37.528655,225,True,1252.3461975573528,9,0.4
824376,3907,17.258849,215,False,1075.9539752613705,9,1.2
824580,3908,27.094813,225,True,946.192516504583,2,0.0
824856,3909,26.374915,225,True,900.5965829335073,6,1.9999999999999998
824988,3910,28.428105,225,True,1013.1242127434118,1,0.0
825092,3911,7.425852,128,False,714.6340653975815,4,0.0
825276,3912,32.137203,225,True,1058.2881313917833,8,0.0
825472,3913,-0.221193,121,False,472.7522788513961,0,0.0
825756,3914,30.477366,225,True,1080.6946340707577,2,0.0
825992,3915,35.81,225,True,1232.4000000000005,5,0.0
826176,3916,34.332499,225,True,1159.6999416181397,6,0.0
826372,3917,38.360785,225,True,1264.031387482054,10,0.0
826656,3918,24.392973,225,True,875.7189020540006,0,0.8
826892,3919,36.362529,225,True,1256.9011531129709,5,0.0
827076,3920,38.507628,225,True,1341.9051057100082,5,0.0
827272,3921,26.475341,225,True,908.6136484810825,2,0.0
827556,3922,36.953806,225,True,1278.9522457435069,5,0.0
827792,3923,34.204473,225,True,1149.778917595267,11,2.1999999999999997
827976,3924,26.446179,225,True,929.0471781660228,1,0.0
828172,3925,37.952989,225,True,1272.5195558712076,8,0.0
828456,3926,26.337909,225,True,898.3163730492167,5,0.6000000000000001
828692,3927,31.197911,225,True,1100.7164291066274,5,1.7999999999999998
828876,3928,25.120292,225,True,869.6116794509569,1,0.0
829072,3929,20.913301,225,True,725.3320476619251,0,0.0
829356,3930,35.130553,225,True,1196.4221359744029,7,0.6000000000000001
829592,3931,24.462216,225,True,810.4886500760635,4,0.6000000000000001
829776,3932,40.983219,225,True,1345.7287416886074,11,0.0
829972,3933,33.725398,225,True,1129.815932153102,7,0.0
830256,3934,24.558959,225,True,867.1583412580039,1,0.8
830492,3935,34.684697,225,True,1180.987873699346,7,0.0
830676,3936,36.236218,225,True,1242.2487017311528,6,0.0
830872,3937,26.527543,225,True,925.9017302561763,1,0.0
831156,3938,34.525228,225,True,1173.8091071529725,6,0.0
831392,3939,25.495354,225,True,874.2141737837644,2,0.0
831576,3940,25.276431,225,True,875.0572481993379,1,0.0
831772,3941,38.189552,225,True,1320.3820612003042,7,0.0
832056,3942,37.313209,225,True,1252.5283547657832,9,0.2
832292,3943,32.208927,225,True,1089.9570939497935,5,0.0
832476,3944,33.306145,225,True,1117.8457833551183,6,0.0
832672,3945,37.251323,225,True,1282.8529381147537,6,0.0
832956,3946,37.167654,225,True,1249.9061685834545,8,0.4
833192,3947,33.364217,225,True,1119.368675263228,6,0.0
833376,3948,29.473492,225,True,1044.5396684852249,1,0.0
833572,3949,32.782987,225,True,1129.7194867273397,4,0.0
833856,3950,22.614897,225,True,769.3958937311809,1,0.0
834092,3951,29.610556,225,True,988.4222349245754,6,0.0
834276,3952,36.596423,225,True,1221.4569272501722,11,0.0
834472,3953,39.281399,225,True,1338.4559647589003,9,0.0
834756,3954,27.07953,225,True,948.7811898548273,4,0.0
834992,3955,35.67064,225,True,1180.425581196383,8,0.0
835176,3956,27.088896,225,True,959.5558482878132,4,0.0
835372,3957,30.223575,225,True,1039.342996888479,5,0.0
835656,3958,28.687808,225,True,997.9123187027067,2,0.0
835892,3959,35.846953,225,True,1259.478121600981,5,0.0
835996,3960,-1.328346,85,False,415.6661552635769,4,1.2
836076,3961,31.666055,225,True,1118.642187329382,5,1.7999999999999998
836272,3962,35.014145,225,True,1233.365797220114,3,0.0
836504,3963,-2.792715,58,False,337.8913973793583,2,0.0
836792,3964,36.568219,225,True,1168.3287710501972,11,0.0
836896,3965,30.808824,225,True,1062.7529587102326,5,0.4
836976,3966,32.960641,225,True,1180.8256599865117,7,2.1999999999999997
837404,3967,29.94685,225,True,1031.4739907435542,3,0.0
837692,3968,34.78167,225,True,1181.6667937382736,9,0.4
837796,3969,27.045301,225,True,913.8120240821095,3,0.0
837876,3970,36.066991,225,True,1203.4796434363425,9,0.2
838304,3971,28.934069,225,True,1027.762750854751,1,0.0
838372,3972,2.628339,124,False,597.9335663867087,0,0.0
838592,3973,36.1,225,True,1164.000000032453,10,0.0
838696,3974,34.191325,225,True,1250.8529997612854,4,2.4
838804,3975,-4.29641,53,False,282.54361645860195,2,0.2
839204,3976,36.044005,225,True,1210.560217225248,7,0.0
839272,3977,30.797495,225,True,1030.2997928664777,7,1.2
839596,3978,29.270382,225,True,1001.2152966125504,5,0.0
839704,3979,26.840631,225,True,971.2252580031911,0,0.0
840104,3980,37.451871,225,True,1267.6748281664227,8,0.4
840136,3981,2.690583,108,False,579.6233077551829,1,0.0
840172,3982,31.712855,225,True,1087.7142030726345,5,0.0
840496,3983,40.265466,225,True,1335.418627017013,10,0.0
840820,3984,1.627802,81,False,449.9120863454609,6,0.0
841004,3985,34.496311,225,True,1163.8524373334467,8,0.0
841036,3986,21.333005,225,True,757.3201917214071,0,0.0
841072,3987,29.651958,225,True,994.0783100021829,5,0.0
841508,3988,2.275755,118,False,524.6302063648891,4,0.4
841720,3989,31.012937,225,True,1074.117471505082,3,0.0
841904,3990,28.856518,225,True,928.6607067492039,7,0.0
841960,3991,0.471302,113,False,490.85207866427277,3,1.5999999999999999
841972,3992,25.633222,225,True,930.1288961305884,0,0.2
842556,3993,9.501483,209,False,884.0593100669948,5,3.0000000000000004
842804,3994,24.462951,225,True,816.9180549243922,3,0.0
842860,3995,29.669808,225,True,1017.9923349736559,5,1.2
842872,3996,26.442305,225,True,875.2922141879731,6,0.6000000000000001
843456,3997,29.802522,225,True,960.9008738056682,8,0.4
843704,3998,32.543954,225,True,1110.5581546118829,5,0.0
843760,3999,29.015085,225,True,977.4033959460648,6,0.6000000000000001
843772,4000,32.160403,225,True,1079.2161310898323,6,0.0
844084,4001,0.201751,81,False,457.6700368339714,2,0.0
844356,4002,32.526909,225,True,1134.6763525696765,4,0.4
844604,4003,36.650702,225,True,1254.028080356015,6,0.0
844640,4004,18.173437,217,False,1118.937480014095,6,0.0
844984,4005,31.654856,225,True,1111.7942237877264,3,0.0
845256,4006,26.46171,225,True,913.6684106685207,4,0.6000000000000001
845504,4007,30.435048,225,True,1001.4019128632647,7,0.6000000000000001
845540,4008,30.635217,225,True,1035.0086986185709,9,1.7999999999999998
845884,4009,31.041618,225,True,1060.0647302200005,5,0.2
846156,4010,34.205763,225,True,1176.2305148810879,6,0.6000000000000001
846404,4011,33.44977,225,True,1113.190781068959,7,0.0
846440,4012,38.590029,225,True,1302.8011727471785,8,0.0
846784,4013,33.050214,225,True,1098.0085675315654,9,0.6000000000000001
847056,4014,24.328849,225,True,865.9539663606115,0,0.2
847304,4015,33.50561,225,True,1207.4243980599013,2,0.0
847340,4016,30.480903,225,True,1053.636104365039,4,0.0
847684,4017,27.585692,225,True,919.4276922963998,4,0.0
847956,4018,27.564663,225,True,904.1865240326235,5,0.0
848204,4019,24.251542,225,True,869.2616917966061,0,0.0
848240,4020,36.238797,225,True,1251.151878304201,5,0.0
848584,4021,31.743385,225,True,1114.5354031023535,3,0.0
848856,4022,29.87924,225,True,1035.16961118232,3,0.2
849104,4023,34.974086,225,True,1154.1634331722075,8,0.0
849140,4024,24.443243,225,True,860.9297044902155,0,0.0
849484,4025,34.138862,225,True,1173.554481162777,5,0.0
849756,4026,36.259814,225,True,1177.5925653600852,10,0.0
850004,4027,34.544814,225,True,1172.9925415843536,6,0.0
850040,4028,33.615186,225,True,1131.0074552905794,7,0.0
850384,4029,22.069299,225,True,793.1719778574106,1,1.4
850656,4030,25.485487,225,True,901.0194633252545,0,0.0
850904,4031,29.27667,225,True,972.6668196031726,9,2.4
850940,4032,38.938503,225,True,1311.1401118738859,8,0.0
851284,4033,25.409456,225,True,896.378232113801,0,0.0
851556,4034,28.310614,225,True,968.4245724075483,4,0.2
851804,4035,31.912544,225,True,1077.3017496478424,5,0.0
851840,4036,35.551654,225,True,1246.0661540523356,4,0.0
852184,4037,36.260916,225,True,1233.6366227495696,7,0.0
852204,4038,3.604648,100,False,594.5859224005865,2,0.0
852456,4039,24.428535,225,True,825.1414160867255,2,0.0
852740,4040,27.825108,225,True,938.6043262456317,4,0.4
853004,4041,-3.111889,66,False,340.3244436773457,1,0.0
853084,4042,25.083173,225,True,860.1269097430779,3,0.0
853104,4043,36.565788,225,True,1277.831510435647,6,0.0
853356,4044,24.475884,225,True,859.0353539246548,0,0.0
853904,4045,24.01845,225,True,810.3380019375215,2,0.0
853984,4046,23.553708,225,True,863.7483007013907,5,2.8000000000000003
854004,4047,32.306517,225,True,1093.8606913515555,5,0.0
854256,4048,32.013009,225,True,1118.9203692793503,3,0.2
854804,4049,34.246294,225,True,1177.8517608425223,6,0.0
854884,4050,33.433917,225,True,1190.9566911739093,3,0.0
854904,4051,33.73168,225,True,1102.8671869274049,8,0.0
855156,4052,22.823866,225,True,794.5546509712999,0,0.0
855220,4053,1.958793,84,False,463.9517035620404,6,0.0
855704,4054,31.780273,225,True,1116.010902855974,3,0.0
855804,4055,37.588811,225,True,1305.1524580411574,5,0.0
856056,4056,34.574457,225,True,1199.7782993253218,4,0.0
856120,4057,36.544012,225,True,1248.1604618388337,7,0.4
856604,4058,36.086335,225,True,1220.2534123320825,7,0.0
856704,4059,28.996441,225,True,1024.6576264394212,1,0.0
856956,4060,33.464529,225,True,1172.9811627700205,3,0.0
857020,4061,36.777673,225,True,1268.7069019689975,6,0.0
857504,4062,29.673565,225,True,986.1425850795856,6,0.6000000000000001
857604,4063,28.666809,225,True,1012.2723673030421,1,0.0
857856,4064,22.510511,225,True,748.4204418367328,2,0.0
857920,4065,36.642709,225,True,1235.3083671526892,7,0.0
858404,4066,27.83265,225,True,914.1059890741437,5,0.0
858504,4067,28.203344,225,True,1000.1337515069822,1,0.0
858756,4068,26.428394,225,True,889.9357527046152,3,0.0
858820,4069,38.408812,225,True,1321.9524939123753,6,0.0
859304,4070,32.099573,225,True,1119.182917503971,6,0.6000000000000001
859356,4071,8.211612,134,False,730.0644727110864,5,0.0
859404,4072,21.621738,225,True,744.8695345022195,0,0.0
859448,4073,4.705851,173,False,674.6340418627613,0,0.2
860204,4074,28.712965,225,True,1003.7186107102516,2,0.2
860256,4075,33.661243,225,True,1132.8497207814012,6,0.0
860304,4076,24.311013,225,True,836.4405257399476,1,0.0
860348,4077,27.444353,225,True,970.5741116387123,1,0.0
861104,4078,24.295957,225,True,819.838275801844,2,0.0
861156,4079,37.081915,225,True,1222.476602986188,9,0.0
861204,4080,22.848988,225,True,823.5595035153071,2,2.1999999999999997
861248,4081,35.333373,225,True,1205.3349107244735,6,0.0
861692,4082,2.687458,111,False,557.0983093144914,2,0.0
862004,4083,36.529063,225,True,1217.9625001530367,8,0.0
862056,4084,22.021204,225,True,794.4481799137693,1,1.7999999999999998
862104,4085,26.53868,225,True,927.1471813856876,1,0.0
862592,4086,31.56828,225,True,1054.7311986709833,6,0.0
862904,4087,34.069339,225,True,1150.7735657021185,6,0.0
862956,4088,33.84,225,True,1128.0000000002847,9,1.5999999999999999
863004,4089,30.247941,225,True,1033.9176349106326,4,0.0
863492,4090,33.521951,225,True,1120.0780270291166,7,0.4
863804,4091,32.816417,225,True,1149.4566903712648,5,0.0
863856,4092,36.049866,225,True,1209.994653932642,9,0.0
863904,4093,36.634406,225,True,1250.1762474403417,6,0.0
864104,4094,-3.28129,75,False,366.3484047519737,1,0.4
864392,4095,33.816844,225,True,1118.2737462426721,9,0.6000000000000001
864756,4096,36.214341,225,True,1185.3736507337494,9,0.0
864804,4097,38.117691,225,True,1244.7076367718228,13,0.0
865004,4098,25.884986,225,True,873.799441763445,3,0.0
865292,4099,34.05158,225,True,1154.0631813362734,6,0.0
865456,4100,4.057859,113,False,640.714340764526,2,1.2
865656,4101,27.191039,225,True,932.4415728350598,5,1.7999999999999998
865704,4102,34.558103,225,True,1205.5241021194852,4,0.0
866192,4103,35.931687,225,True,1201.2674602358024,9,0.8
866356,4104,27.153623,225,True,982.1449100812724,3,2.6
866556,4105,33.158633,225,True,1159.9453393461386,3,0.0
866604,4106,38.97158,225,True,1282.863189271954,10,0.0
867092,4107,30.912063,225,True,1066.8825123689253,4,0.0
867256,4108,28.761379,225,True,1022.4551552076912,1,0.0
867344,4109,10.723015,197,False,901.7206146195608,1,0.0
867504,4110,32.730626,225,True,1058.8250497190816,9,0.0
867856,4111,12.153604,150,False,860.5441783537053,9,1.0
867992,4112,25.928215,225,True,886.7286130845941,4,0.4
868244,4113,33.57,225,True,1078.800000034434,9,0.0
868404,4114,32.128571,225,True,1078.7428581254926,6,0.0
868720,4115,10.202684,182,False,828.9073543179991,5,0.0
868756,4116,35.3662,225,True,1168.248014265303,8,0.0
869144,4117,31.369406,225,True,1046.776254828956,6,0.0
869304,4118,34.138429,225,True,1153.5371679638906,7,0.0
869620,4119,27.929339,225,True,941.1735694766076,6,1.4
869656,4120,31.733519,225,True,1102.9407442328989,3,0.0
870044,4121,32.254008,225,True,1152.5603242040434,2,0.0
870204,4122,33.653443,225,True,1090.137724224208,12,1.2
870436,4123,0.935873,98,False,520.6349268068398,4,0.4
870520,4124,26.564037,225,True,916.9614702141832,2,0.0
870556,4125,23.017801,225,True,797.5120438138929,1,0.0
871104,4126,30.962155,225,True,1023.2862114176369,7,0.4
871336,4127,36.651041,225,True,1255.6416449071876,7,0.8
871420,4128,33.945478,225,True,1145.819109211821,6,0.0
871456,4129,33.694419,225,True,1140.5767535511395,8,1.4
871752,4130,-2.534984,74,False,380.20065465334096,1,0.2
872004,4131,25.776219,225,True,891.8487508109279,2,0.0
872236,4132,27.290413,225,True,952.416526971542,2,0.0
872320,4133,34.782616,225,True,1222.504624380313,5,0.2
872560,4134,-3.1971,81,False,336.9159897652653,1,0.0
872652,4135,29.257001,225,True,1003.8800320874807,3,0.0
872904,4136,31.357712,225,True,1039.9084687426416,7,0.2
873220,4137,36.159773,225,True,1202.390917363463,8,0.0
873460,4138,33.380409,225,True,1172.0163765473649,5,0.0
873552,4139,28.313346,225,True,952.5338424770059,5,0.8
873804,4140,33.994144,225,True,1144.565770412648,6,0.0
874120,4141,24.824337,225,True,872.9734887646018,0,0.0
874360,4142,34.768265,225,True,1193.1306192854568,5,0.0
874452,4143,35.963053,225,True,1239.322139272169,5,0.0
874704,4144,26.308973,225,True,973.9589206902083,2,3.0000000000000004
874752,4145,-4.403637,75,False,307.85452813407073,1,0.8
875020,4146,23.478545,225,True,804.7418088272395,1,0.0
875260,4147,27.753055,225,True,984.5222005670887,2,1.0
875416,4148,8.994997,166,False,794.1998727799257,3,0.0
875604,4149,23.270668,225,True,811.6267139247946,1,0.6000000000000001
875920,4150,34.272624,225,True,1224.5049668906086,3,0.6000000000000001
876160,4151,27.840165,225,True,940.0066036594046,5,1.0
876316,4152,33.948197,225,True,1156.327864076235,7,1.2
876504,4153,38.253219,225,True,1332.5287404429764,5,0.0
876820,4154,35.422461,225,True,1216.0984345381653,7,1.2
877060,4155,38.440147,225,True,1288.0058880498068,9,0.0
877216,4156,30.870725,225,True,1090.8289946328055,2,0.0
877404,4157,33.671285,225,True,1138.8514163746308,6,0.2
877720,4158,35.698657,225,True,1229.5462701945462,5,0.0
877960,4159,34.036563,225,True,1136.6625145213707,7,0.0
878116,4160,26.923409,225,True,940.9363454053503,1,0.0
878304,4161,25.125992,225,True,918.6396667823606,4,2.6
878620,4162,38.715498,225,True,1307.0199029606047,8,0.2
878860,4163,36.358653,225,True,1207.9461242179914,8,0.0
879016,4164,29.375347,225,True,975.0138784454816,5,0.0
879204,4165,26.846709,225,True,945.0683559688766,1,0.0
879520,4166,31.051059,225,True,1043.6423752367255,5,0.0
879760,4167,23.079981,225,True,803.1992444172874,0,0.0
879916,4168,35.527107,225,True,1176.2842957624516,8,0.0
880104,4169,38.494406,225,True,1324.576247466583,6,0.0
880420,4170,30.351287,225,True,1047.6514640136731,3,0.0
880616,4171,2.877232,128,False,564.6892608763405,3,0.2
880660,4172,28.807887,225,True,989.1154645715612,6,0.0
880816,4173,23.567069,225,True,865.0827489270503,1,1.5999999999999999
881320,4174,27.229946,225,True,889.1978259063249,5,0.0
881516,4175,29.662085,225,True,1035.28338834976,2,0.0
881560,4176,31.549004,225,True,1097.960151030944,8,1.7999999999999998
881716,4177,36.792941,225,True,1282.117626482548,6,1.0
882220,4178,35.471518,225,True,1144.4607206218166,11,0.6000000000000001
882416,4179,36.227999,225,True,1276.3199769295716,4,0.4
882460,4180,28.831673,225,True,985.2669336629317,3,0.0
882616,4181,37.622354,225,True,1211.294170789262,11,0.0
883120,4182,35.387817,225,True,1233.112698478527,4,0.0
883316,4183,31.331991,225,True,1070.079641303434,4,0.0
883360,4184,38.312365,225,True,1300.4946191105746,8,0.6000000000000001
883516,4185,31.034308,225,True,1062.9723301586437,4,0.2
884020,4186,24.91158,225,True,876.4632094177045,0,0.0
884116,4187,18.314783,200,False,1038.9913386250862,11,0.0
884260,4188,34.207701,225,True,1185.108039295204,4,0.0
884300,4189,-7.595669,46,False,181.77325574572933,0,0.2
884416,4190,36.571106,225,True,1282.8442444663688,5,0.0
884920,4191,27.742293,225,True,927.2917012760729,4,0.0
885160,4192,29.245864,225,True,1024.2345696608068,2,0.0
885200,4193,32.596506,225,True,1111.86022489145,7,1.5999999999999999
885316,4194,34.51405,225,True,1149.3620061130368,7,0.0
885820,4195,40.28031,225,True,1333.612402244189,10,0.0
886060,4196,23.449613,225,True,817.984536873794,0,0.0
886100,4197,29.758971,225,True,997.5588276634514,8,2.1999999999999997
886216,4198,21.217459,225,True,728.6983773812037,0,0.0
886720,4199,26.633915,225,True,929.3566154288751,1,0.0
886928,4200,6.967661,207,False,783.5064445812263,0,1.0
886960,4201,29.840652,225,True,1060.0260623062063,1,0.0
887116,4202,37.828654,225,True,1314.7461716379971,5,0.0
887544,4203,8.687288,206,False,996.291532085608,0,7.0000000000000036
887828,4204,27.756095,225,True,967.8438040961289,2,0.0
887860,4205,29.480411,225,True,1059.2164580116805,0,0.0
888016,4206,28.399514,225,True,996.7805515296986,2,0.0
888444,4207,36.682856,225,True,1268.1142365390106,5,0.0
888728,4208,32.905242,225,True,1107.4096998541936,6,0.2
888760,4209,31.263942,225,True,1053.7576993424273,6,0.0
888916,4210,37.058868,225,True,1266.3547343782038,8,1.0
889344,4211,24.425657,225,True,834.6262724684707,2,0.4
889628,4212,34.372163,225,True,1126.8865146354838,9,0.6000000000000001
889660,4213,26.159462,225,True,855.978484984854,5,0.4
889816,4214,33.134347,225,True,1142.1738659751645,4,0.0
890244,4215,31.664518,225,True,1068.180730283757,5,0.0
890528,4216,29.717835,225,True,1029.5134195604644,4,1.0
890560,4217,34.115682,225,True,1188.6272827470657,4,0.0
890688,4218,-6.983892,40,False,197.44431629776795,1,0.0
890716,4219,32.805801,225,True,1128.2320250018697,4,0.0
891144,4220,32.981953,225,True,1120.878118747291,5,0.0
891460,4221,34.979662,225,True,1210.386477918934,5,0.4
891588,4222,27.904416,225,True,980.1766332507011,1,0.0
891616,4223,28.063775,225,True,1010.5509827334131,0,0.0
891924,4224,0.895805,116,False,499.8321949870267,2,0.6000000000000001
892044,4225,30.744319,225,True,1054.5727626846378,5,1.0
892488,4226,32.185535,225,True,1122.6213834263654,5,1.4
892516,4227,33.283025,225,True,1162.520986842519,7,1.9999999999999998
892824,4228,34.538959,225,True,1166.358346783883,6,0.0
892944,4229,30.402575,225,True,1016.9030131678642,9,2.6
892956,4230,-1.431497,117,False,452.34013543397214,0,1.2
893416,4231,27.20907,225,True,935.562792807279,3,0.6000000000000001
893724,4232,30.844415,225,True,1083.3765808237595,2,0.0
893844,4233,36.738615,225,True,1287.1445922081216,4,0.0
893856,4234,40.378186,225,True,1325.5274373768034,11,0.0
894316,4235,30.80579,225,True,1029.0316119947656,6,0.0
894624,4236,30.042886,225,True,1008.1154569953969,5,0.0
894744,4237,39.808812,225,True,1345.9524949527777,8,0.0
894756,4238,30.977374,225,True,1071.0949786266833,5,1.2
894936,4239,-6.583017,45,False,223.07930791402578,1,0.4
895172,4240,2.498306,137,False,623.1322306528159,0,1.7999999999999998
895216,4241,34.789107,225,True,1188.3642638977803,6,0.2
895644,4242,23.021903,225,True,800.8761376771429,0,0.0
895836,4243,32.294089,225,True,1078.96355830961,9,1.9999999999999998
896072,4244,35.620647,225,True,1161.6258684368158,9,0.0
896116,4245,30.353922,225,True,1017.356876224068,5,0.0
896544,4246,27.110747,225,True,964.4298690246276,0,0.0
896736,4247,26.620055,225,True,914.4021869736514,7,3.400000000000001
896972,4248,36.675747,225,True,1161.4298605645909,12,0.0
897016,4249,31.477958,225,True,1033.5183065723968,8,0.6000000000000001
897444,4250,32.915822,225,True,1057.432889045731,9,0.2
897636,4251,25.816064,225,True,878.2425403126447,4,1.2
897872,4252,30.544498,225,True,1024.179900224215,5,0.0
897916,4253,30.995422,225,True,1054.2168848133201,6,1.2
898344,4254,28.732141,225,True,1014.0856472867724,7,4.000000000000001
898536,4255,32.924125,225,True,1143.3649868856678,4,0.4
898772,4256,37.678979,225,True,1294.359156213172,8,1.4
898816,4257,22.223103,225,True,767.3241154333136,1,0.6000000000000001
898944,4258,8.580551,150,False,776.8220540501843,3,0.0
899436,4259,31.897062,225,True,1013.4824867740563,9,0.0
899672,4260,39.135471,225,True,1335.018854541393,7,0.0
899716,4261,36.015052,225,True,1265.4020851184018,6,1.4
899844,4262,34.160467,225,True,1150.4186709640553,6,0.0
900336,4263,37.898323,225,True,1253.5329218884267,10,0.4
900572,4264,36.16404,225,True,1163.361588094057,11,0.0
900616,4265,35.25,225,True,1194.000000000001,6,0.0
900744,4266,30.671995,225,True,1098.0797974430807,1,0.0
901236,4267,33.542847,225,True,1192.1138998244828,2,0.0
901472,4268,25.155986,225,True,854.2394303182875,2,0.0
901516,4269,21.67831,225,True,747.1323948485401,0,0.0
901644,4270,34.848678,225,True,1168.3471120587583,7,0.2
902136,4271,34.814245,225,True,1185.3698001317234,7,1.0
902328,4272,22.137443,203,False,1207.8977385533008,10,0.0
902372,4273,27.013773,225,True,960.5509362992452,0,0.0
902544,4274,25.50036,225,True,871.2144039405348,3,0.8
902908,4275,9.902372,193,False,828.8948848331011,9,4.000000000000001
903216,4276,18.001805,222,False,1090.4722051146991,10,1.9999999999999998
903272,4277,35.681563,225,True,1196.062527082163,7,0.0
903444,4278,34.296142,225,True,1195.8456952224428,4,0.0
903660,4279,-6.190302,54,False,256.3879032515151,1,1.5999999999999999
903804,4280,7.328526,224,False,835.5410515213428,0,2.6
904072,4281,-3.975556,67,False,328.1777781688172,2,1.5999999999999999
904116,4282,31.950201,225,True,1111.60804475332,4,0.2
904172,4283,34.910589,225,True,1148.42356115738,8,0.0
904548,4284,1.573495,119,False,572.5397982135371,3,3.2000000000000006
904560,4285,34.098369,225,True,1144.7347671702933,7,0.0
905016,4286,32.297477,225,True,1099.8990670987482,5,0.2
905072,4287,32.366013,225,True,1134.640510434691,3,0.0
905160,4288,6.75887,153,False,711.1548113943641,7,3.0000000000000004
905376,4289,13.64811,204,False,988.3244115413229,7,2.8000000000000003
905916,4290,30.508079,225,True,1001.1231408773517,7,0.0
905972,4291,35.168599,225,True,1225.9439738966917,4,0.0
906060,4292,29.502388,225,True,1044.095504937903,1,0.0
906276,4293,37.289305,225,True,1266.7721961395678,7,0.0
906664,4294,10.394304,151,False,892.5721626317631,3,1.7999999999999998
906816,4295,34.014391,225,True,1170.9756353084986,5,0.4
906872,4296,28.112774,225,True,1002.91096716621,1,0.0
907176,4297,25.547907,225,True,912.3162919790843,0,0.4
907564,4298,31.442731,225,True,1048.1092297721698,7,0.4
907716,4299,35.942917,225,True,1174.5166897355743,9,0.0
907772,4300,27.551694,225,True,950.8677723462279,3,0.4
908076,4301,35.656399,225,True,1223.0559496506276,6,0.4
908244,4302,6.854833,132,False,738.1933020431297,3,0.8
908464,4303,33.159431,225,True,1160.7772528656878,3,0.0
908672,4304,38.514522,225,True,1273.3808731917352,12,1.0
908976,4305,23.571736,225,True,838.8694530555094,2,1.9999999999999998
909144,4306,36.202414,225,True,1218.4965541590486,7,0.0
909364,4307,37.56,225,True,1238.3999999999987,9,0.0
909572,4308,29.226139,225,True,981.8455751932629,5,0.4
909876,4309,29.171514,225,True,966.8605431019998,5,0.0
910044,4310,33.55287,225,True,1133.31478434793,6,0.2
910264,4311,35.911121,225,True,1204.4448413198147,8,0.6000000000000001
910472,4312,38.258592,225,True,1315.9436949342598,6,0.0
910776,4313,30.704581,225,True,1028.1832550835175,6,0.4
910944,4314,32.628125,225,True,1101.9250102916953,6,0.2
911164,4315,32.628333,225,True,1116.3333243032243,6,0.8
911372,4316,32.494956,225,True,1069.398249758031,7,0.0
911676,4317,25.861762,225,True,886.4704763064244,3,0.8
911844,4318,27.099147,225,True,918.3658888204966,5,1.4
912064,4319,23.814541,225,True,827.7816580657477,1,0.4
912272,4320,30.444361,225,True,989.7744451887368,8,0.8
912576,4321,32.681535,225,True,1142.4614099036821,5,1.4
912744,4322,39.364238,225,True,1333.769527320204,8,0.0
912964,4323,29.691947,225,True,962.0778803068667,7,0.0
913172,4324,39.008813,225,True,1345.9525017464543,6,0.0
913476,4325,25.052077,225,True,838.8830617558849,5,1.2
913644,4326,28.416184,225,True,930.2473640754242,7,1.0
913864,4327,35.713049,225,True,1149.3219453867919,10,0.0
914072,4328,26.254035,225,True,930.1614162281066,0,0.0
914376,4329,29.726546,225,True,985.8618524922456,8,1.5999999999999999
914544,4330,27.229334,225,True,970.773370633608,0,0.0
914764,4331,33.744604,225,True,1149.7841649739726,5,0.0
914972,4332,36.518546,225,True,1198.3418354619507,9,0.0
915276,4333,39.750901,225,True,1332.4360465724817,10,0.6000000000000001
915444,4334,40.220115,225,True,1339.2046108875325,10,0.0
915604,4335,12.91994,210,False,991.19761904647,1,0.4
915872,4336,35.11994,225,True,1205.5975807735786,6,0.4
916176,4337,23.449605,225,True,857.9842164044248,0,1.5999999999999999
916344,4338,28.604727,225,True,966.5890892545328,5,0.4
916504,4339,21.543209,225,True,742.5283702628567,0,0.0
916772,4340,35.387185,225,True,1212.2874058493794,6,0.4
917076,4341,34.084283,225,True,1148.9713270048246,7,0.2
917244,4342,23.66495,225,True,808.9980098749445,3,1.2
917404,4343,23.401116,225,True,816.0446472319495,0,0.0
917672,4344,24.216754,225,True,808.6701763008032,3,0.0
917844,4345,-5.949297,43,False,227.6281362414827,1,0.0
917976,4346,27.640232,225,True,900.8092680606519,6,0.4
918144,4347,27.806408,225,True,960.2563090619456,2,0.0
918304,4348,26.500664,225,True,876.0265759732847,4,0.0
918744,4349,35.870007,225,True,1138.8002728563383,11,0.0
918876,4350,37.528811,225,True,1302.7524576126166,5,0.0
919044,4351,31.072301,225,True,1076.492042244794,3,0.0
919204,4352,29.080964,225,True,1044.8385559818819,0,0.0
919644,4353,33.098124,225,True,1108.724956327499,6,0.0
919776,4354,32.77674,225,True,1104.6695860292493,7,1.0
919944,4355,28.66654,225,True,998.6616148292976,4,1.4
920104,4356,34.715431,225,True,1191.0172214419563,5,0.0
920544,4357,26.561632,225,True,910.4652692112625,2,0.0
920676,4358,37.814396,225,True,1281.3758520085848,7,0.0
920844,4359,36.208353,225,True,1219.5341288583768,8,0.2
921004,4360,35.083978,225,True,1177.7591100053164,8,0.6000000000000001
921444,4361,38.510495,225,True,1341.2197840368426,5,0.0
921576,4362,23.772399,225,True,814.8959483778553,1,0.0
921744,4363,35.677865,225,True,1212.714607597342,6,0.0
921904,4364,30.914262,225,True,1053.3704786203052,4,0.0
922344,4365,28.780994,225,True,946.4397747231624,6,0.4
922476,4366,33.686472,225,True,1095.4588666952736,10,0.6000000000000001
922644,4367,37.343227,225,True,1278.5290741855742,6,0.0
922804,4368,31.810865,225,True,1122.8346177141748,4,0.6000000000000001
923244,4369,30.106585,225,True,1048.2634180113268,3,0.4
923376,4370,32.280717,225,True,1145.6286952465784,2,0.0
923544,4371,34.199996,225,True,1171.199855913424,5,0.0
923704,4372,24.224724,225,True,832.9889521036935,1,0.0
924144,4373,34.19878,225,True,1139.9511975489768,7,0.0
924276,4374,31.153115,225,True,1046.1246095585534,6,0.0
924444,4375,33.526001,225,True,1080.2400437820484,9,0.0
924604,4376,25.810642,225,True,896.4256943625571,1,0.0
925044,4377,32.874406,225,True,1115.7762474136325,5,0.0
925176,4378,30.930847,225,True,1071.6338693313864,4,0.4
925344,4379,19.228641,225,True,692.3456412541364,0,1.7999999999999998
925504,4380,23.098103,225,True,789.5241213088493,1,0.0
925944,4381,32.769539,225,True,1145.181544535974,3,0.0
926076,4382,34.116941,225,True,1167.8776584233337,5,0.0
926244,4383,26.832931,225,True,918.1172518860365,4,1.2
926404,4384,28.535086,225,True,995.8034206025836,2,0.2
926656,4385,10.240248,178,False,829.6099002503813,5,0.2
926976,4386,28.772629,225,True,924.5051427241701,8,0.6000000000000001
927144,4387,27.748849,225,True,994.7539586686403,1,0.0
927304,4388,37.308745,225,True,1158.7497885726748,14,0.0
927556,4389,38.338184,225,True,1326.3273452648518,6,0.0
927732,4390,8.062671,147,False,746.5068492195028,6,1.5999999999999999
927876,4391,35.007509,225,True,1163.500363009301,8,0.4
928204,4392,31.452647,225,True,1044.5058617032807,6,0.0
928456,4393,27.805523,225,True,993.0209232585514,0,0.0
928632,4394,35.137583,225,True,1172.7033119536172,8,0.6000000000000001
928776,4395,33.734624,225,True,1114.9849500272549,8,0.0
929104,4396,33.318741,225,True,1102.3496337840556,7,0.0
929356,4397,29.018383,225,True,946.3353240470951,6,0.0
929532,4398,28.632682,225,True,958.9072849573265,5,0.4
929676,4399,27.822062,225,True,946.4824837956508,3,0.0
930004,4400,32.013832,225,True,1109.3532651040568,4,0.0
930256,4401,29.381758,225,True,993.6703188966906,8,1.9999999999999998
930432,4402,30.756233,225,True,994.2493164206123,8,0.2
930576,4403,36.734125,225,True,1262.1650174366869,8,0.0
930904,4404,35.696993,225,True,1170.2797165008064,9,0.0
931156,4405,27.179214,225,True,906.368546804832,6,0.4
931332,4406,35.497546,225,True,1219.9018525221732,6,0.6000000000000001
931476,4407,36.300839,225,True,1228.8335480046862,7,0.2
931804,4408,30.256373,225,True,1071.0549306795674,2,0.2
932056,4409,35.208085,225,True,1134.7234173644651,10,0.2
932232,4410,34.447968,225,True,1148.3187280016296,7,0.0
932376,4411,21.902324,225,True,756.0929437650889,0,0.0
932704,4412,35.781299,225,True,1240.051979643889,5,0.0
932956,4413,38.768334,225,True,1336.3333740646112,6,0.0
933132,4414,36.309145,225,True,1237.1657961286887,6,0.0
933276,4415,21.459503,225,True,746.3801191446018,1,1.0
933604,4416,25.796836,225,True,905.4734445777542,8,5.000000000000002
933856,4417,34.793526,225,True,1166.1410380778775,7,0.0
934032,4418,37.433634,225,True,1234.9453457180957,9,0.0
934176,4419,33.104159,225,True,1142.566351016936,5,0.2
934504,4420,30.017971,225,True,1035.1188311309618,3,0.0
934756,4421,33.192523,225,True,1114.100922237531,6,0.0
934932,4422,28.341768,225,True,1000.8707342354503,1,0.0
935076,4423,39.092787,225,True,1318.111497827107,8,0.0
935404,4424,22.204124,225,True,768.164972025136,0,0.0
935488,4425,-0.610212,103,False,460.3915099674655,2,1.4
935656,4426,31.531934,225,True,1104.4773765216219,3,0.4
935832,4427,28.106517,225,True,988.260666144449,1,0.0
936304,4428,33.882851,225,True,1168.1140405953347,5,0.2
936388,4429,28.100392,225,True,1004.0156876034221,0,0.0
936556,4430,31.666687,225,True,1045.8674878043525,7,0.4
936732,4431,38.811418,225,True,1340.4567127518017,6,0.0
937204,4432,37.422428,225,True,1283.2971112951159,6,0.0
937288,4433,24.893354,225,True,867.7341582034962,1,0.0
937456,4434,35.124175,225,True,1201.7670111402622,6,0.2
937632,4435,26.363517,225,True,889.7406896535974,4,0.8
938104,4436,30.88149,225,True,1100.0595803431443,1,0.0
938188,4437,30.277809,225,True,1020.7123675931141,6,0.8
938356,4438,36.245455,225,True,1177.018187916895,11,0.8
938532,4439,28.319605,225,True,947.1842034437605,5,0.6000000000000001
939004,4440,31.567778,225,True,1096.3111355342921,3,0.0
939088,4441,34.018801,225,True,1201.5520445168627,3,0.0
939256,4442,31.915712,225,True,1112.6284658777713,3,0.0
939432,4443,33.292881,225,True,1165.315241258983,3,0.0
939640,4444,13.190931,159,False,898.8372243314009,7,0.0
939988,4445,22.617302,225,True,784.6920675102804,0,0.0
940072,4446,1.0929,108,False,514.9159847041344,1,0.2
940156,4447,38.268777,225,True,1305.151077635364,7,0.2
940332,4448,29.548262,225,True,1005.9304823913496,4,0.0
940888,4449,27.57669,225,True,952.6675841908102,3,0.4
940972,4450,39.129867,225,True,1329.1946647262998,8,0.2
941056,4451,40.874023,225,True,1247.7609053575284,17,0.0
941232,4452,35.199341,225,True,1208.7736416266798,6,0.6000000000000001
941788,4453,38.474323,225,True,1251.7729064355917,11,0.2
941872,4454,33.682516,225,True,1166.5006233880958,4,0.0
941956,4455,37.074219,225,True,1254.9687620458922,8,0.8
942084,4456,-6.407172,53,False,225.31312242529816,0,0.0
942132,4457,22.778098,225,True,815.1239304679493,0,1.0
942688,4458,39.449903,225,True,1332.3961375857166,8,0.0
942856,4459,32.743812,225,True,1097.7524995202648,7,0.8
942984,4460,37.458812,225,True,1267.9524600977993,7,0.0
943032,4461,34.206474,225,True,1166.6589543962968,8,1.7999999999999998
943040,4462,0.760029,88,False,496.0011793697238,1,0.0
943756,4463,38.356695,225,True,1267.0677907248978,10,0.4
943884,4464,35.813312,225,True,1207.7324729059487,7,0.0
943932,4465,29.831591,225,True,1030.8636529379567,5,0.0
943940,4466,26.621373,225,True,916.0549296862894,5,1.5999999999999999
944656,4467,33.466661,225,True,1104.2664564875176,8,0.0
944784,4468,32.494574,225,True,1117.3829575448954,4,0.0
944832,4469,34.860074,225,True,1181.6029717807105,8,0.6000000000000001
944840,4470,34.813635,225,True,1164.5453893600493,9,0.6000000000000001
945388,4471,9.76569,137,False,794.6275905408568,5,0.0
945556,4472,26.88191,225,True,909.6764180695848,4,0.2
945684,4473,23.478476,225,True,919.9390295852065,4,6.800000000000003
945732,4474,34.814125,225,True,1180.565019944091,7,0.8
946032,4475,-0.953576,75,False,428.2569646788447,2,0.6000000000000001
946288,4476,38.172103,225,True,1265.28413032677,12,1.4
946328,4477,-3.621942,74,False,363.9223343884855,2,2.1999999999999997
946456,4478,30.541913,225,True,1089.6765127694725,4,1.5999999999999999
946584,4479,25.744684,225,True,871.3873456916995,4,0.8
946872,4480,4.258778,136,False,647.9511140506663,4,1.5999999999999999
947188,4481,37.005167,225,True,1313.8066694484965,3,0.0
947356,4482,22.305564,225,True,834.6225489182286,5,4.000000000000001
947420,4483,-5.752006,58,False,330.7197571189688,4,3.600000000000001
947484,4484,31.993228,225,True,1092.5291075559257,9,2.1999999999999997
947772,4485,33.880385,225,True,1120.0153846924945,8,0.4
948048,4486,1.2065,157,False,609.0600148800763,1,4.000000000000001
948256,4487,35.538509,225,True,1157.540361547506,10,0.6000000000000001
948384,4488,24.964607,225,True,878.5842726870928,0,0.0
948672,4489,31.861115,225,True,1028.0445803916546,9,0.2
948948,4490,35.4652,225,True,1163.4079841935345,11,1.4
949156,4491,38.072561,225,True,1310.9024528739455,7,0.6000000000000001
949284,4492,36.546483,225,True,1241.0593290286174,8,1.0
949572,4493,19.670404,225,True,759.6161643675484,1,3.800000000000001
949848,4494,35.080715,225,True,1163.2285863638476,9,0.0
950056,4495,32.2644,225,True,1155.3760056917654,1,0.0
950184,4496,36.502122,225,True,1320.884886839135,5,1.9999999999999998
950472,4497,37.46,225,True,1250.4,8,0.0
950604,4498,3.361206,137,False,667.2482399336059,2,1.9999999999999998
950748,4499,34.156557,225,True,1177.4622993407943,6,1.0
951084,4500,31.51714,225,True,1035.085584330117,7,0.0
951372,4501,31.422563,225,True,1089.7025150638901,4,0.6000000000000001
951504,4502,36.463206,225,True,1244.9282326567645,6,0.0
951648,4503,38.585496,225,True,1250.619844068824,11,0.0
951736,4504,5.980921,163,False,728.8368365889655,4,2.8000000000000003
951912,4505,0.931702,102,False,505.2680711494379,5,2.8000000000000003
952272,4506,34.882929,225,True,1218.5171513056557,4,0.2
952548,4507,21.321045,225,True,739.2417966869173,0,0.0
952636,4508,36.073055,225,True,1211.722188900559,7,0.0
952812,4509,34.967661,225,True,1206.7064479941232,10,3.600000000000001
953172,4510,33.19401,225,True,1106.1603899246225,7,0.4
953448,4511,25.347847,225,True,906.7138631709565,2,1.7999999999999998
953536,4512,39.258528,225,True,1291.9411073061501,10,0.0
953712,4513,34.018719,225,True,1185.5487435881105,4,0.0
954072,4514,37.712796,225,True,1278.111824829648,7,0.0
954348,4515,24.900413,225,True,876.0165334113374,1,0.4
954436,4516,38.048729,225,True,1307.5491460634917,6,0.0
954612,4517,36.21367,225,True,1247.7468053463272,6,0.0
954972,4518,30.331852,225,True,1010.0740942348198,6,0.0
955248,4519,36.958781,225,True,1279.9512383569318,5,0.0
955336,4520,37.440112,225,True,1274.4044903531267,7,0.0
955512,4521,26.396802,225,True,965.4720921232638,2,1.9999999999999998
955716,4522,10.299183,186,False,892.767314344911,5,2.8000000000000003
956148,4523,30.286897,225,True,1019.4758716845452,5,0.0
956236,4524,27.653859,225,True,998.9543545669349,0,0.0
956396,4525,-5.393904,62,False,299.4438570142838,1,1.5999999999999999
956412,4526,37.173988,225,True,1185.3595126775385,12,0.4
956616,4527,28.724193,225,True,1006.5677359240476,5,1.5999999999999999
957136,4528,35.181865,225,True,1223.274584648444,4,0.0
957296,4529,27.460856,225,True,930.4342551956076,4,0.4
957312,4530,35.592579,225,True,1178.103176703914,11,1.7999999999999998
957516,4531,35.189386,225,True,1145.9754489258744,11,0.8
958036,4532,36.06,225,True,1226.4000000000033,6,0.0
958196,4533,36.058635,225,True,1215.1454144100499,8,0.8
958212,4534,28.766223,225,True,1021.0489042691656,3,1.0
958244,4535,13.825387,182,False,970.6154848231786,4,0.0
958896,4536,4.494427,163,False,731.777069349441,1,3.600000000000001
958936,4537,31.345605,225,True,1065.024185777328,5,0.4
959096,4538,28.94892,225,True,957.9568077364145,5,0.0
959112,4539,15.464431,225,True,752.9772339670219,0,9.799999999999997
959796,4540,34.900976,225,True,1180.0390421592124,7,0.0
959836,4541,37.584406,225,True,1304.176247589468,5,0.0
959996,4542,29.624468,225,True,1011.3787374184062,5,0.0
960012,4543,25.676055,225,True,875.8421937071471,2,0.0
960404,4544,3.671145,102,False,590.0458081957945,3,0.4
960696,4545,34.50839,225,True,1165.935592988979,6,0.0
960736,4546,22.250769,225,True,770.0307538774944,0,0.0
960912,4547,31.457398,225,True,1054.2959018883948,6,0.2
961304,4548,37.184292,225,True,1256.9716728721755,7,0.0
961596,4549,36.293534,225,True,1179.7413663870898,11,0.4
961636,4550,39.804406,225,True,1344.9762474763902,8,0.0
961812,4551,28.074688,225,True,1002.9875035587047,0,0.0
962204,4552,36.238523,225,True,1215.9409045200414,9,0.2
962496,4553,36.072422,225,True,1246.8968928887316,5,0.0
962536,4554,36.455699,225,True,1195.827953810745,9,0.0
962712,4555,35.700244,225,True,1188.009761451211,10,0.6000000000000001
962944,4556,4.593488,112,False,634.1395294238032,2,0.0
963104,4557,38.577099,225,True,1314.2839706466148,10,1.9999999999999998
963436,4558,22.871529,225,True,779.6611724543457,1,0.0
963500,4559,1.40394,99,False,516.1576098722969,2,0.4
963612,4560,39.490021,225,True,1235.6008499859954,18,2.1999999999999997
963844,4561,33.156465,225,True,1111.858583960779,7,0.4
964336,4562,30.505157,225,True,1067.4062703107934,4,1.2
964400,4563,38.938946,225,True,1295.157853723344,9,0.0
964412,4564,11.648482,200,False,930.7392900980076,7,4.000000000000001
964744,4565,39.677788,225,True,1326.31150811745,9,0.0
965236,4566,33.936559,225,True,1133.4623658739592,7,0.0
965300,4567,28.776843,225,True,981.473705899856,4,0.0
965312,4568,31.141211,225,True,1052.048437677579,5,0.2
965644,4569,36.114406,225,True,1245.376247292369,5,0.0
966136,4570,35.23927,225,True,1269.5708069491116,2,0.2
966200,4571,36.380255,225,True,1188.810187110323,10,0.4
966208,4572,-10.629234,18,False,95.63063476412117,0,1.4
966212,4573,39.603216,225,True,1338.5286399196539,8,0.0
966544,4574,37.716352,225,True,1258.254087946013,9,0.2
966696,4575,6.002768,122,False,665.7107277117568,7,1.7999999999999998
966836,4576,-2.555649,73,False,369.7740213343541,2,0.4
967044,4577,-2.516158,87,False,376.1536902466371,1,0.0
967100,4578,27.008333,225,True,928.3333323838729,2,0.0
967112,4579,36.561459,225,True,1206.4583664937832,9,0.0
967736,4580,36.250589,225,True,1209.2235587937457,13,0.2
967888,4581,21.757097,211,False,1230.2838664105925,8,0.2
968000,4582,33.202999,225,True,1148.9199661430985,5,0.8
968012,4583,24.235224,225,True,860.6089567518561,2,1.7999999999999998
968412,4584,1.31815,131,False,632.7259808197173,1,4.800000000000002
968636,4585,40.072674,225,True,1346.106969538549,9,0.0
968760,4586,-5.112774,87,False,357.08905724703254,0,3.400000000000001
968900,4587,33.416555,225,True,1107.8622077954365,7,0.0
968912,4588,36.680321,225,True,1236.8128204602226,7,0.0
969536,4589,29.728385,225,True,971.5354119682074,7,0.6000000000000001
969660,4590,35.684132,225,True,1204.9652870692844,8,0.0
969800,4591,32.036786,225,True,1123.8714314335125,7,1.4
969812,4592,32.807594,225,True,1124.3037749853274,8,1.2
969868,4593,-2.425025,83,False,399.7989839996658,1,1.0
970560,4594,39.034406,225,True,1346.17624747639,6,0.0
970700,4595,40.320402,225,True,1319.2160620508666,12,0.2
970712,4596,23.897552,225,True,848.7020984459591,4,3.2000000000000006
970768,4597,35.694602,225,True,1257.3840651778196,5,0.6000000000000001
971460,4598,24.870907,225,True,866.0362663138665,1,0.0
971600,4599,32.422365,225,True,1114.4945970266508,5,0.0
971612,4600,31.237424,225,True,1048.6969690652145,8,1.7999999999999998
971668,4601,32.266328,225,True,1169.853110862401,2,0.0
971740,4602,-8.651981,32,False,149.9207726571242,0,0.4
972360,4603,26.525689,225,True,982.6275432733185,3,3.2000000000000006
972500,4604,31.71772,225,True,1078.3088007670517,7,1.2
972568,4605,23.338521,225,True,811.9408335302076,1,0.6000000000000001
972640,4606,34.476013,225,True,1186.2405109496458,5,0.0
973000,4607,0.65053,90,False,506.8212009007775,0,0.0
973260,4608,30.106663,225,True,1037.0665046170523,5,0.8
973400,4609,31.315237,225,True,1084.6094870494017,3,0.0
973468,4610,37.48202,225,True,1307.280802938738,5,0.0
973900,4611,36.826453,225,True,1260.2581016623412,6,0.0
974160,4612,32.116014,225,True,1065.4405797805525,7,0.2
974300,4613,35.355795,225,True,1202.2318123584305,6,0.0
974368,4614,35.34108,225,True,1189.6431934379598,7,0.0
974800,4615,32.335668,225,True,1069.4267345817207,7,0.0
975060,4616,29.885247,225,True,1013.0098922732193,4,0.0
975200,4617,21.981738,225,True,796.069513690961,1,2.1999999999999997
975268,4618,36.759781,225,True,1273.5912493680853,5,0.0
975620,4619,0.389366,88,False,433.1746470264802,6,0.6000000000000001
975700,4620,37.870157,225,True,1208.406294497499,14,1.4
975960,4621,35.172322,225,True,1226.0928902368778,4,0.0
976100,4622,38.213092,225,True,1255.7236675070235,10,0.2
976520,4623,27.649418,225,True,933.1767281095699,4,0.4
976600,4624,27.947979,225,True,964.3191769781924,5,1.4
976756,4625,-7.737045,39,False,182.51821489823146,0,0.4
976860,4626,33.044406,225,True,1090.5762474759417,7,0.0
977000,4627,28.727173,225,True,985.8869283696454,4,0.8
977420,4628,24.192501,225,True,817.30005093197,2,0.0
977656,4629,35.447205,225,True,1144.2881917201557,10,0.2
977760,4630,21.843628,225,True,764.9451293537577,0,0.2
977900,4631,32.156335,225,True,1062.2534159371303,7,0.2
978192,4632,13.718264,193,False,919.9305547914294,7,0.0
978556,4633,29.484709,225,True,1014.5883672129373,8,3.400000000000001
978660,4634,33.093782,225,True,1052.551270018189,10,0.0
978800,4635,39.18036,225,True,1275.2144178416966,11,0.0
979092,4636,32.12366,225,True,1076.9463963109852,10,2.1999999999999997
979456,4637,35.568941,225,True,1135.5576476699794,14,1.7999999999999998
979560,4638,33.031087,225,True,1134.0434787991771,6,0.0
979700,4639,35.723404,225,True,1181.736159491148,8,0.0
979992,4640,34.213148,225,True,1148.5259018164547,9,1.2
980336,4641,6.421247,159,False,696.8498705563266,6,1.7999999999999998
980356,4642,34.880551,225,True,1173.6220320056186,8,0.0
980460,4643,39.577593,225,True,1343.1037096926366,8,0.2
980892,4644,34.334406,225,True,1094.176247209618,10,0.0
981236,4645,36.983972,225,True,1292.9588607469577,5,0.2
981256,4646,36.203036,225,True,1184.9214562493407,10,0.6000000000000001
981360,4647,33.812929,225,True,1138.9171787647551,8,0.6000000000000001
981792,4648,34.501719,225,True,1194.4687633799472,6,0.2
982136,4649,37.802298,225,True,1266.4919026188322,8,0.0
982156,4650,27.080471,225,True,952.8188378573263,1,0.2
982260,4651,31.096725,225,True,1108.6690108031617,1,0.0
982692,4652,37.554351,225,True,1254.9740322866182,8,0.0
982732,4653,4.607794,144,False,645.1117762643164,4,0.2
982948,4654,-3.848851,54,False,311.64594258979355,1,0.0
983036,4655,23.934987,225,True,917.3994787982554,5,6.600000000000003
983160,4656,35.456895,225,True,1215.0757896358182,8,0.4
983592,4657,26.035742,225,True,891.8296699895475,3,0.4
983848,4658,35.445227,225,True,1257.009096492936,3,0.0
983936,4659,36.876906,225,True,1269.4762500538795,6,0.0
984060,4660,24.270819,225,True,853.2327422117271,0,0.0
984492,4661,34.709878,225,True,1165.1951073620303,10,2.1999999999999997
984748,4662,32.605756,225,True,1089.8302593859703,6,0.0
984768,4663,12.785713,177,False,930.6285230700146,4,0.0
984836,4664,34.318989,225,True,1174.3595598159827,5,0.0
985392,4665,32.751894,225,True,1128.4757497887804,4,0.0
985648,4666,28.032079,225,True,1017.2831792599657,4,3.0000000000000004
985668,4667,30.398501,225,True,1025.5400559517834,8,1.5999999999999999
985736,4668,22.865804,225,True,772.2321678855824,2,0.4
986292,4669,31.997592,225,True,1092.7036917592927,6,0.6000000000000001
986548,4670,26.728726,225,True,1022.7490574903061,2,4.400000000000001
986568,4671,30.359797,225,True,1079.9918806008545,1,0.0
986636,4672,35.167601,225,True,1167.5040597669731,8,0.2
987164,4673,5.253794,149,False,665.35177328894,3,0.6000000000000001
987192,4674,36.626011,225,True,1204.2404448639509,9,0.0
987448,4675,31.671712,225,True,1114.868482952254,2,0.0
987536,4676,23.504576,225,True,812.9830500769365,2,1.0
988024,4677,3.239921,122,False,589.5968206912974,3,0.8
988064,4678,35.459353,225,True,1208.7741241861304,9,2.1999999999999997
988092,4679,34.864301,225,True,1179.3720459836532,6,0.0
988108,4680,1.069815,165,False,580.3926022342159,0,2.4
988276,4681,-6.462848,42,False,234.2860838296292,0,0.0
988924,4682,39.608159,225,True,1321.9263420593747,9,0.0
988964,4683,36.477461,225,True,1227.0984219205347,8,0.6000000000000001
988992,4684,40.054406,225,True,1338.976247476388,9,0.0
989176,4685,33.492933,225,True,1150.117337472344,6,1.0
989824,4686,33.873718,225,True,1214.9487001566913,7,3.600000000000001
989864,4687,37.284406,225,True,1292.1762309208511,5,0.0
989892,4688,36.094406,225,True,1228.5762425151643,6,0.0
990076,4689,35.378399,225,True,1195.935960588899,9,1.7999999999999998
990724,4690,33.575458,225,True,1079.0183235999848,11,1.2
990764,4691,34.698809,225,True,1205.5523698436555,4,0.0
990792,4692,28.52401,225,True,989.7603918646532,2,0.0
990976,4693,29.74443,225,True,1124.1771918202867,11,9.0
991624,4694,30.588594,225,True,1050.7437515238985,9,2.8000000000000003
991664,4695,20.881268,225,True,715.2507029892636,0,0.0
991692,4696,23.189826,225,True,900.3930501980972,7,8.200000000000003
991876,4697,34.053657,225,True,1130.946285843182,7,0.0
992524,4698,29.378574,225,True,943.1429563103454,7,0.0
992564,4699,35.247633,225,True,1193.9053013907292,6,0.0
992592,4700,34.417807,225,True,1207.112288225239,4,0.0
992776,4701,24.705904,225,True,881.8361416416426,4,3.2000000000000006
993424,4702,35.112645,225,True,1190.9058015796022,6,0.0
993464,4703,28.480758,225,True,1003.2303151104086,1,0.0
993492,4704,34.20735,225,True,1160.2939969892664,7,0.6000000000000001
993676,4705,31.422442,225,True,1091.297687412749,3,0.0
994324,4706,31.697146,225,True,1079.085855913976,6,1.0
994364,4707,31.627851,225,True,1098.7140508861758,3,0.0
994392,4708,38.403171,225,True,1338.5268315466892,5,0.0
994576,4709,33.092382,225,True,1083.695299015562,8,0.0
995160,4710,15.51784,199,False,1006.3136166013228,7,0.4
995224,4711,33.918763,225,True,1139.9505030002151,7,0.6000000000000001
995292,4712,27.178783,225,True,957.5513353344272,1,0.0
995476,4713,25.424041,225,True,865.7616475191323,4,0.8
995636,4714,-8.141082,40,False,180.75670454261785,1,1.0
996060,4715,29.547103,225,True,1031.484107752949,2,0.0
996124,4716,32.52,225,True,1069.599991259749,7,0.0
996192,4717,35.796908,225,True,1209.476310061314,7,0.0
996536,4718,40.975676,225,True,1339.8270343490344,12,0.0
996960,4719,19.719096,225,True,787.1638223063853,1,5.600000000000002
997024,4720,39.8,225,True,1296.000000000015,11,0.0
997092,4721,34.652592,225,True,1187.7036999854718,5,0.0
997436,4722,38.26,225,True,1346.400000000001,4,0.0
997860,4723,27.555071,225,True,939.0028467922136,3,0.2
997924,4724,27.844397,225,True,932.1758629581866,6,1.4
997992,4725,38.602287,225,True,1320.891490906513,7,0.2
998336,4726,31.248561,225,True,1046.742441662975,6,0.2
998644,4727,-1.423195,77,False,385.47219314848394,4,0.6000000000000001
998760,4728,25.316092,225,True,885.4436926858064,1,0.0
998824,4729,27.901674,225,True,980.0669591108233,1,0.0
998892,4730,34.057176,225,True,1126.2870477905458,9,0.6000000000000001
999544,4731,32.984351,225,True,1150.574029608877,4,0.6000000000000001
999660,4732,36.517959,225,True,1217.518359798671,9,0.8
999724,4733,37.127839,225,True,1221.1135754232373,10,0.6000000000000001
999792,4734,32.52874,225,True,1086.749617413774,6,0.0
1000304,4735,2.227959,128,False,568.318368522805,5,3.0000000000000004
1000444,4736,34.218413,225,True,1138.33650139862,7,0.0
1000560,4737,26.888713,225,True,955.548500436377,0,0.0
1000624,4738,32.957598,225,True,1075.103927028736,9,0.8
1001204,4739,31.392372,225,True,1058.8948934026853,6,0.0
1001344,4740,25.326943,225,True,897.8777340058155,0,0.2
1001460,4741,37.34,225,True,1197.6000000000004,11,0.0
