timesteps,episode,return,length,completed,distance_m,overtakes,danger_seconds
716,1,13.103084,179,False,965.7233688493113,3,0.0
900,2,30.463675,225,True,1083.3470161746818,1,0.0
900,3,27.212547,225,True,973.3018918340297,0,0.0
900,4,28.22773,225,True,1021.1091851450565,0,0.0
1160,5,-4.912287,65,False,299.5085169209815,0,0.6000000000000001
1616,6,34.413722,225,True,1210.9488893849143,3,0.0
1800,7,35.906141,225,True,1238.6456238993042,5,0.0
1800,8,37.491469,225,True,1318.0587515738698,4,0.0
1896,9,11.475556,184,False,915.8222396893343,2,0.0
2516,10,33.322957,225,True,1151.318271840722,4,0.0
2700,11,31.181178,225,True,1097.647119160336,2,0.0
2700,12,32.37958,225,True,1145.58320442587,2,0.0
2796,13,34.979725,225,True,1231.9890063130342,3,0.0
3416,14,38.489615,225,True,1337.9845997836828,6,0.0
3488,15,17.707841,197,False,1111.5136207104065,5,0.0
3600,16,34.977552,225,True,1201.5020996935805,5,0.0
3696,17,33.605547,225,True,1177.0218837483671,3,0.0
4208,18,1.763778,128,False,542.551117785873,1,0.0
4316,19,37.90575,225,True,1303.4300085755176,6,0.0
4388,20,34.608625,225,True,1226.7449967313041,4,0.0
4500,21,30.387829,225,True,1040.3131459874219,4,0.0
4672,22,-1.942762,71,False,387.0895292515347,1,0.0
5108,23,34.636658,225,True,1183.066314175303,6,0.0
5216,24,39.408812,225,True,1345.9524949527781,7,0.0
5400,25,34.344364,225,True,1196.9745689538377,4,0.0
5572,26,30.740559,225,True,1096.0223660557126,1,0.0
6008,27,33.300831,225,True,1175.2332545001618,3,0.0
6116,28,28.39205,225,True,1003.6820026744697,1,0.0
6300,29,27.623677,225,True,960.1470748209754,2,0.0
6472,30,37.782824,225,True,1323.3129490418878,7,1.2
6600,31,-3.103064,75,False,372.67742232057276,0,0.4
6908,32,36.15248,225,True,1248.4992142973688,5,0.0
7016,33,32.807391,225,True,1146.6956552724382,3,0.0
7120,34,6.253563,130,False,685.3425017051734,3,0.0
7332,35,9.685271,215,False,881.8108416915763,0,0.0
7760,36,0.813487,107,False,507.7394622467816,2,0.8
7808,37,39.171869,225,True,1337.2747615437902,7,0.0
7916,38,28.338931,225,True,1005.5572328107144,1,0.0
8020,39,37.913708,225,True,1287.7483359640537,7,0.0
8660,40,35.171585,225,True,1222.8633857903374,5,0.0
8708,41,36.566338,225,True,1264.2535307679022,5,0.0
8816,42,37.082387,225,True,1301.6954685972114,6,0.6000000000000001
8920,43,39.408721,225,True,1345.948844767167,7,0.0
9560,44,34.07193,225,True,1226.0772113993526,2,0.0
9608,45,33.585967,225,True,1167.4386622349557,4,0.0
9716,46,35.517032,225,True,1222.2812897781887,5,0.0
9820,47,34.555474,225,True,1220.6189635855048,4,0.6000000000000001
9912,48,-6.030492,49,False,255.58032560237052,0,0.4
10460,49,26.871342,225,True,955.6536658544564,0,0.0
10508,50,36.214497,225,True,1252.5798682714117,5,0.0
10720,51,30.754668,225,True,1062.986731263661,3,0.0
10812,52,35.659587,225,True,1244.7834730481304,4,0.0
10940,53,-3.992471,55,False,321.10115319452075,0,0.0
11360,54,38.230731,225,True,1307.6292463879631,7,0.0
11408,55,37.537707,225,True,1292.708278811741,6,0.0
11588,56,10.523301,194,False,913.7320355082081,1,0.0
11840,57,27.708861,225,True,1016.3544484632089,1,0.0
12080,58,1.820965,123,False,553.6385949496416,0,0.0
12260,59,26.219185,225,True,898.3674063671601,2,0.0
12308,60,34.647038,225,True,1183.4815288179325,6,0.2
12740,61,31.904686,225,True,1142.58744198869,3,0.8
12980,62,29.054613,225,True,1033.3845002877028,2,0.4
13160,63,29.416071,225,True,1075.8428230455575,0,0.0
13208,64,32.69311,225,True,1177.3243861888445,3,0.0
13460,65,-2.451129,75,False,383.5548453679596,0,0.0
13640,66,38.812895,225,True,1322.9157913013282,7,0.0
13880,67,36.458746,225,True,1243.9498457662853,6,0.0
14036,68,6.756584,144,False,719.8633606313304,2,0.0
14108,69,37.038911,225,True,1299.9564267437281,4,0.0
14540,70,28.128589,225,True,957.943574166193,4,0.4
14780,71,37.657286,225,True,1315.0914326217985,5,0.0
14936,72,35.846467,225,True,1241.8586906935116,5,0.0
15008,73,34.190585,225,True,1162.0234142709342,6,0.0
15244,74,-0.364785,116,False,525.408610380822,0,0.0
15440,75,32.041699,225,True,1197.6679778515008,4,1.2
15828,76,7.136345,146,False,759.0537948153408,1,0.0
15836,77,35.309974,225,True,1259.5989584704726,4,0.0
15908,78,35.609163,225,True,1277.9665143601928,4,0.4
16340,79,35.467199,225,True,1228.2879552834775,5,0.0
16728,80,38.419828,225,True,1324.7931244243168,6,0.0
16736,81,38.888812,225,True,1341.152490619089,6,0.0
16808,82,36.71487,225,True,1305.394801633067,7,0.8
17240,83,31.136106,225,True,1132.6442508138448,4,0.0
17628,84,34.267232,225,True,1229.089268876232,4,0.0
17636,85,24.934911,225,True,986.9964327892949,1,0.0
17708,86,36.861646,225,True,1325.6658286961238,6,0.8
17824,87,-5.263603,47,False,271.0558697950685,0,0.0
18112,88,-0.748526,101,False,478.05897885486297,0,0.0
18140,89,34.701036,225,True,1179.2414225973694,6,0.0
18376,90,-3.567644,59,False,344.4942322239915,0,0.0
18528,91,34.164796,225,True,1191.391839215678,4,0.0
18536,92,-6.821109,40,False,207.95564075045377,0,0.0
18724,93,38.640978,225,True,1337.6391009929603,6,0.0
19012,94,32.440091,225,True,1132.803622099933,4,0.4
19428,95,27.422992,225,True,1108.119676931948,3,2.6
19436,96,35.595429,225,True,1287.81716141559,5,0.0
19624,97,34.037995,225,True,1179.11978790056,4,0.0
19912,98,27.193303,225,True,1000.5321124956322,2,0.0
20328,99,28.440012,225,True,1058.400477183527,3,0.0
20336,100,27.261931,225,True,985.6772407628109,0,0.0
20524,101,33.165833,225,True,1184.2333057040346,2,0.0
20812,102,37.748963,225,True,1334.7585353547615,8,1.4
21228,103,30.831131,225,True,1106.0452560248982,2,0.0
21236,104,31.799041,225,True,1141.5616345427134,2,0.0
21424,105,35.830609,225,True,1240.4243545235086,6,0.0
21712,106,36.651375,225,True,1332.4550022089934,8,1.9999999999999998
22128,107,35.394589,225,True,1246.9835546810154,5,0.6000000000000001
22136,108,33.882058,225,True,1190.4823133575646,4,0.0
22324,109,38.547425,225,True,1327.4969821896811,7,0.0
22612,110,34.100505,225,True,1178.420214899751,5,0.0
23028,111,38.393055,225,True,1336.522182923964,5,0.0
23036,112,26.470062,225,True,975.6024642434356,0,0.0
23224,113,31.087158,225,True,1205.8863373624422,6,4.000000000000001
23512,114,32.476054,225,True,1195.0421429480393,2,0.0
23668,115,-6.885989,39,False,228.56043820324794,0,0.0
23928,116,26.223272,225,True,988.93088126116,1,0.4
23936,117,35.435707,225,True,1232.6282667304463,6,0.0
24124,118,36.29722,225,True,1245.4887974108447,6,0.0
24524,119,-0.470895,100,False,464.36418694663394,1,0.0
24568,120,34.442013,225,True,1228.880506072876,3,0.0
24692,121,15.916051,189,False,1051.0420253237035,5,0.0
24696,122,-7.047922,43,False,242.8831313942485,0,0.8
24720,123,-6.852749,38,False,207.49002089985197,0,0.0
24828,124,35.150919,225,True,1210.0367750259284,7,0.0
25592,125,37.000775,225,True,1268.0309895452306,7,0.0
25596,126,36.693823,225,True,1288.5529187158809,6,0.0
25620,127,40.120296,225,True,1342.411833383127,10,0.0
25728,128,34.992125,225,True,1273.2849873483647,4,0.0
26492,129,38.968849,225,True,1326.7539620169578,8,0.0
26496,130,30.112513,225,True,1096.500530489266,4,0.6000000000000001
26520,131,33.671396,225,True,1202.0558464455357,4,0.0
26628,132,34.880121,225,True,1237.6048434251843,5,0.0
27392,133,30.621281,225,True,1110.4512382612043,2,0.0
27396,134,38.394406,225,True,1336.57624673583,5,0.0
27420,135,30.196914,225,True,1050.2765611044251,4,0.0
27528,136,29.624197,225,True,1075.3678712449127,2,0.0
28292,137,28.049994,225,True,1041.1997619400702,1,0.0
28296,138,30.888226,225,True,1094.7290366476077,4,0.0
28320,139,37.093074,225,True,1270.122957151982,6,0.0
28428,140,37.986592,225,True,1305.0636653633528,6,0.0
29192,141,39.679619,225,True,1306.3847592879497,11,0.0
29196,142,36.224644,225,True,1267.385766055737,5,0.0
29220,143,36.168529,225,True,1265.941176614766,5,0.0
29328,144,29.097232,225,True,1083.089271952164,1,0.4
29440,145,-3.162359,62,False,360.705620533354,0,0.0
29680,146,0.229292,88,False,474.77169094466353,1,0.0
29912,147,3.123152,118,False,600.9260876195474,3,1.4
30096,148,33.210533,225,True,1184.42130379148,6,0.2
30120,149,38.254015,225,True,1285.3605869429311,8,0.0
30540,150,2.001762,111,False,584.8704968947461,1,0.4
30580,151,33.380003,225,True,1188.8001312238644,3,0.0
30588,152,3.183944,117,False,612.1577525766597,4,1.5999999999999999
30664,153,-7.644267,31,False,175.82933723769497,0,0.0
30812,154,28.564519,225,True,1078.5807774299792,1,0.0
30920,155,0.838776,85,False,471.95104846609433,3,0.2
31016,156,-5.667087,51,False,245.3165018320417,1,0.0
31488,157,25.882353,225,True,943.2941328769191,3,1.5999999999999999
31564,158,29.579078,225,True,1062.363122994897,3,0.0
31820,159,31.30716,225,True,1142.6864011786556,1,0.0
31916,160,31.256188,225,True,1167.847532794899,3,0.8
32388,161,31.516107,225,True,1063.0442612351794,5,0.0
32464,162,27.382241,225,True,964.8896247820544,2,0.6000000000000001
32720,163,31.231612,225,True,1066.064461812282,5,0.0
32816,164,38.386871,225,True,1319.474853979821,7,0.0
33288,165,29.624259,225,True,1041.7703725960102,3,0.0
33364,166,27.680388,225,True,1034.41553995144,0,0.0
33620,167,32.08174,225,True,1159.2696182607283,3,0.0
33716,168,38.07501,225,True,1326.2004148368928,5,0.0
34188,169,31.914049,225,True,1174.9619512488048,3,0.0
34264,170,30.59798,225,True,1104.719207020934,5,0.6000000000000001
34520,171,36.012562,225,True,1250.1024716977504,5,0.0
34616,172,31.310999,225,True,1094.0399491444364,7,1.9999999999999998
35004,173,12.253771,204,False,887.7508271438517,6,0.0
35164,174,27.312985,225,True,980.5194049360903,2,0.0
35420,175,27.457851,225,True,1005.5140360156299,1,1.0
35516,176,33.160858,225,True,1192.0343281940995,4,0.0
35700,177,-5.320796,46,False,267.96817117167643,0,0.0
35772,178,-2.338771,88,False,433.6491553192309,1,0.2
35904,179,36.884136,225,True,1266.5654438976294,6,0.0
36064,180,33.464179,225,True,1229.767177841824,4,0.2
36600,181,33.409954,225,True,1137.9981733492136,8,1.4
36672,182,32.381052,225,True,1130.4420812939152,3,0.0
36780,183,12.149523,219,False,919.5809263916099,3,0.0
36964,184,30.834345,225,True,986.173816669761,8,0.0
37500,185,37.165888,225,True,1294.6355243303697,7,0.4
37572,186,27.604292,225,True,964.9716658501288,4,0.6000000000000001
37680,187,30.80828,225,True,1107.5311914086556,3,0.0
37864,188,33.5753,225,True,1146.2119868752075,5,0.0
38400,189,38.548118,225,True,1343.5247115285092,5,0.0
38472,190,38.008788,225,True,1321.9515115678669,5,0.0
38580,191,24.363724,225,True,890.5489646137551,0,0.0
38764,192,36.364079,225,True,1258.5631475353784,5,0.0
38772,193,-4.598483,48,False,280.8606736360339,1,0.0
39300,194,27.571675,225,True,962.0669931591847,2,0.0
39372,195,36.078733,225,True,1251.9493125374156,6,0.0
39664,196,35.748784,225,True,1247.5513656304838,4,0.0
39672,197,29.90375,225,True,1027.3500084740756,4,0.0
40200,198,32.048062,225,True,1105.1224970037638,4,0.0
40272,199,33.116212,225,True,1131.0484631003606,8,1.5999999999999999
40516,200,-4.496109,61,False,301.7556364944744,0,0.0
40564,201,37.881826,225,True,1333.6730254591148,4,0.0
40572,202,32.242496,225,True,1138.499838754467,4,0.0
41040,203,13.106429,210,False,991.4571679929575,3,0.4
41416,204,28.573015,225,True,1104.5205884473576,1,1.0
41464,205,31.90995,225,True,1134.7980139268684,3,0.0
41472,206,38.691837,225,True,1318.0734793741813,7,0.0
41708,207,-4.764595,59,False,303.8161998662247,0,0.0
41940,208,29.557282,225,True,1002.291294736069,5,0.0
42196,209,12.036541,195,False,883.0616206153627,5,0.0
42364,210,36.769595,225,True,1241.1838163243638,7,0.0
42608,211,25.348409,225,True,872.3363681317917,3,0.0
42840,212,22.2429,225,True,754.5159959309897,1,0.0
43096,213,36.468845,225,True,1239.5537872040672,7,0.2
43264,214,33.860638,225,True,1139.2255010065746,6,0.0
43508,215,33.635457,225,True,1179.8182679481033,4,0.0
43740,216,31.840014,225,True,1072.0005535249693,7,0.2
43996,217,35.743349,225,True,1240.1339615551983,5,0.0
44164,218,29.400401,225,True,1055.2160271809025,2,0.0
44408,219,33.464347,225,True,1147.3738929883161,6,0.0
44640,220,26.150981,225,True,883.6392396445494,4,0.0
44840,221,-4.214089,50,False,296.23643350896145,1,0.0
44896,222,28.298372,225,True,1010.3348948823714,2,0.0
45064,223,36.37143,225,True,1258.8571954848348,5,0.0
45284,224,-4.146275,55,False,299.7490092854705,1,0.0
45308,225,38.577844,225,True,1296.713760729223,8,0.0
45464,226,6.048378,142,False,657.135130451858,5,0.0
45740,227,36.147152,225,True,1217.8860756808454,7,0.0
46184,228,33.609947,225,True,1158.797889178386,5,0.0
46208,229,34.462207,225,True,1224.0882878736957,7,1.0
46364,230,32.415478,225,True,1105.4191088905382,5,0.0
46640,231,31.522972,225,True,1109.7188959042837,2,0.0
47084,232,35.792638,225,True,1240.5055075364248,5,0.0
47108,233,33.538403,225,True,1220.736126511073,4,0.2
47264,234,33.642042,225,True,1154.4816728513051,5,0.0
47540,235,36.823129,225,True,1261.7251546469215,8,0.2
47960,236,2.318922,105,False,564.7568926793263,2,0.4
47984,237,39.330686,225,True,1298.0274553837821,10,0.0
48008,238,32.337658,225,True,1132.7063395885662,3,0.0
48164,239,28.972727,225,True,1065.3090871139216,0,0.0
48860,240,35.076302,225,True,1188.6520718309785,6,0.0
48884,241,31.08045,225,True,1181.617999806212,1,0.0
48908,242,39.104217,225,True,1284.9686752549478,10,0.0
49064,243,29.448034,225,True,962.721374339598,7,0.4
49108,244,-6.994153,50,False,221.83389549679873,0,0.6000000000000001
49760,245,31.089369,225,True,1097.1747558029188,3,0.0
49784,246,25.595108,225,True,971.8043170554429,2,2.1999999999999997
49964,247,37.730544,225,True,1306.8217415998197,6,0.0
50008,248,25.669306,225,True,875.5722233354459,2,0.0
50116,249,-0.446258,83,False,446.9496616645897,1,0.0
50660,250,21.732573,225,True,750.9029317997142,0,0.0
50864,251,30.178999,225,True,1085.5599723926248,2,0.4
50908,252,32.670674,225,True,1159.626963722625,3,0.0
51016,253,27.239398,225,True,949.5759368516267,4,1.0
51100,254,-6.099693,48,False,236.81227105431185,0,0.0
51472,255,-4.443598,114,False,379.85607566694966,0,2.1999999999999997
51560,256,38.458383,225,True,1292.7353094594114,8,0.0
51764,257,27.109197,225,True,969.9678908621345,1,0.0
52000,258,29.206564,225,True,1013.8625440903988,3,0.0
52328,259,13.66023,192,False,922.4092147022602,8,0.4
52372,260,34.04336,225,True,1181.734388876032,5,0.0
52664,261,29.187175,225,True,968.2870077394653,5,0.0
52900,262,34.132941,225,True,1184.5176427316856,6,0.2
53228,263,31.267755,225,True,1081.9101992519259,5,0.4
53272,264,30.864327,225,True,1036.97309716899,6,0.4
53564,265,32.821207,225,True,1188.8482641001583,2,0.0
53800,266,36.420126,225,True,1272.0050302988993,6,0.0
54128,267,35.710869,225,True,1214.8347556708723,6,0.0
54172,268,25.015185,225,True,903.8074133485309,1,0.0
54440,269,13.141561,219,False,978.462444367666,4,0.4
54488,270,4.946173,172,False,699.4469288365237,0,0.0
55028,271,27.298841,225,True,940.7536376537228,2,0.0
55072,272,29.659692,225,True,1071.987694969263,2,0.0
55340,273,28.621015,225,True,1080.8406043221376,1,0.0
55388,274,34.458828,225,True,1191.9531108609804,5,0.0
55928,275,27.775502,225,True,975.8200937888994,3,1.0
55972,276,35.339093,225,True,1241.563711647098,5,0.0
56240,277,26.603137,225,True,913.7254839020891,2,0.0
56288,278,26.56807,225,True,993.1227967845184,0,0.4
56828,279,36.856402,225,True,1265.456097783906,7,0.0
56872,280,36.447649,225,True,1277.1059511710087,5,0.0
57140,281,37.877641,225,True,1295.90565681287,8,0.0
57188,282,22.011927,225,True,838.0770651751709,1,2.6
57728,283,36.489509,225,True,1268.3803609928827,5,0.0
57772,284,29.84197,225,True,1061.6788024182551,3,0.0
58040,285,33.11761,225,True,1123.1043959422432,6,0.0
58088,286,28.178354,225,True,1020.7341433892002,0,0.0
58524,287,8.223734,188,False,812.9493666200531,1,0.0
58628,288,25.680499,225,True,943.2199791962894,0,0.4
58940,289,28.417716,225,True,983.9086572407925,5,1.4
58988,290,32.69234,225,True,1126.093588055403,4,0.0
59424,291,34.733323,225,True,1144.5329285759362,9,0.0
59528,292,24.294504,225,True,889.3801543007835,1,1.2
59736,293,11.996967,187,False,914.2786859922837,3,0.0
59840,294,26.048658,225,True,951.5463131502397,0,0.0
60060,295,-3.650337,55,False,313.18652949285524,3,0.6000000000000001
60324,296,30.530157,225,True,1100.4062799610992,2,0.0
60428,297,32.488279,225,True,1139.5311429432154,3,0.0
60636,298,32.711209,225,True,1130.0483499983984,6,0.4
60960,299,39.998758,225,True,1337.5503219310526,9,0.0
61224,300,38.476147,225,True,1308.645869901412,7,0.0
61328,301,32.487755,225,True,1123.51020936359,4,0.0
61536,302,33.294575,225,True,1134.1829896424106,5,0.0
61716,303,10.057559,189,False,835.1023545015812,4,0.6000000000000001
61876,304,-3.205153,85,False,390.99387472134777,0,0.8
62124,305,25.919719,225,True,928.7887567479352,2,1.0
62228,306,36.805822,225,True,1196.232899469559,10,0.0
62616,307,38.037429,225,True,1275.097162282564,8,0.0
62776,308,29.99851,225,True,1061.540386245289,4,1.0
63024,309,35.285963,225,True,1214.6385138288351,5,0.0
63128,310,36.163818,225,True,1244.1527210269114,6,0.0
63320,311,13.834894,176,False,958.1957612293611,6,0.2
63676,312,34.969081,225,True,1217.1632421984527,4,0.0
63924,313,26.628402,225,True,902.7360701812634,3,0.2
64028,314,35.623778,225,True,1178.5511018786374,8,0.0
64220,315,38.261343,225,True,1320.0537099066096,8,1.2
64576,316,33.533725,225,True,1138.9490034189503,6,0.0
64824,317,27.448393,225,True,962.7357149954166,1,0.0
64928,318,22.182903,225,True,823.3161341963773,0,1.2
64964,319,-7.806409,35,False,168.5436413451555,0,0.0
65120,320,29.333143,225,True,1065.3257045977402,1,0.0
65476,321,30.030968,225,True,1046.8387266524094,4,0.2
65828,322,24.471179,225,True,922.0471780067583,1,1.0
65864,323,31.175488,225,True,1021.4195257813992,7,0.0
66020,324,39.552759,225,True,1341.3103471143731,8,0.0
66072,325,-5.556315,52,False,295.3474002839473,1,1.2
66212,326,4.811384,184,False,658.0553525281584,1,0.0
66728,327,35.388711,225,True,1233.9484201741989,7,1.2
66920,328,30.132821,225,True,1090.9128401976182,3,0.0
66972,329,34.263276,225,True,1172.931053005434,5,0.0
67112,330,31.85668,225,True,1099.0671902323206,4,0.0
67628,331,32.822912,225,True,1144.116467430148,4,0.0
67820,332,28.974945,225,True,1066.9977857067179,2,0.6000000000000001
67872,333,34.113145,225,True,1152.5258098393674,8,0.0
68012,334,33.818845,225,True,1147.9538060428818,6,0.0
68096,335,-3.552948,69,False,345.8820971889311,0,0.0
68528,336,30.147985,225,True,1016.319383243962,5,0.0
68772,337,30.835379,225,True,1101.4151788303097,2,0.0
68912,338,24.685427,225,True,868.2170694711981,0,0.0
68996,339,32.958208,225,True,1158.3283109835133,3,0.0
69160,340,-4.063713,62,False,303.0514793274592,1,0.0
69428,341,33.225015,225,True,1160.2006038187124,4,0.0
69672,342,29.678626,225,True,1089.5450543620832,3,1.7999999999999998
69896,343,37.900203,225,True,1302.4081066335752,6,0.0
70060,344,34.491752,225,True,1233.270060975909,6,0.0
70328,345,24.228343,225,True,864.3337100936185,4,1.9999999999999998
70572,346,26.81861,225,True,958.3443909918212,2,1.2
70796,347,39.298047,225,True,1325.5218966264993,8,0.0
70960,348,24.783128,225,True,838.5251306353807,3,0.6000000000000001
71228,349,38.394131,225,True,1288.5652457338497,8,0.0
71472,350,33.108139,225,True,1085.1255630839369,9,0.2
71696,351,29.542716,225,True,1030.5086580714617,4,1.2
71860,352,33.120974,225,True,1148.8389417706458,4,0.0
72120,353,-7.014139,65,False,265.8344374891376,1,3.400000000000001
72128,354,30.538611,225,True,1096.7444293155886,1,0.0
72372,355,34.021604,225,True,1114.464159656642,8,0.0
72596,356,36.659893,225,True,1268.7957183450662,5,0.0
73020,357,35.172096,225,True,1228.483824388115,6,0.0
73028,358,31.147152,225,True,1126.6860861726564,0,0.0
73272,359,34.880574,225,True,1235.2229658606266,5,0.2
73440,360,1.028096,103,False,496.32385059735566,2,0.2
73496,361,37.443416,225,True,1273.7366586340445,7,0.0
73604,362,-5.564,41,False,242.24000677279514,1,0.0
73900,363,2.598026,101,False,537.5210268134524,3,0.0
73920,364,35.660647,225,True,1289.6258833581705,5,0.6000000000000001
74172,365,32.915067,225,True,1180.6026851743936,3,0.0
74364,366,-6.615138,48,False,278.5944724781673,1,1.5999999999999999
74504,367,31.244102,225,True,1135.3640906422552,6,2.1999999999999997
74800,368,33.238295,225,True,1152.7317969070095,4,0.0
74820,369,26.783669,225,True,944.1467784787933,6,1.4
75252,370,8.42626,187,False,852.2504041524942,2,1.4
75264,371,28.92986,225,True,1065.1944132370504,1,0.0
75700,372,36.078453,225,True,1231.938134536505,8,0.0
75720,373,25.156804,225,True,959.0721480983525,1,1.2
76004,374,18.835334,185,False,1086.2133551516254,10,0.4
76084,375,1.40802,91,False,522.720815831241,1,0.0
76152,376,28.572371,225,True,1055.6948293782548,2,0.0
76600,377,38.566698,225,True,1325.8679067142084,7,0.0
76904,378,28.490511,225,True,985.2204547771807,3,0.0
76984,379,28.131597,225,True,1013.2638936681683,0,0.0
77052,380,38.137186,225,True,1279.8874308875943,8,0.0
77500,381,33.759268,225,True,1207.1707394003183,2,0.0
77804,382,34.056051,225,True,1171.0420322258333,5,0.0
77884,383,28.91196,225,True,1021.2783845839192,2,0.0
77952,384,22.216409,225,True,787.0563685416068,0,0.0
78260,385,4.076012,114,False,617.4404799965789,3,0.6000000000000001
78400,386,26.954965,225,True,955.7985889504657,1,0.0
78696,387,0.667014,109,False,508.2805411521101,0,0.0
78784,388,21.558886,225,True,795.9554444428957,1,1.2
78852,389,39.754544,225,True,1302.1817477604727,11,0.2
79300,390,26.868759,225,True,926.7503649096509,3,0.0
79596,391,35.686181,225,True,1222.6472565532554,7,0.8
79684,392,31.104917,225,True,1012.9966877890374,7,0.0
79752,393,30.968315,225,True,1079.532598293133,3,0.0
79884,394,-0.995548,72,False,408.9780888641062,2,0.0
80200,395,28.089875,225,True,1049.1949893732476,3,0.0
80584,396,25.61123,225,True,919.6492114775908,1,0.0
80652,397,34.450984,225,True,1191.6393621497073,5,0.0
80784,398,30.63143,225,True,1058.0572002907534,3,0.0
81100,399,36.956601,225,True,1255.0640334753343,8,0.0
81484,400,28.53225,225,True,934.0899951150175,6,0.0
81552,401,36.22934,225,True,1216.3736006158188,8,0.0
81684,402,31.68624,225,True,1005.8496100126044,9,0.0
82000,403,35.350471,225,True,1200.4188531515888,6,0.0
82384,404,31.14263,225,True,1064.9051951237097,6,0.0
82452,405,31.296891,225,True,1085.4756242269646,3,0.0
82584,406,37.452063,225,True,1284.4825170360168,6,0.0
82900,407,26.965745,225,True,929.0297919894051,2,0.0
83228,408,4.49442,161,False,687.7767889006777,0,0.6000000000000001
83284,409,37.755892,225,True,1310.235683457062,7,0.0
83352,410,34.368581,225,True,1156.3432351138395,9,1.0
83800,411,34.797711,225,True,1211.9084413898854,5,0.0
84128,412,23.851339,225,True,883.6535428042994,4,3.600000000000001
84184,413,38.729671,225,True,1342.78684304426,6,0.0
84252,414,30.267741,225,True,1007.5096377730017,7,0.8
84700,415,36.247132,225,True,1236.2852740757435,6,0.0
85028,416,32.534407,225,True,1070.1762909194395,7,0.0
85084,417,34.02758,225,True,1165.9032097361046,5,0.0
85152,418,34.083688,225,True,1149.747501843066,6,0.0
85600,419,23.069828,225,True,810.7931027068125,0,0.0
85928,420,25.6323,225,True,890.0920058060296,1,0.0
85984,421,26.68878,225,True,945.1511939715265,5,0.8
86052,422,26.826487,225,True,933.0594947116053,4,0.0
86500,423,29.474531,225,True,1019.7812487423253,3,0.0
86688,424,2.383049,159,False,602.5219716761121,0,0.6000000000000001
86828,425,31.787311,225,True,1150.69245439497,7,3.800000000000001
86884,426,34.520014,225,True,1161.6005699788566,7,0.0
87400,427,27.925861,225,True,1010.6344215106371,2,0.0
87588,428,25.117331,225,True,900.6932549985156,1,0.0
87728,429,25.519033,225,True,908.761333548729,0,0.0
87784,430,30.139232,225,True,1103.169292194245,5,1.7999999999999998
88248,431,10.362087,212,False,879.28349580146,3,1.0
88488,432,29.641016,225,True,1032.8406385311841,3,0.0
88628,433,31.814425,225,True,1156.5769840381654,4,0.0
88684,434,29.467312,225,True,1069.092465939822,1,0.0
89148,435,32.969525,225,True,1057.1809804147774,10,0.0
89388,436,31.312467,225,True,1120.4986846511065,2,0.0
89528,437,31.919625,225,True,1117.5850187203678,3,0.0
89584,438,32.224659,225,True,1083.3863529229084,7,0.0
89640,439,-2.389667,63,False,370.0133289009209,1,0.0
90048,440,37.084056,225,True,1259.3622428174758,7,0.0
90428,441,32.874149,225,True,1151.7659682741946,4,0.0
90484,442,33.788217,225,True,1176.3286687422315,5,0.0
90540,443,29.408529,225,True,1071.5411441347346,2,0.0
90948,444,25.348355,225,True,845.9342039020546,4,0.0
91328,445,32.021947,225,True,1102.477865097418,5,0.0
91332,446,10.494371,212,False,914.174837227115,2,0.4
91440,447,32.574072,225,True,1119.7628960632223,6,0.0
91756,448,-2.425179,107,False,496.5928517373493,0,0.4
91848,449,26.665885,225,True,933.0353810376043,2,0.0
92232,450,30.187996,225,True,1046.7198246254886,3,0.0
92340,451,26.946193,225,True,963.4477163713793,3,0.4
92656,452,25.831517,225,True,954.8606782435072,2,1.2
92748,453,30.761753,225,True,1144.870121544389,4,0.0
93132,454,21.776271,225,True,772.6508582685005,0,0.6000000000000001
93240,455,37.027457,225,True,1272.2982732384394,8,0.0
93556,456,22.829377,225,True,827.5750667210043,0,0.0
93648,457,32.203726,225,True,1116.9490322639908,9,2.8000000000000003
94032,458,27.479772,225,True,1005.5908987492487,8,4.800000000000002
94140,459,22.536872,225,True,793.4748606690814,2,1.0
94456,460,30.55187,225,True,1079.674819549005,4,0.0
94548,461,29.971541,225,True,1065.2616583021081,1,0.0
94932,462,33.964805,225,True,1160.9922145059618,6,0.0
95040,463,38.283216,225,True,1285.7286381395593,8,0.0
95356,464,27.490142,225,True,972.4056786852159,4,0.8
95448,465,31.641714,225,True,1149.6685574140488,5,0.2
95524,466,2.623123,121,False,594.5249179645411,3,0.0
95832,467,22.983607,225,True,832.1442659972483,4,3.0000000000000004
96164,468,7.174696,160,False,741.3878596288348,5,0.2
96256,469,25.871325,225,True,925.2530083132733,4,1.0
96348,470,23.460049,225,True,884.8019452659319,2,0.0
96732,471,28.528131,225,True,1028.325220339641,0,0.0
97064,472,21.051967,225,True,788.4786702618776,0,2.1999999999999997
97156,473,26.656141,225,True,959.8456463387304,1,0.0
97248,474,22.289523,225,True,799.5809326893891,1,0.0
97632,475,27.314692,225,True,944.5876975646233,3,0.0
97964,476,34.113911,225,True,1165.3564379779127,7,0.0
98056,477,33.427978,225,True,1122.7191384823836,6,0.0
98148,478,38.241899,225,True,1314.4759529842072,9,0.2
98468,479,9.644064,126,False,739.3625723791083,8,0.0
98532,480,26.622282,225,True,984.8912661943084,2,0.0
98624,481,-0.55088,119,False,465.96481981605257,1,0.4
98632,482,9.075847,144,False,781.4338654646103,4,0.0
99264,483,5.93629,158,False,726.2515994864557,1,0.0
99368,484,26.212281,225,True,914.0912385266263,1,0.0
99432,485,31.52533,225,True,1108.2131823112209,8,2.4
99524,486,27.932004,225,True,986.880140856352,5,0.0
99624,487,1.109007,90,False,499.56027426427727,2,0.2
99788,488,4.507313,105,False,565.8925272023562,6,0.0
99816,489,-3.144182,73,False,323.83272088327567,2,0.0
100212,490,-3.306466,106,False,360.5413552780303,0,0.0
100332,491,32.1287,225,True,1104.3479955518897,4,0.0
100524,492,23.472309,225,True,823.6923782977467,2,0.2
100716,493,38.205616,225,True,1315.4246481124728,6,0.0
101112,494,34.575524,225,True,1207.8209532385222,8,1.0
101232,495,28.654691,225,True,970.987658135482,6,0.2
101424,496,28.185757,225,True,1009.8302635267537,5,2.4
101616,497,25.70123,225,True,904.8492029268052,1,0.0
102012,498,36.524427,225,True,1248.977064341102,7,0.0
102132,499,33.150268,225,True,1150.810732118713,4,0.0
102324,500,36.274097,225,True,1224.5638967538284,8,0.0
102516,501,32.389035,225,True,1145.1613988041904,5,0.0
102912,502,35.293908,225,True,1172.5563057417967,8,0.0
103032,503,32.374819,225,True,1205.3927673749395,6,0.0
103224,504,30.117273,225,True,1056.6909073965357,3,0.0
103416,505,34.787024,225,True,1205.8809589564053,6,0.0
103680,506,2.490943,162,False,594.0377339426329,1,0.0
103812,507,31.331496,225,True,1074.8598324102763,5,0.0
104124,508,34.780196,225,True,1178.4078320961216,6,0.0
104316,509,33.357145,225,True,1127.0858110430431,6,0.0
104580,510,34.032586,225,True,1083.7034533760461,11,0.0
104712,511,29.274759,225,True,1080.5903688303165,2,0.0
104732,512,-8.884574,38,False,166.2170357828029,0,1.2
105016,513,6.663215,175,False,766.5285933679295,0,0.0
105024,514,34.951667,225,True,1201.2666870528078,6,0.0
105612,515,29.49274,225,True,1010.9095981435596,4,0.0
105632,516,25.553906,225,True,912.5562382986739,3,0.4
105916,517,26.934218,225,True,952.5687261918686,3,0.0
105924,518,29.90268,225,True,1096.9072089054916,0,0.0
106388,519,1.413236,118,False,546.929438353822,4,1.7999999999999998
106512,520,25.830904,225,True,893.2361673566718,2,0.0
106532,521,28.20703,225,True,1056.281215035477,0,0.0
106824,522,28.381248,225,True,1001.6499029453655,3,0.8
107288,523,26.124885,225,True,922.5953809159446,1,0.0
107412,524,29.533398,225,True,1131.735914522525,3,0.0
107432,525,27.95294,225,True,934.1175974028561,5,0.0
107712,526,1.139878,106,False,511.1951186350491,1,0.0
107724,527,37.377254,225,True,1283.0901576815286,7,0.0
107844,528,3.073443,108,False,514.9377366433023,6,0.0
108208,529,1.892426,124,False,509.297035790285,3,0.0
108332,530,34.50929,225,True,1213.1715981114303,3,0.0
108624,531,37.098623,225,True,1301.5449227313134,4,0.0
108660,532,1.81219,113,False,548.4876102630717,3,0.6000000000000001
108744,533,28.996076,225,True,1055.043031012493,2,0.0
109108,534,-2.421181,91,False,391.1527790061434,0,0.0
109160,535,3.56975,134,False,635.5900187635461,0,0.0
109232,536,34.493563,225,True,1210.1425297633878,5,0.0
109528,537,2.645323,105,False,555.4129126886828,2,0.0
109560,538,31.910342,225,True,1037.2136604160487,9,0.0
110060,539,21.554625,225,True,755.785014761314,0,0.0
110132,540,29.800882,225,True,1056.8352838626474,1,0.0
110428,541,24.886455,225,True,921.0582006874931,4,1.7999999999999998
110460,542,34.810795,225,True,1137.2318121541243,9,0.2
110504,543,2.051238,111,False,518.0495162498826,4,0.0
111032,544,35.277996,225,True,1194.3198412527977,8,0.0
111328,545,22.856665,225,True,799.8665886543799,1,0.0
111360,546,25.548463,225,True,909.1385065522268,0,0.0
111404,547,34.643089,225,True,1184.9235747737189,7,0.2
111816,548,3.214969,122,False,590.9987486826685,5,1.0
111932,549,30.686748,225,True,1077.8699301837055,2,0.0
112112,550,-0.670996,74,False,405.96016438345646,3,0.0
112260,551,33.536046,225,True,1116.641855104498,7,0.0
112304,552,28.501308,225,True,1033.6523332388406,1,0.4
112832,553,30.545455,225,True,1051.4181853730997,4,0.0
113012,554,39.793815,225,True,1312.5525838147391,10,0.0
113080,555,7.389015,205,False,789.1605845202705,0,0.0
113204,556,32.048255,225,True,1127.53021984418,5,0.0
113452,557,-3.826034,62,False,296.55863584460735,2,0.0
113716,558,14.879137,221,False,1009.5654894788177,5,0.0
113912,559,30.167369,225,True,1090.6947413976059,1,0.0
113980,560,24.054893,225,True,850.1957049428354,1,0.6000000000000001
114260,561,-0.91429,70,False,380.22839586639384,4,0.0
114352,562,32.237503,225,True,1136.7001176919384,3,0.0
114616,563,31.269232,225,True,1083.5692796269482,3,0.0
114812,564,35.76867,225,True,1230.7467869107832,6,0.0
115160,565,30.654172,225,True,1071.7668949540625,4,0.2
115252,566,32.280347,225,True,1126.4138819234686,4,0.0
115516,567,32.570524,225,True,1134.0209423830079,4,0.0
115640,568,1.63852,120,False,571.9407802166131,1,0.0
115712,569,35.53054,225,True,1159.6215882505976,9,0.0
116152,570,30.642538,225,True,1042.5015366766,4,0.0
116416,571,26.3799,225,True,871.9960106781073,4,0.0
116540,572,32.691059,225,True,1119.6423684782035,8,1.2
116612,573,31.917321,225,True,1047.0928595935916,7,0.0
116704,574,9.560244,138,False,720.8097511095414,9,0.0
117316,575,31.033868,225,True,1076.554716075997,3,0.0
117440,576,29.258687,225,True,1055.9474869040941,2,0.0
117512,577,26.503796,225,True,908.9518413443659,2,0.0
117604,578,24.703376,225,True,867.3350331252091,1,0.0
118216,579,27.356153,225,True,911.8461295811517,4,0.0
118340,580,22.640598,225,True,824.8239138481015,0,0.4
118412,581,32.396645,225,True,1071.0658127976621,7,0.0
118504,582,27.597594,225,True,987.9037448604042,1,0.0
119116,583,36.574884,225,True,1135.795366260445,13,0.0
119240,584,26.77106,225,True,935.6423899891347,1,0.0
119312,585,21.660484,225,True,782.4193499545806,1,1.7999999999999998
119404,586,32.245077,225,True,1104.2030861676308,5,0.0
119536,587,1.322314,105,False,503.2925736951702,2,0.0
120036,588,17.691107,199,False,1116.4442846386455,5,0.0
120212,589,37.348768,225,True,1247.5507155976557,8,0.0
120304,590,30.500786,225,True,1101.6314492797574,0,0.0
120436,591,33.845278,225,True,1148.2111093996318,6,0.0
120936,592,25.90783,225,True,891.5132064809416,3,0.0
121112,593,22.747925,225,True,790.7170142270188,0,0.0
121204,594,27.973201,225,True,943.728053276617,5,0.2
121336,595,30.167376,225,True,1029.8950363201661,6,0.6000000000000001
121836,596,27.318923,225,True,931.9569368652474,3,0.0
122012,597,26.963838,225,True,965.753516312303,0,0.0
122104,598,33.489179,225,True,1153.9671423790214,5,0.0
122236,599,33.87774,225,True,1191.9095849925307,4,0.0
122736,600,29.688104,225,True,1027.5241782756832,3,0.0
122912,601,34.572321,225,True,1152.4928223140373,7,0.0
123004,602,35.471331,225,True,1227.6532546630092,6,0.0
123136,603,35.664156,225,True,1221.7662221604178,6,0.0
123636,604,35.832973,225,True,1207.7189283859575,8,0.0
123812,605,30.011733,225,True,1002.069321394406,5,0.0
123904,606,26.855052,225,True,939.0020683502137,1,0.0
124036,607,31.537029,225,True,1054.2811540056618,8,1.4
124368,608,5.496914,183,False,696.6765613785235,3,1.7999999999999998
124712,609,32.89825,225,True,1188.73001016219,2,0.0
124804,610,25.835641,225,True,877.4256320098832,3,0.2
124936,611,33.866577,225,True,1177.8630914023192,4,0.0
125268,612,29.661667,225,True,1065.666675273726,1,0.0
125612,613,23.79157,225,True,800.4627896193404,2,0.0
125704,614,23.92855,225,True,861.141985214135,2,1.9999999999999998
125836,615,26.525704,225,True,922.6281408490117,2,0.0
126168,616,23.042577,225,True,864.9030900398275,0,0.0
126512,617,30.852091,225,True,1057.28362194099,4,0.0
126604,618,28.271502,225,True,966.8600898431762,3,0.0
126736,619,32.108614,225,True,1075.544543664701,8,0.6000000000000001
127068,620,38.066373,225,True,1274.654912009376,9,0.0
127412,621,31.314208,225,True,1089.3683184495535,4,0.0
127504,622,33.058021,225,True,1121.5208413309374,7,0.0
127636,623,29.762392,225,True,1003.2956958888833,7,0.6000000000000001
127968,624,35.14726,225,True,1219.4903997803522,5,0.0
128312,625,33.524267,225,True,1180.1706613391857,3,0.0
128404,626,34.817918,225,True,1193.5167351612808,6,0.4
128500,627,-8.355931,47,False,194.56277497474798,0,1.0
128536,628,34.965451,225,True,1218.6180292227587,6,0.0
128868,629,28.545955,225,True,953.8381810727426,5,0.0
128924,630,1.145922,130,False,565.8368967160259,2,2.4
129124,631,8.841725,156,False,779.269000171982,5,0.0
129436,632,29.011142,225,True,1032.4456974809343,1,0.0
129732,633,8.360553,202,False,822.4221059412814,1,0.4
129768,634,32.466719,225,True,1069.0687479134149,7,0.0
130024,635,36.939289,225,True,1263.9715500072812,6,0.0
130336,636,24.310884,225,True,812.4353586753884,3,0.0
130596,637,13.457402,207,False,979.0960726220987,3,0.0
130632,638,33.663329,225,True,1184.9331639067232,4,0.0
130924,639,31.780735,225,True,1091.2293925363365,6,0.4
131236,640,40.491828,225,True,1342.0731348299332,10,0.0
131496,641,27.038491,225,True,954.3396397493652,3,1.4
131532,642,28.304468,225,True,957.7787327101014,4,0.0
131824,643,26.394563,225,True,938.9825350181329,0,0.0
132136,644,29.617874,225,True,1033.514977055835,2,0.0
132392,645,17.273878,215,False,1058.15511459953,8,0.0
132396,646,31.296863,225,True,1046.2745328509677,6,0.0
132724,647,36.33988,225,True,1262.3951894538927,5,0.0
132924,648,-5.669668,50,False,238.0132677507238,1,0.0
133036,649,34.518651,225,True,1221.5460362610638,3,0.0
133292,650,27.952721,225,True,931.7088324625283,5,0.0
133296,651,25.089478,225,True,873.979121628533,2,0.6000000000000001
133332,652,-0.728512,74,False,431.6595063262023,2,0.0
133824,653,33.28619,225,True,1096.2475982145843,8,0.0
134084,654,18.009417,197,False,1107.5766738660036,6,0.0
134192,655,26.128109,225,True,882.7243659185215,3,0.2
134232,656,29.820415,225,True,1032.0165905916863,3,0.0
134724,657,21.033177,225,True,772.5270679425946,0,1.5999999999999999
134816,658,4.743646,156,False,677.7458293049419,0,0.0
134984,659,21.976385,225,True,777.4554136552865,1,0.6000000000000001
135132,660,34.026747,225,True,1185.8698860746863,4,0.0
135236,661,3.618694,128,False,600.7477425772161,2,0.0
135716,662,25.802266,225,True,880.8906449057645,2,0.0
135884,663,36.986028,225,True,1229.8411133711043,9,0.0
136032,664,26.77037,225,True,952.4148164211276,0,0.0
136136,665,32.228184,225,True,1107.5273774290067,4,0.0
136528,666,2.281491,161,False,568.059655438142,1,0.0
136616,667,29.085121,225,True,980.204858257855,4,0.0
136712,668,6.33904,144,False,679.1616011874496,4,0.0
136932,669,28.250404,225,True,938.8161699757475,6,0.2
137428,670,31.596866,225,True,1119.874626508822,2,0.0
137516,671,25.360484,225,True,876.0193423764742,4,0.6000000000000001
137612,672,28.462602,225,True,939.3040790705111,5,0.0
137832,673,22.841626,225,True,818.465022522169,0,0.0
138328,674,34.492984,225,True,1168.5193466702895,6,0.0
138416,675,25.412942,225,True,892.5176864858606,2,0.6000000000000001
138512,676,28.851341,225,True,1026.0536474064843,5,0.4
138728,677,-2.328923,78,False,378.8430964625213,3,1.5999999999999999
138732,678,20.565251,225,True,748.2100458980055,0,0.4
139228,679,37.276023,225,True,1231.040916405757,10,0.0
139412,680,23.260732,225,True,785.6292702099031,2,0.0
139628,681,33.260406,225,True,1137.6162498455951,5,0.0
139632,682,30.165432,225,True,998.6172662336721,6,0.0
140128,683,22.9255,225,True,789.820006323559,2,0.0
140284,684,16.202372,218,False,1073.6948847745562,4,0.0
140528,685,39.684182,225,True,1328.1672748292162,9,0.0
140532,686,37.048501,225,True,1284.3400263783524,5,0.0
141028,687,30.537599,225,True,1021.5039605873728,7,0.0
141184,688,23.846772,225,True,890.6708685876533,1,0.0
141260,689,10.291342,182,False,823.653684294937,6,0.6000000000000001
141428,690,25.979941,225,True,871.997633319118,3,0.0
141928,691,31.752081,225,True,1019.6832450534919,9,0.0
142084,692,28.195046,225,True,1017.401827809731,0,0.0
142160,693,32.102099,225,True,1125.6839777438213,3,0.0
142328,694,31.581637,225,True,1111.265481544382,4,0.0
142828,695,33.959518,225,True,1109.5807030542142,9,0.0
142984,696,31.621944,225,True,1054.4777606332514,7,0.2
143060,697,32.29088,225,True,1094.835205900842,6,0.0
143228,698,34.251479,225,True,1174.059153200571,6,0.0
143728,699,33.091265,225,True,1116.4505856554538,6,0.0
143884,700,26.580475,225,True,898.418997853755,3,0.0
143960,701,26.319538,225,True,919.1815101146403,1,0.0
144128,702,22.867048,225,True,779.4819160334666,1,0.0
144628,703,30.519487,225,True,1090.3794633230063,3,0.0
144784,704,29.555846,225,True,951.0338361985282,7,0.0
144860,705,33.988208,225,True,1209.1283066664332,2,0.0
145028,706,31.568821,225,True,1097.1528458769708,3,0.0
145160,707,-3.093651,94,False,357.8539545795875,0,0.0
145528,708,34.595385,225,True,1209.415382293802,4,0.0
145760,709,22.987775,225,True,817.9109986464705,0,0.0
145900,710,1.683059,93,False,507.32235825599014,3,0.0
145928,711,26.88203,225,True,909.6812131064617,3,0.0
146060,712,29.501545,225,True,988.0617947835956,5,0.0
146332,713,-3.094731,68,False,342.61077741002464,1,0.0
146660,714,35.680438,225,True,1208.8175337180132,7,0.0
146800,715,30.96753,225,True,1085.9012180302043,3,0.0
146828,716,24.54916,225,True,832.3664007485215,2,0.0
147232,717,21.16764,225,True,738.7055831184791,0,0.0
147560,718,23.837731,225,True,829.5092264060165,3,0.0
147700,719,34.496966,225,True,1181.4786547173044,5,0.0
147728,720,33.924391,225,True,1157.7756353086788,5,0.0
148132,721,26.120628,225,True,884.8251294597048,3,0.0
148460,722,25.607418,225,True,957.0967263503462,2,3.0000000000000004
148600,723,23.913441,225,True,843.7376450553759,0,0.0
148628,724,27.887422,225,True,949.8968770849133,3,0.0
148896,725,-0.984382,109,False,437.4247267081623,1,0.0
149032,726,31.242402,225,True,1104.8960628984578,2,0.0
149096,727,-7.555246,50,False,179.39017456393026,0,0.0
149500,728,28.319222,225,True,978.3688965034951,7,2.4
149520,729,20.97625,223,False,1209.449985444738,7,0.0
149932,730,28.274743,225,True,987.7897274697912,2,0.0
149996,731,35.128415,225,True,1218.7366072035793,6,0.4
150400,732,28.555717,225,True,959.0286707077075,6,0.8
150420,733,30.404396,225,True,1078.5758484311723,2,0.0
150832,734,40.0081,225,True,1326.723981939027,10,0.0
150896,735,24.157022,225,True,847.0808823556235,0,0.0
151300,736,35.281438,225,True,1172.0575254620176,8,0.0
151320,737,38.079765,225,True,1331.9905822694445,5,0.2
151732,738,38.158715,225,True,1279.9485876603057,8,0.0
151796,739,36.058271,225,True,1263.1308413816537,4,0.0
152200,740,36.546481,225,True,1255.45925396559,7,0.0
152220,741,37.046137,225,True,1280.2454792228987,6,0.0
152632,742,34.85686,225,True,1197.4743961962504,5,0.0
152696,743,20.516106,225,True,723.8442261280757,0,0.0
153100,744,23.346528,225,True,814.6611217452471,0,0.0
153120,745,32.218176,225,True,1137.527052646737,2,0.0
153532,746,36.561961,225,True,1280.8784554550089,4,0.0
153540,747,5.737776,110,False,599.111020102308,7,0.0
153596,748,34.575329,225,True,1184.613167701204,5,0.0
153888,749,10.270787,192,False,872.4314837294946,2,0.0
154432,750,28.506026,225,True,981.0410563429793,3,0.0
154440,751,26.435261,225,True,896.6104451050535,3,0.0
154496,752,31.058703,225,True,1075.1481024054951,3,0.0
154608,753,-8.81641,28,False,148.94358968258211,0,0.6000000000000001
154788,754,31.538002,225,True,1032.7200935459498,7,0.0
155332,755,28.428831,225,True,970.7532260116682,3,0.0
155340,756,29.879848,225,True,976.7939276165741,8,0.6000000000000001
155420,757,12.893362,158,False,901.3344875198432,6,0.0
155508,758,26.382478,225,True,874.4991126801194,4,0.0
156232,759,29.11944,225,True,963.9776046223715,6,0.0
156240,760,29.649338,225,True,1034.7735154690465,2,0.0
156320,761,25.782253,225,True,896.0901324121385,1,0.0
156408,762,22.116626,225,True,750.2650528341119,1,0.0
157092,763,1.846266,171,False,663.4506366293826,2,4.600000000000001
157132,764,30.606378,225,True,1025.0551310432436,6,0.0
157140,765,34.952228,225,True,1170.0891283372498,7,0.0
157220,766,28.914375,225,True,1042.1749920688917,2,0.0
157992,767,34.110899,225,True,1166.8359512498741,5,0.0
158032,768,28.80894,225,True,961.1575961625838,6,0.2
158040,769,34.667789,225,True,1155.511578631851,7,0.0
158120,770,33.686266,225,True,1151.450640361687,5,0.0
158892,771,33.283693,225,True,1161.7477366952671,4,0.0
158932,772,34.014884,225,True,1202.9953417629786,3,0.0
158940,773,29.018748,225,True,983.9499261438389,5,0.6000000000000001
159020,774,38.476969,225,True,1326.2787556503617,6,0.0
159792,775,25.088544,225,True,901.9417759375851,0,0.0
159832,776,39.224273,225,True,1289.770908860953,10,0.0
159840,777,23.97282,225,True,850.1128013496245,4,2.6
159920,778,37.245177,225,True,1273.007088428354,7,0.0
160692,779,22.546571,225,True,790.6628432337932,1,1.0
160732,780,36.111127,225,True,1214.8450690697373,7,0.0
160740,781,28.096249,225,True,985.4499727630209,2,0.0
160820,782,22.093118,225,True,764.5247195345321,0,0.0
161188,783,0.161087,114,False,488.04348069557614,0,0.0
161592,784,26.289749,225,True,900.389948851717,2,0.0
161640,785,28.130142,225,True,997.2056787167278,5,1.9999999999999998
161720,786,38.657617,225,True,1219.9046904352545,13,0.0
162088,787,28.129189,225,True,941.9675655457293,4,0.0
162492,788,34.323941,225,True,1149.757620918941,9,1.0
162540,789,24.141451,225,True,814.4580452657626,2,0.0
162620,790,36.254571,225,True,1255.782835884252,5,0.0
162988,791,34.976115,225,True,1169.4446069957958,7,0.0
163392,792,34.349276,225,True,1167.571053013307,6,0.0
163440,793,34.14903,225,True,1119.561203956107,9,0.6000000000000001
163520,794,36.26024,225,True,1235.2096101198254,6,0.0
163888,795,34.463673,225,True,1157.7469105493265,7,0.0
164292,796,28.675619,225,True,979.8247520789639,3,0.0
164340,797,29.07007,225,True,966.8028111850024,5,0.0
164420,798,37.384859,225,True,1329.7943420269003,3,0.0
164716,799,-1.440786,94,False,446.3685575039474,1,0.8
164788,800,38.761467,225,True,1304.8586660780857,8,0.0
165192,801,22.284338,225,True,783.3735003452539,0,0.0
165320,802,23.922276,225,True,860.0910526315765,4,3.0000000000000004
165452,803,8.898274,166,False,850.3309698932756,1,0.0
165616,804,26.953584,225,True,987.7433678286545,0,0.0
166092,805,34.46031,225,True,1166.4123967473442,6,0.0
166220,806,29.400214,225,True,980.008555312726,5,0.0
166352,807,36.017824,225,True,1259.1129798372694,4,0.0
166516,808,40.618079,225,True,1301.523155197799,14,0.4
166992,809,26.936706,225,True,967.0682274133928,1,0.2
167120,810,34.264306,225,True,1098.572240177995,10,0.0
167252,811,37.420049,225,True,1273.6019725823026,7,0.0
167416,812,28.618148,225,True,969.5259108234472,5,0.0
167892,813,35.823211,225,True,1169.7284429769616,9,0.0
168020,814,31.581419,225,True,1087.2567774504128,4,0.2
168152,815,27.333665,225,True,974.1466013328823,0,0.0
168316,816,30.993107,225,True,1047.7242679911162,5,0.0
168792,817,39.388351,225,True,1343.534049891266,8,0.6000000000000001
168920,818,31.663077,225,True,1068.923095221241,5,0.0
169052,819,39.792698,225,True,1323.707932077743,10,0.0
169216,820,31.569388,225,True,1042.775500737147,8,0.8
169692,821,33.546408,225,True,1133.8563299377597,7,0.8
169820,822,23.044824,225,True,786.5929502571557,1,0.0
169952,823,30.455064,225,True,1042.2025688730255,4,0.0
170116,824,31.525014,225,True,1109.8005546054633,2,0.0
170516,825,1.077751,100,False,506.3100342507362,3,1.2
170592,826,33.615603,225,True,1081.4241104861862,10,0.0
170720,827,37.201727,225,True,1223.2690660684907,11,0.0
170720,828,-5.077846,51,False,278.4861726877832,0,0.0
170852,829,34.448704,225,True,1163.548160695002,6,0.0
171492,830,32.382092,225,True,1101.683678988351,10,3.0000000000000004
171620,831,33.31432,225,True,1173.3728082972425,3,0.0
171620,832,36.94581,225,True,1270.6323979490812,7,0.4
171752,833,30.230564,225,True,1054.8225693338686,3,0.0
172392,834,26.635009,225,True,908.6003491758952,5,1.2
172520,835,36.222615,225,True,1172.9045931238452,12,0.2
172520,836,29.692988,225,True,1006.1195343036904,4,0.0
172652,837,25.549144,225,True,867.5657521719445,3,0.0
173292,838,31.831091,225,True,1134.8436458643655,2,0.0
173420,839,27.793683,225,True,976.5473206994343,1,0.0
173420,840,32.421895,225,True,1121.6758002900015,4,0.0
173552,841,35.321565,225,True,1194.4625965786722,7,0.0
174192,842,29.690821,225,True,974.0328359650637,6,0.0
174320,843,30.844614,225,True,1051.3845632503658,6,0.0
174320,844,28.063653,225,True,955.3461340136382,6,1.0
174452,845,34.396749,225,True,1179.8699705359495,5,0.0
175004,846,12.529366,171,False,873.1746479462399,7,0.0
175092,847,30.636299,225,True,1087.051974797398,2,0.0
175220,848,33.131306,225,True,1143.652257706775,4,0.0
175308,849,-3.132828,76,False,355.4868662916913,0,0.0
175352,850,25.483738,225,True,884.1495374375927,1,0.0
175992,851,26.661703,225,True,943.2681112511227,5,1.4
176120,852,37.258798,225,True,1243.9519300625939,8,0.0
176208,853,38.210127,225,True,1303.6050850925885,8,0.2
176252,854,35.717188,225,True,1238.2875289640451,5,0.0
176564,855,-1.775543,78,False,410.57826244633816,0,0.0
176892,856,22.601743,225,True,784.8697388386317,0,0.0
177020,857,27.19412,225,True,938.1648034009183,2,0.0
177108,858,27.399847,225,True,944.7938951248964,2,0.0
177284,859,-1.691708,98,False,397.93169778666083,1,0.0
177464,860,27.152494,225,True,963.699766038184,1,0.0
177920,861,34.425589,225,True,1131.4235594277498,8,0.0
178008,862,29.95152,225,True,1046.8607827502626,2,0.0
178184,863,36.661004,225,True,1268.8401571048244,5,0.0
178364,864,36.483199,225,True,1271.3279583489762,5,0.4
178820,865,35.115402,225,True,1223.016091037403,4,0.0
178908,866,32.910233,225,True,1152.409312230851,6,1.9999999999999998
179084,867,24.603029,225,True,867.3211646341042,0,0.0
179264,868,31.788757,225,True,1088.3502682756034,4,0.0
179720,869,37.779395,225,True,1288.7757844291918,8,0.0
179808,870,38.377216,225,True,1212.6886410186003,13,0.2
179984,871,34.92809,225,True,1202.7235963728035,5,0.0
180164,872,33.20471,225,True,1148.1884134800084,4,0.0
180620,873,35.393805,225,True,1168.5522145750174,8,0.0
180708,874,29.923754,225,True,1013.750147347137,4,0.0
180884,875,30.552252,225,True,1102.8900848509466,5,0.6000000000000001
181064,876,32.707075,225,True,1064.283008919047,9,0.0
181456,877,7.57351,187,False,782.9404080493391,2,0.8
181520,878,34.594003,225,True,1120.5601084415512,9,0.0
181784,879,25.801679,225,True,970.467158413486,2,2.1999999999999997
181964,880,20.32562,225,True,764.2248189438633,0,2.4
182356,881,36.004827,225,True,1208.9930724865708,8,0.4
182420,882,35.592521,225,True,1210.1008304882325,6,0.0
182428,883,2.276345,116,False,564.6538073819802,5,2.1999999999999997
182684,884,40.447861,225,True,1326.7144479332433,11,0.0
183256,885,22.462297,225,True,800.0918852377986,0,0.4
183320,886,27.123205,225,True,1039.32821632683,9,8.000000000000004
183328,887,32.116291,225,True,1123.851629104016,3,0.0
183584,888,22.749438,225,True,795.5775287793351,0,0.2
184156,889,28.404516,225,True,952.1806558355001,6,1.0
184220,890,37.570504,225,True,1321.2201729236117,8,2.4
184228,891,27.122894,225,True,890.5157708321849,6,0.0
184484,892,35.871852,225,True,1229.2740959601165,6,0.0
184712,893,3.532391,139,False,596.4956383437554,4,0.6000000000000001
185120,894,31.056322,225,True,1033.4528975798255,7,0.6000000000000001
185128,895,27.791428,225,True,949.2571295967891,3,0.2
185384,896,31.277749,225,True,1034.3099442773057,9,1.7999999999999998
185612,897,22.402952,225,True,760.918084566702,1,0.0
186020,898,23.235056,225,True,879.0022517585676,4,5.000000000000002
186028,899,38.983155,225,True,1345.7261968432472,6,0.0
186284,900,26.928419,225,True,957.9367748763534,0,0.0
186292,901,-3.599081,66,False,375.23675524664804,2,2.1999999999999997
186512,902,39.455538,225,True,1323.0215326812918,10,0.4
186624,903,-1.96577,85,False,430.96921947191504,3,2.4
186920,904,24.086952,225,True,926.6780847579646,4,4.400000000000001
187192,905,32.544401,225,True,1150.5760241790335,2,0.0
187228,906,-2.706439,77,False,362.94245269036855,1,0.2
187412,907,33.251776,225,True,1132.471044903073,5,0.0
187524,908,24.850412,225,True,887.6164738329169,1,1.2
188092,909,36.556205,225,True,1271.048188423838,6,0.0
188128,910,35.892105,225,True,1222.0842048779323,6,0.0
188312,911,25.503875,225,True,900.9549982944832,0,0.0
188424,912,30.20512,225,True,1069.8047854328797,4,0.8
188992,913,39.434391,225,True,1346.175635308498,7,0.0
189028,914,37.472353,225,True,1302.8941028201816,5,0.0
189212,915,29.478358,225,True,1005.5343094678637,7,1.7999999999999998
189324,916,30.578509,225,True,1071.940373589353,5,1.4
189892,917,38.005516,225,True,1291.4206317659214,7,0.0
189928,918,23.011236,225,True,799.6494309564873,2,1.0
190112,919,37.935009,225,True,1303.8003769191682,6,0.0
190224,920,37.173666,225,True,1217.3466548184624,10,0.0
190792,921,31.137984,225,True,1103.919359114389,8,2.8000000000000003
190828,922,29.473862,225,True,995.7544774388341,4,0.0
191012,923,23.947932,225,True,856.317275730393,2,1.7999999999999998
191124,924,37.31786,225,True,1294.314392804196,5,0.0
191228,925,-6.681822,54,False,228.72713736562832,0,0.6000000000000001
191452,926,-3.037026,82,False,344.91896366270817,1,0.0
191692,927,28.270798,225,True,1026.0319204077412,7,4.400000000000001
191728,928,34.205497,225,True,1153.8198662705981,6,0.0
192004,929,3.113792,138,False,612.5516792586857,4,2.4
192128,930,30.160229,225,True,1034.409166048657,4,0.0
192592,931,35.376385,225,True,1182.2553819686254,10,0.6000000000000001
192628,932,31.093404,225,True,1120.5361752097751,1,0.0
192764,933,-5.663907,43,False,254.24373819294237,0,0.0
192904,934,27.396114,225,True,958.2445751420032,2,0.0
193028,935,21.86602,225,True,755.4408069068907,0,0.0
193372,936,4.552138,152,False,656.4855139674924,4,1.5999999999999999
193528,937,28.633062,225,True,1010.1224984811756,1,0.0
193804,938,36.588377,225,True,1243.5350680242873,8,0.8
193928,939,35.61018,225,True,1146.8071990326134,10,0.0
194272,940,30.281992,225,True,1012.8796730813701,8,1.4
194428,941,32.618903,225,True,1091.1561118023037,6,0.0
194704,942,25.985989,225,True,873.8395707763486,5,1.4
194828,943,33.497561,225,True,1135.9024322701134,6,0.2
195172,944,36.866306,225,True,1275.4522565899733,5,0.0
195328,945,32.447764,225,True,1117.1105628464948,4,0.0
195604,946,37.068631,225,True,1252.3452372695979,7,0.0
195728,947,32.179772,225,True,1074.390884610832,6,0.0
196072,948,33.802033,225,True,1120.8813024372048,8,0.6000000000000001
196228,949,34.121195,225,True,1152.0478044678207,6,0.0
196504,950,31.855459,225,True,1051.0183580566063,7,0.0
196628,951,35.620708,225,True,1228.8283241942304,7,0.0
196640,952,-3.671308,103,False,411.54769500556176,1,3.600000000000001
196972,953,36.154561,225,True,1258.1824235232784,6,0.6000000000000001
197404,954,27.385781,225,True,966.6312524763848,1,0.0
197528,955,36.387969,225,True,1257.9187771558782,6,0.0
197540,956,38.941123,225,True,1312.0449039154905,8,0.0
197872,957,30.928099,225,True,1033.1239730099412,7,0.4
198168,958,-4.147213,74,False,299.7114735278433,1,0.0
198304,959,32.809751,225,True,1090.7900316492414,8,0.0
198428,960,29.280447,225,True,967.2178936047171,6,0.4
198440,961,33.133236,225,True,1046.1294213374476,10,0.0
199068,962,29.370482,225,True,998.8192856066057,4,0.0
199204,963,27.230967,225,True,954.0386978698107,1,0.0
199292,964,8.462958,213,False,825.7183302051196,4,2.6
199328,965,34.78234,225,True,1225.6936125248849,3,0.0
199468,966,-6.376014,44,False,241.75945191567507,2,0.8
199968,967,36.552105,225,True,1245.2841824682405,8,1.0
200104,968,33.733507,225,True,1175.7402652234737,5,0.0
200228,969,27.422839,225,True,984.1135789018592,0,0.0
200368,970,35.797362,225,True,1179.8944820235747,10,0.8
200868,971,27.043714,225,True,898.5485474333111,4,0.0
201004,972,38.622579,225,True,1284.9031462218413,9,0.0
201016,973,7.163871,197,False,774.554845421565,0,0.0
201268,974,22.820534,225,True,778.4213542084938,1,0.0
201768,975,25.260953,225,True,889.6381352843398,1,0.0
201904,976,33.196847,225,True,1097.4738804770286,7,0.0
201916,977,24.233385,225,True,856.5354029100106,2,1.0
202168,978,30.596031,225,True,1048.641243012174,5,0.2
202188,979,-4.559168,68,False,307.2332976779328,1,1.0
202504,980,11.566758,184,False,923.4703076581036,4,1.7999999999999998
202804,981,21.858974,225,True,761.5589537880116,2,1.5999999999999999
203068,982,23.268083,225,True,795.5233026573321,1,0.0
203088,983,21.465939,225,True,834.6375554923748,3,5.400000000000002
203404,984,22.969897,225,True,820.395887146235,0,0.4
203704,985,27.406386,225,True,957.0554489132842,3,0.4
203968,986,29.985635,225,True,1010.6254107823354,6,0.8
203988,987,36.324087,225,True,1256.163478187685,5,0.0
204304,988,25.293906,225,True,866.9562525539266,2,0.0
204604,989,35.059011,225,True,1220.7604327221716,4,0.0
204868,990,38.835511,225,True,1320.6204417710637,9,0.2
204888,991,23.428415,225,True,811.536583669149,1,0.4
205204,992,27.77419,225,True,977.3676036245736,1,0.0
205504,993,37.798819,225,True,1255.1527778996074,9,0.2
205732,994,-3.71895,57,False,312.8419971677449,2,0.0
205768,995,28.728742,225,True,937.9496972689005,7,0.8
205788,996,24.748201,225,True,872.328034153664,2,0.0
206104,997,29.700964,225,True,1043.238578978492,2,0.0
206632,998,25.532776,225,True,879.711029016526,3,0.8
206668,999,34.831533,225,True,1162.0613299571537,8,0.6000000000000001
206688,1000,36.702073,225,True,1254.482938687725,6,0.0
207004,1001,26.968191,225,True,945.1276430150663,1,0.0
207532,1002,28.71937,225,True,1013.5748021972122,1,0.0
207568,1003,31.069159,225,True,1061.1663523761663,5,0.0
207588,1004,30.664374,225,True,1060.9749790285218,3,0.0
207904,1005,27.839012,225,True,971.9604862095982,4,0.2
208432,1006,29.846395,225,True,1026.655805430972,3,0.0
208468,1007,23.314238,225,True,814.1695086490563,0,0.0
208488,1008,35.442001,225,True,1192.8800530283738,7,0.0
208640,1009,-5.073583,52,False,274.6566656059772,2,1.2
208804,1010,32.788972,225,True,1164.3588715223968,3,0.0
209368,1011,34.742439,225,True,1192.0975783549152,5,0.0
209388,1012,35.130023,225,True,1191.6009150788086,6,0.0
209540,1013,24.932144,225,True,876.485768279447,2,0.0
209704,1014,39.858436,225,True,1332.7374266290217,9,0.0
210268,1015,28.775008,225,True,958.2003019372005,5,0.2
210288,1016,27.508427,225,True,950.737079175645,2,0.0
210440,1017,25.529527,225,True,889.1810906331864,1,0.0
210604,1018,31.339478,225,True,1031.979108370963,10,1.7999999999999998
211168,1019,26.435577,225,True,880.623067416027,4,0.0
211188,1020,35.507381,225,True,1189.8952457027672,7,0.0
211340,1021,31.449014,225,True,1092.3605504109987,3,0.0
211460,1022,-5.699973,68,False,253.60106151878472,0,0.0
211504,1023,31.07128,225,True,1062.8512051915827,5,0.0
212068,1024,20.58367,225,True,721.7467923171002,0,0.0
212240,1025,31.789907,225,True,1089.9962611726128,4,0.0
212360,1026,32.024562,225,True,1073.7824891115883,6,0.2
212404,1027,34.329041,225,True,1180.3616390715088,5,0.0
212564,1028,-4.372623,51,False,274.695071448039,2,0.0
212968,1029,24.964109,225,True,853.7643579630083,2,0.0
213140,1030,31.288599,225,True,1036.3439686334602,6,0.0
213148,1031,4.369388,146,False,654.7755375400034,6,3.2000000000000006
213304,1032,25.669541,225,True,876.3816329801782,2,0.0
213344,1033,-5.144341,49,False,278.2263613125101,4,2.8000000000000003
213868,1034,36.259913,225,True,1224.7965202711293,13,3.800000000000001
213872,1035,8.903759,132,False,774.5503784543023,4,0.0
214040,1036,32.151838,225,True,1158.073519813428,1,0.0
214204,1037,34.844146,225,True,1212.9658474668272,5,0.0
214768,1038,29.704382,225,True,1064.17529009508,5,0.0
214772,1039,29.982556,225,True,1126.5022374392906,1,0.0
214940,1040,29.447103,225,True,988.2841226792405,6,1.0
215104,1041,27.049117,225,True,918.7646812017786,5,0.0
215668,1042,23.440974,225,True,818.4389472879545,0,0.0
215672,1043,38.630299,225,True,1267.611955156748,10,0.0
215840,1044,36.366696,225,True,1214.6678539892791,8,0.0
216004,1045,24.68751,225,True,847.5004077447618,2,0.2
216568,1046,33.028557,225,True,1173.142266521092,3,0.0
216572,1047,29.063848,225,True,1012.9539278482973,2,0.0
216740,1048,34.223013,225,True,1171.3205385676388,7,0.0
216904,1049,20.967068,225,True,733.8827019336518,0,0.6000000000000001
217468,1050,35.379121,225,True,1220.7648225146609,6,0.0
217472,1051,35.723581,225,True,1200.1432460035003,7,0.0
217640,1052,31.723708,225,True,1132.9483298611212,5,0.4
217804,1053,30.094645,225,True,1011.7858023899885,5,0.0
218368,1054,34.424764,225,True,1144.1905523023934,8,0.0
218372,1055,34.668908,225,True,1109.156300617312,11,0.0
218540,1056,30.043882,225,True,1042.555274894236,3,0.0
218704,1057,27.522998,225,True,919.3199245410949,4,0.0
218964,1058,-0.472825,106,False,475.48698164830466,1,0.0
219268,1059,32.810252,225,True,1143.6100967584507,4,0.0
219272,1060,34.501469,225,True,1182.4587530069848,5,0.0
219604,1061,31.895677,225,True,1126.2270633278035,3,0.0
219864,1062,34.226703,225,True,1192.2681110038916,4,0.0
220168,1063,31.774704,225,True,1100.588152560123,4,0.0
220172,1064,24.933542,225,True,862.94168689757,1,0.0
220504,1065,29.384565,225,True,1014.5825937105549,3,0.0
220764,1066,22.281401,225,True,778.4560539012912,0,0.0
221020,1067,-5.743604,64,False,270.25584913931516,0,0.0
221068,1068,28.082725,225,True,956.108986363344,3,0.0
221072,1069,28.701721,225,True,997.668859066313,3,0.0
221404,1070,26.978174,225,True,959.9269497297821,0,0.0
221920,1071,33.010973,225,True,1059.6389173591392,9,0.0
221968,1072,25.780577,225,True,918.4230656305983,0,0.0
221972,1073,23.06138,225,True,803.2551861842314,0,0.0
222304,1074,22.530206,225,True,799.6082389944902,0,0.0
222448,1075,3.578535,132,False,588.7414014384487,3,0.2
222868,1076,38.897286,225,True,1339.091424601249,7,0.0
222872,1077,34.214102,225,True,1134.16406411359,8,0.0
222996,1078,9.59401,173,False,830.9603815891237,3,0.2
223348,1079,27.961316,225,True,979.2526566013632,6,1.7999999999999998
223768,1080,29.233503,225,True,1003.7401039797317,3,0.0
223772,1081,27.803784,225,True,940.1513693872371,4,0.0
223896,1082,29.198145,225,True,970.3258149647661,6,0.0
224248,1083,24.7896,225,True,915.5839808198998,1,1.0
224668,1084,34.410152,225,True,1151.6060751433474,7,0.0
224672,1085,34.08374,225,True,1149.749597273115,6,0.0
224796,1086,31.176245,225,True,1072.6498189146741,4,0.0
225148,1087,33.07961,225,True,1125.5843917677648,5,0.0
225536,1088,-1.889428,97,False,460.4228643721344,0,1.7999999999999998
225568,1089,38.642024,225,True,1300.0809625542552,8,0.0
225572,1090,32.156823,225,True,1039.872922462833,8,0.0
225696,1091,31.962706,225,True,1124.108224665395,3,0.0
225788,1092,-4.052123,54,False,318.71506418927197,0,0.0
225908,1093,-4.375797,53,False,302.56811988521076,1,0.0
226436,1094,36.468946,225,True,1217.9578377171206,13,3.2000000000000006
226468,1095,24.446665,225,True,882.6666058936191,0,0.2
226504,1096,2.931569,149,False,578.0627613118625,2,0.0
226688,1097,29.20883,225,True,1005.1531906362436,4,0.8
226884,1098,-0.504197,104,False,440.63212400777456,2,0.0
226904,1099,-2.71631,100,False,372.94758949356446,0,0.0
227032,1100,6.183744,149,False,671.349756238631,4,0.2
227348,1101,2.949773,111,False,573.9909003034245,2,0.0
227492,1102,-6.839465,36,False,207.22141308758637,0,0.0
227588,1103,34.404398,225,True,1152.1759176054811,7,0.0
227784,1104,34.264251,225,True,1193.7700539953166,4,0.0
227932,1105,32.585476,225,True,1089.8190315871639,6,0.0
228308,1106,18.579561,204,False,1166.3824265858138,5,0.4
228488,1107,30.532984,225,True,1092.519364539306,1,0.0
228684,1108,36.61994,225,True,1187.1975844292078,10,0.0
228832,1109,24.723815,225,True,821.7526174364493,3,0.0
229208,1110,34.170359,225,True,1179.6143412501833,5,0.0
229388,1111,24.911634,225,True,856.4653703533327,2,0.0
229584,1112,33.149159,225,True,1187.5663646587582,2,0.0
229732,1113,28.208083,225,True,993.1233307618786,1,0.0
230108,1114,31.494136,225,True,1078.1654496779856,4,0.0
230288,1115,38.263211,225,True,1299.3284429588089,7,0.0
230484,1116,29.194145,225,True,962.1658017548152,6,0.4
230632,1117,32.265714,225,True,1188.228541979512,4,0.0
230712,1118,8.625823,151,False,794.6329343513135,2,0.0
230980,1119,-1.331918,87,False,429.12327644942275,0,0.0
231188,1120,25.227581,225,True,904.3032320847326,1,0.0
231280,1121,-2.736306,75,False,384.14774545367004,0,0.0
231384,1122,32.56674,225,True,1154.6696124746318,3,0.0
231612,1123,37.833167,225,True,1303.726690118764,7,0.0
232088,1124,24.045107,225,True,826.6042793152815,1,0.0
232180,1125,38.492648,225,True,1294.105905218757,8,0.0
232284,1126,32.482631,225,True,1108.9052292221568,8,0.4
232512,1127,27.262872,225,True,920.1148698691968,4,0.0
232916,1128,11.136001,207,False,915.8400331041053,8,3.800000000000001
233080,1129,33.999695,225,True,1096.7877868000442,10,0.6000000000000001
233184,1130,33.571802,225,True,1184.4720764598237,5,0.0
233412,1131,24.541884,225,True,824.0753683883834,3,0.4
233508,1132,9.254988,148,False,801.3995001044896,5,0.0
233980,1133,36.155442,225,True,1259.8176629757713,5,0.0
234084,1134,31.51698,225,True,1047.8792167822317,7,0.0
234312,1135,32.470951,225,True,1105.2380454498848,6,0.8
234408,1136,37.349007,225,True,1280.3602770150287,6,0.0
234880,1137,29.395536,225,True,949.4214463573414,8,0.8
234984,1138,26.211345,225,True,919.6537882181685,1,0.0
235212,1139,32.454849,225,True,1086.99394764515,7,0.0
235308,1140,24.716556,225,True,855.0622241100948,2,0.0
235780,1141,30.204128,225,True,1015.3651248379056,5,0.0
235840,1142,10.650832,214,False,899.633266898622,5,2.1999999999999997
236112,1143,38.292168,225,True,1270.08673046062,9,0.0
236208,1144,28.96725,225,True,959.4900105865922,5,0.0
236680,1145,34.164409,225,True,1207.3763509438568,4,0.0
236740,1146,19.656261,225,True,782.2504536483461,0,3.800000000000001
237012,1147,27.19727,225,True,940.6908154341904,3,0.8
237108,1148,28.07439,225,True,992.5756161645043,2,0.0
237580,1149,23.933536,225,True,830.1414215096947,1,0.0
237640,1150,36.268654,225,True,1251.5461742356683,5,0.0
237668,1151,6.60806,164,False,736.3224194835714,2,0.4
238008,1152,38.444401,225,True,1306.576059276606,7,0.0
238480,1153,31.078043,225,True,1075.9217031196522,3,0.0
238540,1154,38.376802,225,True,1321.472073464654,7,0.0
238568,1155,28.848339,225,True,977.1335434363211,4,0.2
238908,1156,26.003786,225,True,920.9514471150981,0,0.0
239380,1157,31.866655,225,True,1107.46620688666,3,0.0
239440,1158,35.652797,225,True,1244.511869563501,4,0.0
239468,1159,26.167347,225,True,865.0938873714924,4,0.0
239808,1160,31.301579,225,True,1086.4631764268856,3,0.0
240280,1161,31.962501,225,True,1085.700046167443,5,0.0
240340,1162,32.403001,225,True,1076.9200512075995,9,1.2
240368,1163,33.795238,225,True,1126.2095192656402,7,0.2
240708,1164,32.386682,225,True,1072.2672690657068,7,0.0
241180,1165,26.442181,225,True,933.6872314905556,1,0.0
241240,1166,31.896591,225,True,1147.8636343293947,3,0.0
241268,1167,32.459334,225,True,1101.5733417719725,5,0.0
241608,1168,36.20048,225,True,1216.8191838583193,7,0.0
242080,1169,35.654404,225,True,1194.976143187011,7,0.0
242140,1170,30.298883,225,True,1083.155304390185,1,0.0
242168,1171,30.54817,225,True,1089.9268141563139,2,0.0
242508,1172,25.241894,225,True,874.4757433548198,1,0.0
242624,1173,0.912158,114,False,520.4863237047734,5,3.400000000000001
242980,1174,28.177356,225,True,945.4942385310208,4,0.0
243040,1175,26.104266,225,True,910.5706272642024,1,0.0
243408,1176,32.115588,225,True,1149.4235141607933,1,0.0
243524,1177,33.384978,225,True,1139.3991347176839,6,0.0
243880,1178,23.716721,225,True,851.8688427054788,0,0.0
243940,1179,30.34657,225,True,1021.0628005142587,5,0.0
244308,1180,23.775412,225,True,799.8164878264756,2,0.0
244424,1181,28.815336,225,True,986.2134555697494,4,0.2
244780,1182,32.349769,225,True,1125.190757005124,6,0.0
244840,1183,29.300495,225,True,1014.4198051851017,9,3.800000000000001
244896,1184,-0.889689,118,False,444.41243980238823,0,0.0
245208,1185,33.354613,225,True,1083.7845395794566,11,1.7999999999999998
245680,1186,29.859027,225,True,1043.1610726875601,2,0.0
245740,1187,34.158449,225,True,1219.9379666214622,5,0.0
245796,1188,22.609476,225,True,777.1790382254585,2,1.0
246108,1189,34.293943,225,True,1142.1577345048217,7,0.0
246580,1190,29.629082,225,True,993.9632652080788,5,0.0
246640,1191,38.75189,225,True,1320.4755943137302,7,0.0
246696,1192,34.161731,225,True,1132.069223310018,8,0.0
247008,1193,21.870067,225,True,750.8026697041098,1,0.0
247480,1194,30.684888,225,True,1067.395517419277,4,0.4
247540,1195,32.293677,225,True,1159.7470836893663,2,0.0
247596,1196,35.27877,225,True,1127.1508109003607,11,0.0
247888,1197,0.214586,87,False,460.58344858223927,4,1.4
247908,1198,24.6928,225,True,902.1120172087608,2,0.0
248380,1199,33.488017,225,True,1173.9206969341471,3,0.0
248496,1200,26.680424,225,True,949.6169729754813,1,0.0
248788,1201,39.103441,225,True,1318.5376371062612,10,0.8
248808,1202,23.653297,225,True,810.9318778779664,1,0.0
249280,1203,32.20276,225,True,1085.710382063537,6,0.0
249396,1204,38.354406,225,True,1302.976247476564,7,0.0
249688,1205,32.314783,225,True,1138.1913000240688,4,0.0
249708,1206,34.049225,225,True,1197.1689919811702,4,0.0
250180,1207,35.032717,225,True,1192.5086977537117,6,0.0
250192,1208,0.864248,121,False,518.5699187853115,4,2.8000000000000003
250296,1209,33.795699,225,True,1143.0279707516002,9,1.4
250588,1210,28.071099,225,True,1029.2439503579549,1,0.0
250724,1211,-7.329336,34,False,194.82655244095417,0,0.0
251080,1212,27.027684,225,True,929.9073746858894,3,0.0
251092,1213,33.773288,225,True,1182.1315169059753,4,0.0
251196,1214,35.895072,225,True,1206.2028760314538,7,0.0
251624,1215,35.641125,225,True,1132.8450024409694,11,0.0
251980,1216,22.225669,225,True,776.2267640968385,0,0.0
251992,1217,39.452006,225,True,1332.4802202286319,8,0.0
252096,1218,34.56687,225,True,1202.6747849439907,4,0.0
252524,1219,36.760043,225,True,1223.2017223546068,8,0.0
252880,1220,30.000439,225,True,1080.8175789074025,4,1.9999999999999998
252892,1221,25.819153,225,True,873.5661190880421,3,0.0
252996,1222,27.756778,225,True,1006.2711015788486,7,5.000000000000002
253424,1223,26.102166,225,True,964.8866576412204,3,0.2
253780,1224,36.864211,225,True,1186.5684582928661,11,0.0
253792,1225,37.173179,225,True,1289.3271656265197,5,0.0
253896,1226,31.633013,225,True,1062.1205196786777,6,0.0
254324,1227,35.219418,225,True,1186.3767225846113,9,0.0
254680,1228,39.785481,225,True,1300.219244182525,12,0.8
254692,1229,38.484669,225,True,1261.786774608388,10,0.0
254796,1230,33.475595,225,True,1158.2237802235272,5,0.0
255224,1231,30.024255,225,True,1081.7701842838233,3,0.0
255456,1232,7.807956,194,False,773.1182299173724,2,0.0
255592,1233,25.591939,225,True,890.077574511608,1,0.0
255696,1234,37.751223,225,True,1292.448939309128,9,1.7999999999999998
256124,1235,30.208261,225,True,1026.7304476689937,4,0.0
256356,1236,39.746062,225,True,1317.0424819564837,10,0.0
256492,1237,21.626365,225,True,745.8546077854933,0,0.0
256592,1238,-6.013416,59,False,255.4633422109739,0,0.6000000000000001
256596,1239,37.292877,225,True,1246.1150670391917,8,0.0
257024,1240,37.458205,225,True,1267.9282134170799,7,0.0
257392,1241,22.298316,225,True,815.9326356486993,0,0.6000000000000001
257492,1242,25.55088,225,True,925.2352076666066,2,0.2
257496,1243,21.861389,225,True,761.6555754134963,0,0.0
257924,1244,21.978273,225,True,759.9309356304036,0,0.0
258292,1245,26.986547,225,True,1001.0618880491431,5,4.800000000000002
258392,1246,31.347523,225,True,1112.3009375233787,8,3.800000000000001
258396,1247,25.451386,225,True,889.2554229093491,4,2.1999999999999997
258824,1248,37.565299,225,True,1188.211942486621,13,0.0
259192,1249,32.274232,225,True,1045.3692724100613,8,0.0
259292,1250,37.529437,225,True,1311.5774720057898,5,0.0
259296,1251,29.846137,225,True,1010.6454697009192,4,0.0
259724,1252,30.874901,225,True,1075.796054809754,3,0.0
260092,1253,32.063539,225,True,1134.5415506759196,6,1.7999999999999998
260192,1254,33.354818,225,True,1078.992723994943,9,0.0
260196,1255,28.821516,225,True,993.6606354605306,3,0.0
260624,1256,35.359349,225,True,1184.7739588122113,7,0.0
260992,1257,27.680999,225,True,941.6399453621477,4,0.0
261092,1258,38.074406,225,True,1259.7762474763908,9,0.0
261096,1259,38.983212,225,True,1345.7284927233118,6,0.0
261524,1260,39.197798,225,True,1288.7119395007408,15,3.2000000000000006
261892,1261,24.187748,225,True,838.7099197613563,1,0.0
261992,1262,35.167085,225,True,1202.6834046467898,6,0.4
261996,1263,26.232293,225,True,939.6917070003028,1,0.0
262424,1264,37.536152,225,True,1256.6460636241554,8,0.0
262480,1265,5.188364,147,False,681.1345541852029,2,1.0
262892,1266,27.259322,225,True,923.1728890179611,3,0.0
262896,1267,27.540969,225,True,998.438755949416,2,0.0
263324,1268,35.46308,225,True,1239.3231946312026,4,0.0
263380,1269,34.164511,225,True,1195.3804557393996,7,0.0
263792,1270,37.160965,225,True,1272.8386017136677,9,1.9999999999999998
263796,1271,26.694467,225,True,939.7786875573811,4,1.5999999999999999
264224,1272,32.306685,225,True,1150.667404310414,6,1.9999999999999998
264280,1273,33.673793,225,True,1138.9517183915273,7,0.8
264692,1274,34.730471,225,True,1190.0188446637417,7,0.2
264696,1275,36.967933,225,True,1260.3173071781912,7,0.0
264828,1276,-9.206575,33,False,174.13698780877348,0,1.5999999999999999
265124,1277,33.484238,225,True,1198.5695265734535,4,0.0
265180,1278,37.343178,225,True,1300.1271034785555,6,0.4
265592,1279,39.885316,225,True,1339.4126205946209,13,2.4
265728,1280,33.325694,225,True,1169.8277732717256,5,0.0
266024,1281,25.08742,225,True,849.0968004571107,3,0.0
266080,1282,29.231498,225,True,1080.4599013829861,0,0.0
266084,1283,2.158088,123,False,539.9235311136231,5,2.1999999999999997
266628,1284,31.031369,225,True,1022.8547645756837,12,3.800000000000001
266924,1285,29.255434,225,True,1004.6173655975697,7,1.7999999999999998
266980,1286,35.935775,225,True,1224.6309941643317,8,0.0
266984,1287,26.974477,225,True,994.9790644774489,0,0.0
267012,1288,-9.196632,22,False,113.734709580659,0,0.0
267032,1289,0.225046,101,False,489.8018303524673,2,1.0
267400,1290,2.550039,105,False,578.8015797583432,7,4.400000000000001
267884,1291,36.617146,225,True,1292.6858569211786,10,4.400000000000001
267912,1292,38.450634,225,True,1308.4253652173034,7,0.0
267932,1293,34.542804,225,True,1212.9121681268443,7,0.4
268300,1294,32.678595,225,True,1145.5438067490145,6,1.5999999999999999
268432,1295,5.359914,137,False,683.9965481529457,4,2.1999999999999997
268628,1296,-6.323539,49,False,243.8584590610742,2,1.9999999999999998
268812,1297,26.710632,225,True,941.225265821945,1,0.0
268832,1298,37.034046,225,True,1283.7618219944425,5,0.0
269200,1299,25.449187,225,True,893.9674779277927,1,0.0
269528,1300,27.873472,225,True,963.7388758607206,2,0.0
269712,1301,36.932223,225,True,1312.488933256061,6,0.6000000000000001
269728,1302,-1.656629,132,False,426.5348367269089,0,0.0
269732,1303,34.233597,225,True,1201.343884720793,5,1.2
270048,1304,-1.800357,79,False,375.9857252536967,3,0.6000000000000001
270428,1305,24.790322,225,True,856.4128941119211,1,0.0
270612,1306,39.021645,225,True,1331.2657838079567,7,0.0
270628,1307,39.408812,225,True,1345.952494890355,7,0.0
270740,1308,-0.52192,78,False,432.72321473301804,4,1.2
270948,1309,34.969909,225,True,1225.1963437037903,6,1.4
271512,1310,35.420676,225,True,1240.0270580948181,5,0.0
271528,1311,27.534146,225,True,982.1658564112015,0,0.0
271640,1312,31.180103,225,True,1069.6041007089498,7,2.1999999999999997
271848,1313,32.524803,225,True,1094.5921213122483,7,0.0
272412,1314,38.617492,225,True,1267.8996846478412,12,1.4
272428,1315,25.997499,225,True,957.499940171271,6,5.400000000000002
272540,1316,39.783225,225,True,1345.7290172043863,8,0.0
272748,1317,33.33472,225,True,1143.7887877941853,6,0.0
273312,1318,31.170331,225,True,1039.6132247731005,6,0.2
273328,1319,30.294907,225,True,1126.1962683700835,5,3.400000000000001
273440,1320,33.334881,225,True,1162.9952464373168,6,1.0
273580,1321,-8.076342,35,False,183.3463105496503,1,1.0
273648,1322,36.830151,225,True,1267.6060294654358,6,0.0
274212,1323,29.522334,225,True,972.0933637331918,6,0.2
274228,1324,30.904714,225,True,1027.3885635233723,7,0.8
274480,1325,39.609859,225,True,1319.5943447993968,10,0.2
274548,1326,29.400285,225,True,1021.6113987229471,3,0.0
275112,1327,33.91054,225,True,1131.6216182091102,7,0.0
275128,1328,36.770414,225,True,1246.0165510158995,7,0.2
275380,1329,33.667547,225,True,1184.301896654541,5,0.0
275448,1330,25.298348,225,True,851.1339315393757,3,0.2
276012,1331,39.194365,225,True,1336.5745998380135,7,0.0
276028,1332,26.366462,225,True,925.8584752314255,1,0.0
276280,1333,30.264745,225,True,1054.5897897074974,3,0.0
276348,1334,23.84238,225,True,836.095185575025,1,0.0
276912,1335,36.109437,225,True,1156.3774812554811,11,0.0
276928,1336,30.204681,225,True,1005.7872514767471,7,0.0
277180,1337,28.951795,225,True,941.2718067339074,8,1.0
277248,1338,27.492057,225,True,954.8822645903842,4,1.5999999999999999
277812,1339,34.355576,225,True,1223.02303534487,6,1.0
277828,1340,27.472249,225,True,958.8899430895831,2,0.2
278080,1341,30.374985,225,True,1038.9993867078667,5,0.0
278148,1342,38.527755,225,True,1341.910219286663,5,0.0
278712,1343,36.468814,225,True,1225.9525747257721,8,0.0
278728,1344,34.094226,225,True,1211.7690529180336,3,0.0
278980,1345,38.951737,225,True,1336.4694605868176,7,0.0
279048,1346,29.960792,225,True,1029.6316919786382,7,2.6
279612,1347,35.18672,225,True,1240.268790626781,10,3.600000000000001
279628,1348,24.863924,225,True,838.5569427863243,3,0.0
279868,1349,-5.401629,60,False,260.73485611212936,1,0.0
279880,1350,23.319611,225,True,808.7844294392851,1,0.0
279948,1351,22.968172,225,True,796.3268829166434,1,0.0
280100,1352,-6.398745,38,False,208.85018464107702,1,0.0
280256,1353,1.74491,94,False,531.3963975224528,2,0.0
280512,1354,30.220366,225,True,1153.6146357215835,2,0.0
280768,1355,33.439839,225,True,1155.9935777334522,4,0.0
281000,1356,32.858252,225,True,1122.3300904834,7,0.6000000000000001
281156,1357,23.310332,225,True,887.6132600516951,2,0.4
281412,1358,34.703614,225,True,1108.1445760449324,11,0.6000000000000001
281644,1359,13.306722,219,False,998.6688712687583,8,4.600000000000001
281900,1360,32.374444,225,True,1122.977741461942,4,0.0
281928,1361,-1.730793,71,False,381.16826132515985,2,0.0
282056,1362,38.54977,225,True,1334.790785645078,9,1.9999999999999998
282312,1363,23.665727,225,True,849.8290622033771,0,0.0
282600,1364,7.908832,136,False,698.7532949306328,7,0.0
282720,1365,10.527768,205,False,939.5107215146027,1,2.1999999999999997
282828,1366,24.317111,225,True,856.6844334301784,1,0.0
283212,1367,33.291915,225,True,1127.6765834801718,6,0.0
283500,1368,23.270657,225,True,829.2262627543375,3,0.8
283524,1369,-3.230483,78,False,357.9806958509887,0,0.2
283588,1370,20.915294,217,False,1115.0117608181035,14,0.8
283728,1371,35.865939,225,True,1206.63757806669,7,0.0
284024,1372,4.065018,131,False,610.6007281389657,7,3.2000000000000006
284024,1373,-5.317331,74,False,275.30674026491397,0,0.0
284424,1374,32.118677,225,True,1055.1470797757338,7,0.0
284488,1375,30.980667,225,True,1116.8266661441926,1,0.0
284924,1376,32.482573,225,True,1162.5029196228143,3,0.0
284924,1377,35.039468,225,True,1195.9787020194071,6,0.0
285324,1378,36.915428,225,True,1295.8171067088547,5,0.2
285376,1379,13.093112,222,False,943.7244748145993,6,1.4
285824,1380,34.913629,225,True,1217.3451556165273,5,0.0
285824,1381,31.598424,225,True,1081.5369471450667,9,3.0000000000000004
286012,1382,9.587799,172,False,837.1119516093183,4,1.4
286276,1383,32.224759,225,True,1103.3903591353496,8,0.8
286400,1384,1.490706,97,False,509.2282381022894,2,0.0
286724,1385,31.001779,225,True,1143.2711492900203,4,0.0
286724,1386,29.968058,225,True,1048.322334871329,2,0.0
287176,1387,27.05213,225,True,913.2851862896907,6,1.2
287300,1388,23.423701,225,True,808.1480258476577,1,0.0
287624,1389,25.103187,225,True,836.9274845896509,3,0.0
287624,1390,33.86596,225,True,1174.6384103886812,6,0.8
288076,1391,34.704194,225,True,1110.5677634025606,10,0.0
288176,1392,6.698326,138,False,724.7330448078076,2,0.0
288200,1393,35.927239,225,True,1206.689571702976,7,0.0
288524,1394,28.170759,225,True,972.4303461479949,3,0.0
288976,1395,28.58652,225,True,1104.2607954181167,1,0.0
289076,1396,29.775869,225,True,1021.4347611233534,5,0.2
289100,1397,26.773669,225,True,919.7467681285286,2,0.0
289424,1398,37.773614,225,True,1254.1445541986182,9,0.2
289876,1399,23.492868,225,True,874.914711084477,2,3.600000000000001
289976,1400,39.056351,225,True,1321.454030620323,9,0.6000000000000001
290000,1401,30.190389,225,True,1005.215559469613,7,1.2
290280,1402,-4.391227,76,False,397.9509313984547,4,3.2000000000000006
290324,1403,25.560963,225,True,904.8385093982183,1,0.0
290776,1404,24.049927,225,True,821.997063011916,2,0.0
290900,1405,25.992595,225,True,942.903813493403,0,0.0
291128,1406,-4.031456,57,False,329.9417506207069,3,2.4
291180,1407,25.67496,225,True,904.5983911801166,3,0.6000000000000001
291224,1408,37.117199,225,True,1197.487941357454,11,0.0
291676,1409,21.62818,225,True,745.9272172654989,0,0.0
292028,1410,21.73441,225,True,756.5763823609402,0,0.0
292080,1411,36.504797,225,True,1269.7918623347305,6,0.0
292124,1412,30.44002,225,True,1135.2008155658855,2,0.0
292576,1413,27.524599,225,True,949.7839688353179,5,1.5999999999999999
292928,1414,22.604844,225,True,768.9937541855195,1,0.0
292980,1415,35.145092,225,True,1215.4036666495422,5,0.0
293024,1416,37.109858,225,True,1243.594337308562,8,0.2
293476,1417,31.101545,225,True,1115.2617840018552,1,0.0
293828,1418,35.482374,225,True,1264.894951530452,4,0.4
293880,1419,34.064658,225,True,1126.586317501799,11,1.4
293924,1420,32.136476,225,True,1204.6590301010333,5,0.8
294376,1421,28.760745,225,True,982.4298174327519,4,0.6000000000000001
294728,1422,36.37166,225,True,1217.266407588554,9,1.0
294780,1423,36.394376,225,True,1273.3750395307625,4,0.0
294824,1424,38.291741,225,True,1340.4696285606801,5,0.0
295276,1425,34.061104,225,True,1206.4441434679543,7,2.1999999999999997
295628,1426,29.657856,225,True,968.7142481309613,7,0.0
295680,1427,27.379659,225,True,879.9863448154558,6,0.0
295724,1428,28.829892,225,True,1016.3956942654147,5,0.6000000000000001
296176,1429,33.9217,225,True,1222.4679804177058,5,0.2
296380,1430,1.723533,164,False,622.5413019473115,1,2.1999999999999997
296528,1431,32.22092,225,True,1219.236786735426,4,0.0
296580,1432,36.664607,225,True,1221.7842830889003,8,0.0
297076,1433,27.056149,225,True,947.045979975441,1,0.0
297280,1434,26.985563,225,True,944.2225372168646,1,0.0
297428,1435,26.340991,225,True,912.0396439960259,2,0.4
297480,1436,34.5441,225,True,1166.5640002378627,7,0.0
297976,1437,26.062313,225,True,875.2925020093062,3,0.0
298180,1438,35.791291,225,True,1195.651633928262,8,0.2
298328,1439,37.342095,225,True,1249.6838029449514,10,1.0
298380,1440,34.624584,225,True,1243.3833661760414,3,0.0
298876,1441,24.500179,225,True,844.8071788193909,1,0.0
299080,1442,24.329562,225,True,849.1824659640356,2,0.8
299228,1443,37.27962,225,True,1304.7847964207576,5,0.2
299280,1444,32.650407,225,True,1110.0162928147001,6,0.0
299776,1445,32.934156,225,True,1150.9662453940546,5,0.0
299980,1446,36.688261,225,True,1278.7304377178348,7,0.0
300128,1447,20.981449,225,True,753.6579536974932,0,0.0
300180,1448,24.96007,225,True,951.202809239436,0,0.6000000000000001
300252,1449,-8.578606,31,False,144.055749106147,0,0.0
300676,1450,31.337366,225,True,1090.2946482292655,4,0.8
300880,1451,36.261011,225,True,1280.0404312101896,10,4.400000000000001
301080,1452,32.198517,225,True,1168.740660519597,3,0.0
301152,1453,33.843681,225,True,1172.1472481953738,4,0.0
301300,1454,7.10331,156,False,746.532393485013,2,0.0
301780,1455,39.77643,225,True,1314.2571861835363,10,0.0
301980,1456,33.94287,225,True,1148.914789527199,6,0.0
302052,1457,38.35939,225,True,1288.7755969353234,8,0.0
302160,1458,-5.878524,45,False,258.4590421144494,0,0.0
302200,1459,32.132575,225,True,1015.7029886658229,10,0.4
302680,1460,33.957551,225,True,1211.9020452367045,10,3.800000000000001
302952,1461,38.310521,225,True,1320.4208563290995,11,1.0
303060,1462,38.654406,225,True,1314.976234966532,7,0.0
303100,1463,39.655287,225,True,1321.4114634235389,10,0.0
303252,1464,-3.807918,75,False,361.28326427177853,3,2.8000000000000003
303456,1465,-4.887159,51,False,285.3136242608216,0,0.0
303580,1466,38.643649,225,True,1269.7459687196965,15,2.6
303960,1467,35.933226,225,True,1257.3290270511143,4,0.0
304000,1468,27.053948,225,True,1006.1579389577753,0,0.0
304140,1469,7.713546,171,False,794.1418442710747,1,0.8
304480,1470,33.146559,225,True,1096.2623405825325,9,0.4
304860,1471,28.491077,225,True,940.4430904705889,5,0.0
304900,1472,26.843138,225,True,1012.9255352739874,2,1.9999999999999998
305040,1473,28.921381,225,True,990.455230350919,5,0.6000000000000001
305068,1474,-4.961822,52,False,282.3271249835109,0,0.0
305136,1475,9.143727,164,False,879.3490854193969,5,3.400000000000001
305800,1476,28.513535,225,True,941.3414183623156,7,0.8
305940,1477,25.677554,225,True,855.102151389884,4,0.0
305968,1478,37.415708,225,True,1241.4283236689366,9,0.0
306036,1479,27.099552,225,True,1006.3820867546754,6,4.600000000000001
306168,1480,-0.24093,92,False,429.5627929834527,3,0.2
306548,1481,2.411871,128,False,542.8748543539239,3,0.0
306840,1482,26.83992,225,True,947.1968016921778,4,0.0
306868,1483,32.417263,225,True,1088.6905145616693,6,0.0
307068,1484,32.159895,225,True,1064.795781713829,8,1.0
307448,1485,31.749717,225,True,1099.5886662300181,6,1.5999999999999999
307740,1486,34.822544,225,True,1224.1017504210054,6,0.6000000000000001
307768,1487,29.304604,225,True,980.9841507657907,6,0.0
307876,1488,-9.218094,27,False,118.47624334313309,0,0.0
307916,1489,-6.324521,44,False,231.01915448745694,1,0.0
307968,1490,34.993811,225,True,1216.5524599257387,4,0.0
308348,1491,23.463395,225,True,804.9358100351883,1,0.0
308776,1492,37.336294,225,True,1232.6517575279263,9,0.0
308816,1493,27.011969,225,True,974.0787718078288,1,0.0
308868,1494,40.104961,225,True,1345.798446869116,10,0.6000000000000001
309248,1495,35.428679,225,True,1203.5471496044806,8,1.0
309676,1496,24.38758,225,True,875.5032001568118,4,2.1999999999999997
309716,1497,35.440356,225,True,1232.8142416209757,5,0.0
309768,1498,30.529323,225,True,1078.772904724136,7,1.7999999999999998
309892,1499,-3.864825,54,False,316.60698642135503,1,0.0
310148,1500,29.255604,225,True,1049.4241490835047,2,0.4
310420,1501,1.468499,132,False,545.9399527563464,3,1.9999999999999998
310616,1502,22.711612,225,True,803.664482214685,2,1.5999999999999999
310668,1503,26.990952,225,True,960.4380925081191,0,0.0
311032,1504,2.534137,104,False,575.765463143045,2,0.2
311048,1505,26.363556,225,True,903.3422475374352,2,0.0
311124,1506,4.334738,114,False,617.3895313445316,3,0.4
311320,1507,26.903406,225,True,894.5362489218319,4,0.0
311932,1508,33.332293,225,True,1156.4917288190118,4,0.0
311948,1509,28.703762,225,True,985.7504747428,5,0.0
312024,1510,25.213279,225,True,880.5311762156814,2,0.0
312220,1511,34.128403,225,True,1182.7361139289587,4,0.0
312832,1512,27.028341,225,True,1038.733629285181,1,0.0
312848,1513,35.770766,225,True,1242.830654837629,7,1.5999999999999999
312924,1514,39.176137,225,True,1290.245460069168,10,0.0
313120,1515,21.841444,225,True,754.4577692191754,0,0.0
313732,1516,38.823007,225,True,1307.3202788891335,8,0.0
313748,1517,30.646434,225,True,1037.8573548600937,6,0.8
313824,1518,36.620629,225,True,1251.2251732499235,6,0.0
313996,1519,13.153131,219,False,981.3252412228103,4,1.0
314052,1520,-4.157384,57,False,307.30463366105096,3,1.4
314632,1521,31.725,225,True,1096.999985446792,6,1.2
314648,1522,39.449538,225,True,1314.781526953711,11,0.0
314896,1523,32.999786,225,True,1165.5914501499888,3,0.0
314952,1524,35.741748,225,True,1234.4699292700575,6,0.0
315532,1525,33.33095,225,True,1135.6380160696835,5,0.0
315548,1526,26.131886,225,True,910.0754518689814,1,0.0
315796,1527,28.45703,225,True,1028.6812143994753,2,0.0
315852,1528,30.056769,225,True,1047.8707479999011,4,0.2
316432,1529,20.187438,225,True,699.497503571047,0,0.0
316448,1530,26.430381,225,True,912.4152599035385,3,0.0
316696,1531,23.881538,225,True,880.8615145628528,1,2.1999999999999997
316752,1532,27.96027,225,True,1024.810810369408,2,0.0
317332,1533,32.922364,225,True,1060.094576778617,9,0.2
317348,1534,29.088262,225,True,1025.1304729745077,2,0.0
317596,1535,33.651768,225,True,1222.0707348056694,3,0.0
317652,1536,35.238207,225,True,1202.3282937924055,7,0.4
318196,1537,18.299775,216,False,1185.5909900762163,5,0.4
318248,1538,32.882697,225,True,1180.107861098868,4,0.2
318496,1539,24.088197,225,True,847.5278683854594,1,0.0
318548,1540,-0.031188,88,False,432.352479222674,3,0.0
318552,1541,26.312039,225,True,909.2815546087008,5,0.0
319148,1542,31.48647,225,True,1121.058814433672,6,1.7999999999999998
319396,1543,34.595262,225,True,1239.8104942171117,6,1.0
319448,1544,36.973139,225,True,1273.325549082319,9,0.0
319452,1545,36.156102,225,True,1250.2440602160586,5,0.0
319828,1546,-1.511056,94,False,445.157762769134,1,0.0
320048,1547,37.169342,225,True,1303.573667781547,6,0.0
320248,1548,-4.882852,50,False,269.4859171136038,1,0.0
320296,1549,31.105559,225,True,1069.822346606164,8,0.8
320348,1550,23.882513,225,True,868.1005335063155,4,1.4
320572,1551,-2.339766,69,False,400.80937116075347,1,0.0
320728,1552,34.054583,225,True,1138.9833219408247,8,0.0
321148,1553,32.55122,225,True,1179.6487818812298,5,0.0
321248,1554,28.322105,225,True,1048.884205465256,2,0.0
321264,1555,2.333542,173,False,627.7416663308245,1,0.2
321628,1556,27.132216,225,True,908.4886444324513,4,0.0
322048,1557,28.634318,225,True,1045.3727297081255,1,0.0
322148,1558,28.505374,225,True,925.0149646916072,7,0.4
322164,1559,26.137345,225,True,958.2937942424498,1,0.0
322528,1560,37.091384,225,True,1295.65535881593,8,1.4
322948,1561,31.257914,225,True,1095.1165563613295,5,1.7999999999999998
323048,1562,24.306771,225,True,849.8708449648748,1,0.0
323064,1563,21.357482,225,True,818.2992621608221,2,1.7999999999999998
323428,1564,32.017311,225,True,1092.6924334101277,7,1.2
323564,1565,2.392306,154,False,650.0922363596599,4,0.2
323948,1566,38.431792,225,True,1339.6716711557951,5,0.0
323964,1567,31.014661,225,True,1135.7864218456534,1,0.0
324328,1568,33.301301,225,True,1184.0520495814026,5,0.0
324464,1569,35.641315,225,True,1176.8526073739017,12,1.9999999999999998
324848,1570,30.854381,225,True,1167.7752431817848,10,5.400000000000002
324864,1571,31.083494,225,True,1093.7397455323758,2,0.0
325228,1572,31.868719,225,True,1175.5487547814446,2,0.8
325364,1573,23.156083,225,True,800.6433137203785,2,0.0
325748,1574,19.402043,225,True,725.6817252242149,0,0.0
325764,1575,34.243753,225,True,1138.5501032312336,7,0.0
326128,1576,30.523902,225,True,1110.5560781855324,4,1.9999999999999998
326148,1577,0.468816,96,False,469.15262402246753,3,0.0
326264,1578,26.111526,225,True,902.8610533121173,3,0.0
326648,1579,25.581103,225,True,966.4441111361152,3,1.4
327028,1580,38.499277,225,True,1268.7710977540673,10,0.0
327048,1581,34.759377,225,True,1203.9750962579337,5,0.0
327164,1582,24.318193,225,True,861.527727328056,1,0.0
327548,1583,21.37972,225,True,801.5887979174199,1,2.8000000000000003
327928,1584,29.178629,225,True,1062.3451568035935,2,0.0
327948,1585,28.463679,225,True,1016.1471496909292,1,0.0
328064,1586,25.672712,225,True,881.3084795304762,2,0.2
328448,1587,22.820324,225,True,790.4129628537928,1,0.0
328828,1588,28.750987,225,True,978.0394965328483,7,1.0
328848,1589,26.199305,225,True,955.9722083907789,7,1.0
328964,1590,32.563147,225,True,1230.525893468824,11,3.400000000000001
329348,1591,36.504507,225,True,1212.9802854039071,8,0.0
329728,1592,37.892673,225,True,1287.7069001943437,8,0.0
329748,1593,31.455261,225,True,1177.4104462351174,5,0.0
329836,1594,-9.51621,27,False,152.95161362228214,0,1.0
329864,1595,33.183595,225,True,1085.7437824798794,10,1.2
330248,1596,32.983525,225,True,1128.1409857697467,5,0.0
330648,1597,26.578032,225,True,947.1212734490514,4,0.6000000000000001
330736,1598,26.033452,225,True,880.5380632076892,3,0.0
330764,1599,23.645645,225,True,898.6257834438593,2,1.0
331148,1600,32.747535,225,True,1145.9014108333745,5,0.6000000000000001
331548,1601,35.344303,225,True,1289.7721388783539,4,0.0
331636,1602,27.334081,225,True,1076.5632447912412,4,0.0
331664,1603,33.89489,225,True,1302.1956025770155,7,1.7999999999999998
332048,1604,38.00426,225,True,1332.1704185043518,7,0.0
332448,1605,28.668272,225,True,1063.5308621634322,3,0.4
332536,1606,32.377435,225,True,1190.2974132043196,4,0.6000000000000001
332564,1607,23.603585,225,True,836.143417945937,0,0.0
332948,1608,29.351136,225,True,1086.8454595125122,2,0.0
332952,1609,-2.710723,104,False,411.57107954481967,0,0.4
333348,1610,37.146689,225,True,1241.067574418225,9,0.0
333464,1611,29.28627,225,True,1093.8507802611548,3,0.0
333848,1612,34.123988,225,True,1236.1595097788936,8,1.0
333852,1613,34.562988,225,True,1178.5195155604792,9,1.2
334248,1614,31.860037,225,True,1112.0014818762393,7,0.6000000000000001
334364,1615,36.894131,225,True,1276.5652457402925,5,0.0
334592,1616,-4.207023,57,False,337.3190624172223,1,0.0
334748,1617,34.439546,225,True,1214.3818313172528,5,0.0
334752,1618,31.13515,225,True,1172.6060029046316,4,0.0
335148,1619,32.692219,225,True,1085.2887727828684,9,0.8
335492,1620,29.896924,225,True,1075.0769586790266,4,0.0
335648,1621,24.936749,225,True,867.0699715922103,2,0.6000000000000001
335652,1622,37.541898,225,True,1288.075923321363,6,0.0
336048,1623,29.950254,225,True,1026.0101582988852,5,1.0
336052,1624,3.897304,100,False,595.0921422412387,3,0.2
336248,1625,-4.92507,49,False,283.79719716761065,0,0.0
336392,1626,29.040722,225,True,1034.428863824057,2,0.2
336548,1627,31.604893,225,True,1096.995723856809,3,0.0
336948,1628,31.895602,225,True,1091.824072914008,6,0.0
337148,1629,24.921444,225,True,890.4577739169199,1,1.2
337292,1630,36.683018,225,True,1229.7207026128485,8,0.0
337448,1631,32.784838,225,True,1112.1935282530385,5,0.0
337532,1632,-7.093135,60,False,227.47458923598333,0,0.0
337552,1633,-2.220761,101,False,405.5695566318311,2,0.4
337848,1634,35.473129,225,True,1273.3251637874064,4,0.0
338000,1635,-6.657024,38,False,221.71903809496985,0,0.0
338348,1636,23.531742,225,True,910.0696781063436,0,1.2
338432,1637,37.888957,225,True,1234.7582862929025,11,0.0
338452,1638,20.127768,225,True,909.9107013861485,0,0.0
338900,1639,32.889097,225,True,1122.7638975943505,5,0.0
339248,1640,25.520249,225,True,956.0099400128158,1,1.7999999999999998
339332,1641,33.26311,225,True,1228.124390749047,5,1.9999999999999998
339352,1642,20.523077,225,True,733.7230774021873,0,0.8
339800,1643,24.68857,225,True,892.3427833709684,1,0.0
340044,1644,12.955184,199,False,1039.8073534008468,3,1.0
340232,1645,35.657351,225,True,1249.4940599797424,4,0.0
340252,1646,33.872409,225,True,1131.6963500472475,10,1.0
340368,1647,2.775021,142,False,627.8008303396089,1,0.0
340812,1648,5.287719,140,False,640.3087490210662,4,0.0
340888,1649,8.384697,211,False,843.3878879228537,1,1.7999999999999998
341132,1650,28.203865,225,True,941.7546003652822,5,0.0
341268,1651,29.381569,225,True,1153.6627677329038,1,0.0
341712,1652,35.349898,225,True,1201.9959289889603,8,0.4
341788,1653,21.518698,225,True,812.7479376867861,1,0.2
342032,1654,26.121523,225,True,956.0609301936397,3,2.8000000000000003
342168,1655,36.905814,225,True,1286.6325436354527,6,0.0
342408,1656,-3.640341,60,False,319.9863575016225,1,0.0
342444,1657,-5.087168,103,False,430.9132998458699,2,6.400000000000003
342612,1658,25.319468,225,True,904.7787364944904,2,0.2
342688,1659,31.4262,225,True,1160.2480144347905,4,0.0
342692,1660,-1.349143,71,False,395.6342762639679,2,0.0
343344,1661,34.460617,225,True,1187.2246631321782,5,0.0
343512,1662,31.411267,225,True,1164.450681288531,2,0.0
343588,1663,30.906005,225,True,1241.0402101339605,7,5.200000000000002
343592,1664,31.381721,225,True,1025.6688375816443,8,0.0
344244,1665,32.096376,225,True,1143.8550415036138,4,0.0
344412,1666,33.473556,225,True,1137.3422464365922,7,0.2
344488,1667,24.537316,225,True,884.6926421047526,2,1.9999999999999998
344492,1668,37.640646,225,True,1295.225853716439,8,1.2
345144,1669,22.967954,225,True,817.1181484260433,0,0.0
345312,1670,31.660255,225,True,1037.61020363305,7,0.0
345388,1671,30.301176,225,True,1081.647026699814,3,0.0
345392,1672,32.365835,225,True,1110.6334066535355,6,0.8
346044,1673,32.966726,225,True,1180.269050548954,2,0.0
346212,1674,31.202624,225,True,1077.7049488677121,5,0.0
346264,1675,12.037818,218,False,998.3127284752384,4,1.4
346288,1676,37.800457,225,True,1274.4182959233267,9,0.0
346716,1677,5.857318,126,False,707.0927197542708,6,2.1999999999999997
346944,1678,31.47016,225,True,1066.0063949791047,5,0.2
347164,1679,23.610374,225,True,844.4149537532373,1,0.0
347188,1680,26.232878,225,True,909.3151164758397,2,0.0
347616,1681,36.431812,225,True,1298.872479064637,5,0.4
347844,1682,25.648295,225,True,932.3317939144194,1,0.0
348064,1683,22.241836,225,True,794.4734410139752,2,0.8
348088,1684,23.439068,225,True,808.7627151644583,1,0.0
348136,1685,-11.077257,18,False,104.10973098709792,0,0.2
348516,1686,34.983806,225,True,1195.3522565795174,8,0.0
348744,1687,32.373377,225,True,1108.5350974586636,5,0.0
348816,1688,5.647745,182,False,808.3097874926641,2,0.0
349036,1689,36.062354,225,True,1230.4941486529406,7,0.2
349152,1690,-2.154927,102,False,417.8029282206785,2,0.8
349184,1691,-7.318125,37,False,211.27498915003002,0,0.0
349416,1692,39.33056,225,True,1284.4223858180267,12,0.6000000000000001
349716,1693,28.617718,225,True,985.5087148667674,5,0.6000000000000001
350052,1694,27.968573,225,True,944.3429100892129,7,1.7999999999999998
350084,1695,32.875095,225,True,1166.2037878907922,7,1.0
350316,1696,36.337864,225,True,1214.314540118227,8,0.0
350616,1697,39.354117,225,True,1286.9646748144673,11,0.0
350952,1698,32.169783,225,True,1064.3913020871596,9,1.5999999999999999
350984,1699,37.364284,225,True,1292.9713641164803,6,0.0
351216,1700,30.255957,225,True,1027.8382978015425,4,0.0
351516,1701,27.24641,225,True,945.0564131039871,3,0.2
351540,1702,1.201798,139,False,640.8719186896053,1,3.0000000000000004
351852,1703,34.481329,225,True,1159.2531742490478,11,0.6000000000000001
352116,1704,32.768883,225,True,1167.5553075644898,3,0.0
352416,1705,27.064297,225,True,968.17186494823,2,0.0
352440,1706,33.251,225,True,1124.4399965680027,8,0.0
352708,1707,12.239877,214,False,953.5950865933712,2,0.6000000000000001
353016,1708,28.228583,225,True,1040.343336344174,1,0.2
353316,1709,32.472872,225,True,1109.3148942221333,5,0.4
353340,1710,22.634368,225,True,803.7747154592284,1,0.4
353608,1711,32.307011,225,True,1165.0804244361566,7,1.5999999999999999
353916,1712,38.946174,225,True,1313.8469538438762,8,0.0
354088,1713,6.444997,193,False,757.7998964890028,3,2.1999999999999997
354144,1714,-3.197804,57,False,336.88785469011736,1,0.0
354220,1715,-3.043038,153,False,505.478471174574,0,5.8000000000000025
354240,1716,32.486865,225,True,1178.6746070212284,6,0.0
354988,1717,30.946627,225,True,1113.065098278736,2,0.0
355044,1718,24.309839,225,True,912.3935434385378,1,2.6
355120,1719,38.632232,225,True,1339.6892688273783,6,0.0
355140,1720,33.02078,225,True,1161.631206819165,3,0.0
355680,1721,-0.789963,135,False,481.20149877000154,0,0.8
355868,1722,15.766189,187,False,1062.6475647211341,7,0.6000000000000001
355888,1723,35.041512,225,True,1243.260475104411,6,1.9999999999999998
355944,1724,33.218092,225,True,1147.1236836618964,5,0.4
356580,1725,38.202217,225,True,1341.6886894005452,5,0.0
356768,1726,35.343089,225,True,1238.5235762761254,5,0.0
356788,1727,36.516382,225,True,1250.255285167189,6,0.0
356844,1728,27.275677,225,True,923.8270658049933,3,0.0
357040,1729,-0.334448,115,False,453.0220841122202,3,1.4
357668,1730,31.849961,225,True,1103.598432440172,4,0.0
357688,1731,29.694333,225,True,1041.373337699873,2,0.2
357744,1732,26.939921,225,True,932.7968584276525,3,0.6000000000000001
357920,1733,-6.836733,44,False,239.33068388777383,1,1.9999999999999998
357940,1734,31.025703,225,True,1075.4281293738031,8,1.9999999999999998
358568,1735,29.887339,225,True,1085.8935493232898,2,0.4
358588,1736,28.558902,225,True,1031.1560865988806,4,0.6000000000000001
358820,1737,25.445311,225,True,908.2124274128162,1,1.0
358840,1738,37.224206,225,True,1275.368249137915,7,0.4
359468,1739,27.848811,225,True,962.7524483177046,2,0.0
359488,1740,36.792963,225,True,1275.7185145926464,11,2.4
359720,1741,34.856157,225,True,1191.8462625635138,10,2.4
359740,1742,27.476656,225,True,931.8662509403816,3,0.0
360344,1743,7.234726,214,False,886.9890495539789,1,2.1999999999999997
360368,1744,35.059765,225,True,1135.9905915491572,10,0.0
360620,1745,33.257379,225,True,1191.09516787732,2,0.0
360640,1746,35.402894,225,True,1170.5157672174364,11,1.7999999999999998
361244,1747,24.965318,225,True,885.8127298968905,0,0.0
361252,1748,3.031617,153,False,648.4646668257651,3,3.400000000000001
361268,1749,25.246119,225,True,955.444770499535,3,4.200000000000001
361520,1750,25.62892,225,True,952.3568055095377,0,1.2
362144,1751,37.577306,225,True,1313.4922553898368,5,0.0
362152,1752,23.731155,225,True,820.4461978303648,1,0.0
362168,1753,23.017722,225,True,918.3088728188227,3,5.400000000000002
362420,1754,26.567006,225,True,1069.8802368299657,2,0.8
363044,1755,21.732643,225,True,766.1057046040723,0,0.4
363052,1756,36.714897,225,True,1293.3958601875706,5,0.6000000000000001
363068,1757,34.477282,225,True,1163.8912732613803,11,2.8000000000000003
363320,1758,38.765858,225,True,1345.0343274544298,7,0.0
363944,1759,37.266513,225,True,1310.660530655644,7,1.4
363952,1760,30.069059,225,True,1041.9623625931965,3,0.0
363968,1761,35.030153,225,True,1266.0061120632795,5,1.7999999999999998
364220,1762,35.249067,225,True,1173.9626946442227,10,0.8
364844,1763,30.879717,225,True,1077.5886963864518,5,0.8
364852,1764,26.848591,225,True,1018.7436529390716,0,0.0
364868,1765,28.655218,225,True,970.2087220571832,4,0.2
365120,1766,23.508111,225,True,837.124455328785,2,1.9999999999999998
365744,1767,23.427734,225,True,833.909376333808,3,1.4
365752,1768,23.211416,225,True,793.2566359368195,2,0.4
365768,1769,37.813847,225,True,1294.9538934890552,7,0.0
366020,1770,38.399895,225,True,1307.9958055558186,7,0.0
366168,1771,-8.720814,37,False,151.1674318163432,0,0.0
366644,1772,33.389151,225,True,1126.7660399766387,7,0.6000000000000001
366652,1773,25.965636,225,True,903.4254383360767,1,0.0
366668,1774,22.226905,225,True,759.4762033943498,1,0.2
367068,1775,30.639353,225,True,1029.5741228225145,8,1.7999999999999998
367544,1776,26.492255,225,True,935.690210346663,5,1.5999999999999999
367552,1777,33.776176,225,True,1169.447029652872,4,0.0
367568,1778,28.640301,225,True,1023.2120323763136,4,0.4
367968,1779,35.683606,225,True,1228.1442440189935,6,0.0
368104,1780,-7.999341,34,False,172.0263558297404,0,0.2
368444,1781,35.850237,225,True,1220.4094849241724,7,0.6000000000000001
368452,1782,35.572769,225,True,1202.9107621705043,9,1.5999999999999999
368468,1783,38.692404,225,True,1295.6961727654502,11,1.7999999999999998
369004,1784,35.820481,225,True,1235.2192222576127,5,0.0
369344,1785,26.488986,225,True,977.1594282223177,6,5.200000000000002
369352,1786,21.008898,225,True,721.1559243099057,0,0.0
369368,1787,30.814217,225,True,1046.168676593473,6,1.2
369904,1788,27.059022,225,True,974.3608914459257,4,0.4
370244,1789,38.539722,225,True,1333.5888887971523,6,0.0
370252,1790,33.609187,225,True,1158.7674963243521,7,0.6000000000000001
370268,1791,23.633742,225,True,848.5496986810913,1,0.0
370804,1792,32.003097,225,True,1087.3238903429756,5,0.0
371144,1793,31.849274,225,True,1114.7709693659285,3,0.0
371152,1794,36.355739,225,True,1287.0295629415682,5,0.0
371168,1795,36.584903,225,True,1231.396132005973,9,0.2
371448,1796,-0.817238,70,False,416.1104616812579,2,0.0
371704,1797,20.434695,225,True,763.7878034427272,1,2.1999999999999997
372020,1798,21.854753,217,False,1219.7901106225454,10,0.0
372044,1799,33.915857,225,True,1164.6342886244738,6,0.2
372348,1800,34.439126,225,True,1154.3650416776363,7,0.0
372604,1801,31.676085,225,True,1127.0434016726585,7,0.8
372804,1802,18.029524,196,False,1115.5809433903387,7,1.0
372944,1803,35.162141,225,True,1192.0856507087924,6,0.0
373248,1804,18.762886,225,True,772.1154460503672,0,5.600000000000002
373384,1805,-1.068648,110,False,468.45409839487183,3,3.0000000000000004
373504,1806,33.664045,225,True,1144.9618199372617,8,0.8
373688,1807,5.675413,221,False,867.0165141531008,5,2.6
374148,1808,28.777551,225,True,1039.9020381682528,1,0.2
374284,1809,24.069809,225,True,861.1923646163418,1,0.6000000000000001
374404,1810,39.60643,225,True,1344.2571853197537,8,0.2
374588,1811,35.448808,225,True,1287.5523247324995,5,0.0
375048,1812,36.11491,225,True,1238.9963922668308,8,0.0
375184,1813,31.447775,225,True,1125.911004526566,5,0.8
375304,1814,38.858799,225,True,1321.5519693478018,8,0.0
375488,1815,24.035628,225,True,906.225117893747,6,5.8000000000000025
375752,1816,-0.389141,112,False,502.8343484563957,3,1.4
375948,1817,28.443748,225,True,1024.1499219163252,2,0.0
376084,1818,29.244553,225,True,1080.1821197620402,1,0.8
376388,1819,38.83824,225,True,1269.5295861271707,12,1.0
376440,1820,0.240627,89,False,464.82508987065785,5,1.9999999999999998
376652,1821,26.575925,225,True,995.8370049340183,9,3.800000000000001
376848,1822,36.187747,225,True,1241.9098786481836,10,3.0000000000000004
377288,1823,31.022453,225,True,1025.6981071689831,10,2.4
377340,1824,36.628655,225,True,1264.3462095778295,6,0.0
377552,1825,27.023421,225,True,952.1368238536434,4,1.9999999999999998
377748,1826,40.277932,225,True,1341.517275536899,10,0.0
378188,1827,36.863017,225,True,1259.3206907554495,7,0.6000000000000001
378240,1828,28.952881,225,True,1043.7152344349747,3,2.1999999999999997
378332,1829,-7.3388,36,False,193.64798689560803,0,0.0
378452,1830,37.151449,225,True,1243.657954110934,9,0.8
378648,1831,18.835824,225,True,759.0329654150139,0,4.000000000000001
379140,1832,37.370059,225,True,1273.2023665351248,8,0.4
379232,1833,28.540016,225,True,1049.6006219483888,2,1.5999999999999999
379352,1834,32.104136,225,True,1155.3654220286016,4,1.0
379400,1835,10.689226,188,False,889.9690201044577,2,0.0
380040,1836,37.46675,225,True,1253.069990110272,8,0.0
380132,1837,33.821851,225,True,1153.6740498743866,10,2.1999999999999997
380252,1838,30.39635,225,True,1019.8539880696433,7,1.2
380300,1839,35.088622,225,True,1188.3448934380076,8,1.2
380796,1840,7.321264,189,False,787.2505560633658,3,1.9999999999999998
381032,1841,34.568068,225,True,1147.522732957852,8,0.2
381152,1842,39.003211,225,True,1344.9284429588106,6,0.0
381200,1843,28.700835,225,True,1048.033386373948,0,0.0
381636,1844,2.458628,151,False,604.7451361063331,1,1.2
381656,1845,3.914357,126,False,626.9742688448546,2,0.4
381696,1846,35.599772,225,True,1184.7908676052502,8,0.0
382012,1847,12.427962,203,False,1004.3184615715475,1,0.0
382456,1848,14.364552,205,False,979.3820622959779,9,2.1999999999999997
382556,1849,25.474995,225,True,845.3997836650403,4,0.0
382596,1850,37.400628,225,True,1284.0251211621003,6,0.0
382912,1851,26.007442,225,True,905.0976765714247,1,0.0
383356,1852,38.731102,225,True,1294.0440810640735,11,1.5999999999999999
383456,1853,39.684397,225,True,1292.17589964219,13,1.2
383496,1854,37.302543,225,True,1303.3017097232,7,0.0
383812,1855,36.429383,225,True,1235.5753019785338,7,0.0
384256,1856,41.698813,225,True,1344.7525136957083,14,0.8
384356,1857,23.059686,225,True,814.3874538450295,0,0.2
384396,1858,23.375762,225,True,836.6304713831819,1,1.0
384712,1859,34.126974,225,True,1167.4789687574553,7,0.0
385156,1860,34.102394,225,True,1216.8957604049656,3,0.0
385256,1861,39.428145,225,True,1337.1257874769608,8,0.0
385296,1862,27.182894,225,True,960.1157579015824,4,1.0
385612,1863,34.852828,225,True,1196.5131097953317,5,0.0
385648,1864,-0.111217,123,False,540.3513016077281,3,1.7999999999999998
385928,1865,-1.706196,70,False,397.35214292797787,4,1.9999999999999998
385992,1866,-10.685279,16,False,87.78882987721272,0,1.2
386156,1867,31.645092,225,True,1143.403681079023,4,0.8
386196,1868,28.473578,225,True,1003.7431103409847,1,0.0
386404,1869,8.705996,198,False,861.0398407941184,4,4.000000000000001
386632,1870,-3.614839,57,False,299.40643411881774,3,0.2
386892,1871,29.489139,225,True,1002.7655417330654,5,0.8
387056,1872,24.898266,225,True,873.5306597578794,1,0.0
387096,1873,33.657925,225,True,1169.5169886195326,5,0.0
387532,1874,22.565069,225,True,917.0027781319661,3,3.800000000000001
387792,1875,34.152345,225,True,1176.4937988351476,6,0.4
387956,1876,29.69213,225,True,1026.8852126517395,8,0.8
387996,1877,37.581201,225,True,1231.2480526614008,12,0.4
388104,1878,1.959453,143,False,581.5781134013837,2,1.9999999999999998
388692,1879,38.773851,225,True,1303.7540495523185,9,0.6000000000000001
388856,1880,35.857018,225,True,1237.480707186328,5,0.0
388896,1881,37.943755,225,True,1236.9502112951272,11,0.2
388976,1882,-8.822414,30,False,158.3034338467005,0,1.0
389004,1883,37.516361,225,True,1311.854442993469,7,0.0
389008,1884,-7.983217,28,False,161.47133747028352,0,0.0
389452,1885,0.681009,111,False,528.8403539800081,5,3.400000000000001
389592,1886,25.67175,225,True,898.0699979117719,1,0.0
389876,1887,32.816867,225,True,1193.4746855433696,7,0.6000000000000001
389904,1888,27.694099,225,True,1001.3639595904638,0,0.0
390180,1889,-3.210672,76,False,337.17312372532047,1,0.0
390352,1890,32.97366,225,True,1178.9463949053816,4,0.0
390480,1891,-1.747189,75,False,370.11242844232584,3,0.0
390492,1892,34.784694,225,True,1221.7877590424646,4,0.0
390804,1893,23.440723,225,True,823.2289315995131,3,1.4
390900,1894,-3.300575,105,False,412.7770051524301,2,3.0000000000000004
391252,1895,32.18012,225,True,1160.0048089526563,8,2.1999999999999997
391392,1896,36.783353,225,True,1284.9341094495958,8,1.4
391704,1897,27.424311,225,True,964.1724241364161,5,0.0
391800,1898,36.795858,225,True,1278.2343356137726,10,3.0000000000000004
392152,1899,30.401051,225,True,1028.042052734154,8,2.1999999999999997
392232,1900,-9.251344,20,False,115.54625464274068,0,0.2
392264,1901,18.90146,218,False,1166.4583822127106,7,1.5999999999999999
392524,1902,9.782684,205,False,834.507368698854,4,0.8
392700,1903,32.671522,225,True,1163.6608679289898,6,0.0
393132,1904,36.612006,225,True,1210.8802536125695,11,1.4
393164,1905,39.272135,225,True,1309.2853829678074,9,0.0
393424,1906,25.148985,225,True,869.159419157289,5,1.9999999999999998
393600,1907,32.379856,225,True,1142.39422901763,3,0.0
394032,1908,26.379019,225,True,895.9607411973918,4,0.2
394064,1909,29.950869,225,True,1023.634767894893,9,0.2
394208,1910,-6.175077,44,False,246.5969023997693,2,1.4
394324,1911,31.432796,225,True,1095.7118243818804,6,0.6000000000000001
394500,1912,25.016807,225,True,831.8722702440512,4,0.0
394872,1913,16.299504,202,False,1094.3801663686204,3,0.0
395108,1914,28.587709,225,True,984.3083444441486,4,1.0
395172,1915,-4.853367,75,False,360.2653074383429,1,0.4
395224,1916,28.961602,225,True,1037.664094566788,3,0.2
395400,1917,33.659681,225,True,1188.787230750098,4,0.0
396008,1918,34.211942,225,True,1173.2776845733792,11,2.6
396072,1919,29.220234,225,True,992.0093448001949,4,0.0
396124,1920,32.602368,225,True,1148.0947289161613,4,0.8
396300,1921,29.454146,225,True,1002.965822327915,5,0.0
396908,1922,25.580237,225,True,878.4094874368827,2,0.0
396972,1923,29.04982,225,True,1085.992780473609,3,0.4
397024,1924,36.12432,225,True,1227.3727943498502,7,0.0
397200,1925,29.665153,225,True,1027.4061070741502,3,0.0
397372,1926,2.208543,100,False,505.9417090442694,4,0.0
397808,1927,28.741997,225,True,1003.2798882901254,3,0.0
397924,1928,33.498472,225,True,1180.7388616631224,3,0.0
398056,1929,4.858342,171,False,726.333685892344,3,3.400000000000001
398100,1930,25.434791,225,True,878.9916387910312,4,0.8
398536,1931,-1.211601,109,False,446.7359763911602,1,1.2
398668,1932,-6.816528,33,False,192.13889335189742,1,0.0
398708,1933,27.16911,225,True,989.9643851656526,2,0.0
398824,1934,32.298682,225,True,1099.947280574418,7,0.8
398956,1935,40.552618,225,True,1344.5047095766213,10,0.0
399216,1936,3.874377,127,False,602.1750980093091,6,1.9999999999999998
399568,1937,34.947321,225,True,1217.092855965549,4,0.0
399724,1938,33.568377,225,True,1213.1350694404914,3,0.0
399856,1939,31.207562,225,True,1057.9024851418912,9,0.8
400116,1940,37.506881,225,True,1318.6752518388284,7,1.2
400468,1941,28.39784,225,True,1000.7136057859709,2,0.4
400532,1942,4.176566,169,False,675.8626280250007,2,1.7999999999999998
400576,1943,4.68337,115,False,652.9347957031098,1,0.0
400624,1944,30.344999,225,True,1088.1999670045689,2,0.0
401368,1945,33.539646,225,True,1161.5858213834895,4,0.0
401432,1946,37.537802,225,True,1291.112061606285,7,0.0
401476,1947,38.241364,225,True,1325.6545518497464,8,0.0
401524,1948,37.900741,225,True,1250.4296378804283,10,0.0
402268,1949,36.110037,225,True,1314.0014872556626,4,0.0
402332,1950,35.600051,225,True,1241.602055033176,5,0.0
402376,1951,35.85402,225,True,1277.360808217988,6,0.4
402424,1952,36.289375,225,True,1279.574997464109,7,0.0
402684,1953,-2.35619,65,False,370.552387358591,1,0.0
403168,1954,36.089782,225,True,1238.7912710859964,7,0.0
403232,1955,31.680471,225,True,1055.2188363371633,6,0.0
403276,1956,27.95017,225,True,936.4068053103979,6,1.4
403584,1957,31.502726,225,True,1213.7090337889022,7,4.000000000000001
404068,1958,37.800173,225,True,1319.2069317483006,8,0.8
404132,1959,33.089128,225,True,1143.5651127003248,5,0.0
404176,1960,27.444832,225,True,916.9932977325736,4,0.0
404484,1961,23.784425,225,True,822.5769869699577,1,0.0
404968,1962,24.76305,225,True,839.3219898979316,2,0.0
405032,1963,23.544485,225,True,806.5793947276245,1,0.0
405076,1964,31.661426,225,True,1075.2570366792893,5,0.0
405384,1965,27.836687,225,True,1016.6674987733595,1,1.0
405432,1966,-1.971168,100,False,440.3532972004159,0,0.6000000000000001
405796,1967,17.029962,180,False,1056.3984702078988,7,0.2
405868,1968,35.414439,225,True,1170.9775528057103,9,0.4
406136,1969,-6.076039,67,False,317.75842432661716,0,0.0
406284,1970,36.89752,225,True,1220.7007842164694,9,0.0
406332,1971,30.614958,225,True,1116.5983377733996,2,0.0
406552,1972,-3.719896,55,False,320.80416846152843,1,0.2
406696,1973,22.934355,225,True,833.3741946295397,0,1.2
407036,1974,33.8472,225,True,1145.0880053949786,8,0.8
407184,1975,28.745865,225,True,1003.4346001946233,3,0.0
407452,1976,26.849455,225,True,932.3782114771034,4,0.0
407596,1977,27.131378,225,True,954.8551314074041,4,1.5999999999999999
407936,1978,28.476565,225,True,1028.6626082167681,3,0.8
408084,1979,35.101171,225,True,1235.2468287430343,4,0.0
408144,1980,8.653337,173,False,812.5334958117255,2,0.4
408392,1981,0.190687,77,False,442.0274763916582,3,0.0
408496,1982,37.246476,225,True,1298.6590407277067,5,0.0
408836,1983,30.485835,225,True,1039.4333927809698,5,0.0
409044,1984,28.890298,225,True,988.4119391771003,3,0.0
409048,1985,-4.842796,53,False,293.4881486088184,0,0.0
409052,1986,4.824091,139,False,708.9636356608371,1,0.8
409292,1987,27.734602,225,True,945.3840721898869,5,0.6000000000000001
409944,1988,23.475261,225,True,803.8104206831649,1,0.0
409948,1989,35.40875,225,True,1214.749999202833,7,0.6000000000000001
409952,1990,26.055741,225,True,903.8296348826564,2,0.0
410192,1991,30.626921,225,True,1021.8768461978607,6,0.0
410608,1992,12.81817,165,False,914.3268097149753,5,0.0
410844,1993,32.292083,225,True,1074.8833132820182,7,0.0
410852,1994,34.330756,225,True,1182.8302259468924,9,2.1999999999999997
411092,1995,30.186342,225,True,1040.2536783925989,3,0.0
411508,1996,36.996471,225,True,1307.8588238000125,4,0.4
411512,1997,0.731848,105,False,483.67390564252173,2,0.2
411744,1998,31.13439,225,True,1082.1755977811672,8,2.4
411752,1999,35.645743,225,True,1229.0297060776375,7,0.8
412408,2000,37.413461,225,True,1282.9384361538196,6,0.0
412412,2001,23.858978,225,True,819.1591306064072,1,0.0
412540,2002,-7.332147,33,False,188.31413421954517,0,0.0
412644,2003,36.392762,225,True,1278.9104628566115,5,0.8
412652,2004,31.956761,225,True,1114.270450790376,4,0.0
413252,2005,10.1366,178,False,824.6640073134929,4,0.0
413312,2006,35.883485,225,True,1259.3394140873916,4,0.0
413544,2007,24.942489,225,True,920.8995770126603,4,3.800000000000001
413552,2008,27.76512,225,True,938.6047913123018,4,0.4
413968,2009,2.31661,164,False,598.2644101647695,0,0.0
414152,2010,30.471223,225,True,1099.6489380543553,3,0.0
414444,2011,29.277331,225,True,1024.6932439950244,3,0.8
414452,2012,32.70827,225,True,1134.730810292423,4,0.0
414844,2013,3.283982,98,False,583.3592938258698,3,0.0
414868,2014,38.448106,225,True,1316.3242414959282,7,0.0
415052,2015,33.69789,225,True,1171.1156172789833,5,0.4
415344,2016,39.07249,225,True,1344.4995954129286,7,0.0
415744,2017,23.88921,225,True,799.5684172842991,3,0.0
415768,2018,38.573212,225,True,1247.7284629344776,11,0.0
415936,2019,14.928528,221,False,1031.5411196286086,6,0.0
416244,2020,23.014957,225,True,818.9982651037658,0,0.2
416436,2021,3.13661,167,False,591.0643884923556,1,0.0
416644,2022,39.717359,225,True,1326.2943454691367,10,0.6000000000000001
416836,2023,30.26631,225,True,1081.852403072775,1,0.0
417064,2024,21.593156,205,False,1206.9262482634063,10,0.6000000000000001
417336,2025,22.089983,225,True,828.3993207455201,0,2.1999999999999997
417544,2026,33.160835,225,True,1120.8334150769656,7,1.0
417736,2027,29.666568,225,True,984.2627258606817,6,0.0
417964,2028,34.035707,225,True,1172.6282636995584,6,0.0
418176,2029,0.581608,158,False,511.26430285778747,0,0.0
418236,2030,23.153604,225,True,806.9441558804158,0,0.0
418636,2031,34.200072,225,True,1184.8028863415539,6,0.0
418864,2032,24.462974,225,True,873.71894612386,0,0.6000000000000001
419076,2033,21.308132,225,True,733.1252779284921,0,0.0
419136,2034,26.042527,225,True,896.9010679719672,2,0.0
419536,2035,32.571151,225,True,1191.6460502150612,7,0.0
419764,2036,23.039841,225,True,808.7936313213863,0,0.0
419976,2037,21.367286,225,True,825.0914502298799,2,5.000000000000002
420036,2038,32.857427,225,True,1155.897096310889,5,0.0
420320,2039,-0.169537,86,False,475.6185213288163,2,0.4
420436,2040,38.363151,225,True,1304.926031394435,7,0.0
420664,2041,26.121158,225,True,909.6463085473038,1,0.0
420936,2042,30.270954,225,True,1034.038143687414,4,0.0
421220,2043,25.657934,225,True,859.1173646828556,3,0.0
421336,2044,29.076288,225,True,983.0515313978713,5,0.0
421564,2045,24.758463,225,True,885.5385229000697,3,1.5999999999999999
421836,2046,20.433772,225,True,722.1508649620171,0,1.0
422120,2047,26.837268,225,True,912.6907199079801,3,0.0
422236,2048,24.190108,225,True,826.0043107535021,2,0.4
422464,2049,20.930606,225,True,754.8242297212735,1,2.1999999999999997
422736,2050,31.819526,225,True,1127.9810210039536,3,0.0
423020,2051,37.640248,225,True,1293.6099088590763,7,0.4
423136,2052,37.102891,225,True,1302.5156269990366,4,0.0
423364,2053,27.563879,225,True,991.3551479900682,0,0.0
423636,2054,30.976692,225,True,1092.6676955347675,3,0.0
423920,2055,20.055597,225,True,703.8238808401634,0,0.6000000000000001
424036,2056,38.840752,225,True,1340.0300745176096,6,0.0
424264,2057,19.827583,225,True,680.3033000563003,0,0.0
424536,2058,26.079528,225,True,885.581132916655,5,1.4
424820,2059,34.382082,225,True,1147.2832936547647,10,0.4
424936,2060,34.494173,225,True,1156.566922113956,8,0.0
425164,2061,33.164787,225,True,1164.191461038312,5,0.2
425436,2062,30.530654,225,True,1086.0261602583778,1,0.0
425668,2063,3.574307,126,False,628.5722831069193,2,1.4
425720,2064,34.641439,225,True,1174.4575634734379,7,0.2
425836,2065,26.66449,225,True,966.5795803030849,0,0.0
425856,2066,-6.700933,34,False,197.56268540297992,1,0.0
426336,2067,36.106185,225,True,1253.0473871267495,10,3.600000000000001
426356,2068,-1.05479,125,False,468.2083922304978,0,1.2
426568,2069,27.602904,225,True,948.1161719088586,3,0.0
426736,2070,39.501191,225,True,1340.8476573195103,8,0.0
427236,2071,25.144792,225,True,862.5916657293617,3,1.0
427256,2072,29.713249,225,True,987.729968093468,6,0.0
427468,2073,31.100033,225,True,1028.8013368660058,8,0.0
427636,2074,26.036768,225,True,864.6707288576345,4,0.0
428136,2075,32.795639,225,True,1034.2255517381288,10,0.0
428156,2076,37.856135,225,True,1261.44541467515,10,1.0
428368,2077,28.860093,225,True,940.0037240298407,7,0.4
428536,2078,32.970047,225,True,1151.601868867891,5,0.0
428600,2079,1.016844,111,False,503.87376718390647,2,0.0
429036,2080,34.818945,225,True,1263.9577825202682,4,0.0
429268,2081,25.573217,225,True,905.3286696170267,2,1.4
429436,2082,24.584484,225,True,848.1793647830718,3,0.4
429500,2083,33.217649,225,True,1239.905973017284,3,0.0
429936,2084,34.696052,225,True,1150.242076170463,8,0.0
430168,2085,24.397615,225,True,824.7046109802573,2,0.0
430336,2086,33.251003,225,True,1146.8401074599687,5,0.6000000000000001
430400,2087,29.560862,225,True,1013.6344947764526,4,0.0
430836,2088,22.632197,225,True,792.4878833992204,1,0.4
431068,2089,22.668605,225,True,787.5441810648817,0,0.0
431132,2090,17.397586,199,False,1116.7034372589474,5,0.0
431300,2091,26.351063,225,True,917.2425211654474,6,3.0000000000000004
431320,2092,-5.812824,47,False,233.88702147549657,1,0.0
431736,2093,37.23517,225,True,1259.8067815753498,7,0.0
431968,2094,33.220629,225,True,1179.2251406539253,2,0.0
432200,2095,36.357155,225,True,1223.0861853535785,8,0.4
432220,2096,35.758086,225,True,1209.5234397983859,8,1.0
432612,2097,16.973105,219,False,1076.5241858581066,7,0.6000000000000001
432868,2098,30.561301,225,True,1002.4520413724697,8,0.6000000000000001
433100,2099,24.039798,225,True,824.7919034668221,3,1.0
433120,2100,34.95562,225,True,1244.6247945957557,3,0.0
433248,2101,-0.773732,95,False,440.2507201053422,3,0.6000000000000001
433512,2102,28.856108,225,True,983.8443193676442,4,0.0
433576,2103,3.541171,119,False,591.2468202212017,3,0.4
434020,2104,25.872761,225,True,901.3104215650987,2,0.0
434148,2105,33.985712,225,True,1151.4284967016151,6,0.0
434412,2106,38.642951,225,True,1300.1180365025075,8,0.0
434476,2107,25.039367,225,True,997.5746954456611,2,3.600000000000001
434920,2108,37.712518,225,True,1262.9007239305101,8,0.0
435048,2109,30.535708,225,True,1054.2283186855948,3,0.0
435312,2110,27.535103,225,True,956.6041276913177,2,0.0
435376,2111,36.11281,225,True,1262.9123925469653,4,0.0
435820,2112,32.892079,225,True,1164.4831700352747,4,0.8
435948,2113,33.32347,225,True,1142.5388199355425,7,1.5999999999999999
436212,2114,35.176489,225,True,1209.4595499626225,5,0.0
436276,2115,33.840669,225,True,1108.8267577589409,11,0.8
436464,2116,10.709488,161,False,871.579521010897,7,0.6000000000000001
436848,2117,35.432684,225,True,1192.5073423234362,7,0.0
437112,2118,40.439382,225,True,1275.9752717229849,14,0.0
437176,2119,36.062618,225,True,1256.1047002998707,5,0.0
437364,2120,27.119745,225,True,984.7897957446016,1,0.0
437748,2121,31.940586,225,True,1118.423450721812,3,0.0
438012,2122,36.026792,225,True,1272.271696385094,4,0.0
438024,2123,5.63722,165,False,663.8888000375771,3,0.2
438076,2124,23.420065,225,True,801.6025831967604,1,0.0
438460,2125,3.135788,112,False,598.2315091181392,1,0.0
438648,2126,37.465252,225,True,1274.610082808636,7,0.2
438924,2127,21.895746,225,True,756.6298357890475,0,0.0
438976,2128,25.184601,225,True,888.1840444189424,0,0.0
439360,2129,34.469856,225,True,1121.99424025781,10,0.8
439548,2130,35.395814,225,True,1213.4325497869004,6,0.0
439824,2131,23.983395,225,True,846.535786987981,0,0.0
439876,2132,20.28737,225,True,745.0947837336039,0,2.1999999999999997
440260,2133,30.396692,225,True,1059.8676662713647,5,1.7999999999999998
440448,2134,28.875298,225,True,981.4119153213924,8,2.6
440724,2135,24.04357,225,True,863.3428165155412,3,2.6
440776,2136,25.760572,225,True,874.4228920503485,3,0.2
440968,2137,2.082882,130,False,552.1152816819458,2,0.8
441160,2138,34.734763,225,True,1164.5905078361548,7,0.0
441624,2139,26.106569,225,True,878.6627704321834,3,0.0
441676,2140,40.260188,225,True,1334.4075184616518,10,0.0
441868,2141,27.770355,225,True,945.2142046493605,3,0.0
442060,2142,31.68936,225,True,1111.5743889199935,4,0.0
442524,2143,28.674564,225,True,1027.7825701866748,0,0.0
442576,2144,26.697441,225,True,972.6976508065109,0,0.0
442752,2145,17.762002,221,False,1141.680096809821,4,0.0
442960,2146,31.06748,225,True,1091.4991831737002,2,0.0
443424,2147,29.107189,225,True,981.0875790039129,4,0.0
443476,2148,39.022559,225,True,1292.9023467644288,10,0.4
443652,2149,32.819571,225,True,1155.1828342019153,4,0.0
443860,2150,27.635707,225,True,951.0282757591831,5,1.0
444324,2151,33.395067,225,True,1187.8026901833841,5,0.8
444376,2152,28.63183,225,True,1018.0731872412314,1,0.0
444552,2153,25.455446,225,True,934.2178380621538,3,2.4
444760,2154,23.278204,225,True,805.5281589202848,4,2.4
445224,2155,21.443126,225,True,738.5250333552931,0,0.0
445276,2156,31.378901,225,True,1057.5560494784531,8,1.9999999999999998
445452,2157,35.216484,225,True,1200.6593792128333,6,0.0
445660,2158,24.205719,225,True,855.4287567272333,0,0.0
446124,2159,37.485164,225,True,1304.2065707635802,5,0.0
446176,2160,27.544149,225,True,977.7659426782432,1,0.0
446352,2161,33.54048,225,True,1084.8192111642607,9,0.0
446560,2162,37.733778,225,True,1307.7511344409959,7,0.2
447024,2163,26.243694,225,True,872.9477490622357,4,0.0
447076,2164,26.27657,225,True,901.4627992907042,2,0.0
447204,2165,-7.42801,32,False,183.67958187431464,0,0.0
447252,2166,23.183881,225,True,798.5552410017967,1,0.0
447460,2167,28.770294,225,True,980.41174650011,4,0.0
447832,2168,10.16215,145,False,826.4859851505428,4,0.0
447924,2169,22.761404,225,True,791.2561743057759,0,0.0
448104,2170,28.339386,225,True,992.77543676336,4,1.5999999999999999
448360,2171,34.863903,225,True,1219.3561041335656,4,0.0
448732,2172,26.277707,225,True,895.1082626306791,3,0.0
448824,2173,28.526636,225,True,945.8654342581608,6,0.0
449004,2174,30.214903,225,True,1008.5961108893443,6,0.0
449260,2175,35.742517,225,True,1238.500677572902,5,0.0
449632,2176,33.937174,225,True,1143.0869794783384,6,0.0
449724,2177,34.708921,225,True,1163.5568202254017,7,0.0
449904,2178,28.41119,225,True,961.2476030847281,4,0.0
450160,2179,35.890354,225,True,1268.4141495128288,5,0.0
450532,2180,30.033107,225,True,1034.1242658886722,3,0.0
450624,2181,31.14544,225,True,1112.2176062800095,3,0.6000000000000001
450804,2182,28.924803,225,True,991.3921028313275,3,0.0
451060,2183,37.582815,225,True,1321.712603379151,4,0.0
451432,2184,24.817552,225,True,825.5020646959049,3,0.0
451524,2185,22.057681,225,True,795.1072477121054,0,0.6000000000000001
451704,2186,32.800407,225,True,1135.216278388687,4,0.0
451960,2187,34.521826,225,True,1229.6730485617218,6,1.7999999999999998
452332,2188,22.407205,225,True,767.4882127305145,2,0.2
452424,2189,35.496098,225,True,1239.843916499965,5,0.0
452604,2190,23.935871,225,True,823.8348274650166,2,0.2
452860,2191,21.602569,225,True,789.7027489472073,0,1.5999999999999999
453232,2192,35.092771,225,True,1194.910834240085,6,0.0
453324,2193,29.927405,225,True,1052.2961913809677,2,0.0
453504,2194,34.823648,225,True,1201.7459306138144,5,0.0
453760,2195,35.231811,225,True,1218.0724391433018,7,0.8
454132,2196,34.312025,225,True,1147.6809946406856,7,0.2
454224,2197,23.445656,225,True,813.8262494918822,1,0.0
454404,2198,36.744478,225,True,1259.37912782904,7,0.0
454660,2199,33.180503,225,True,1196.820121122567,2,0.0
454984,2200,-3.443682,81,False,362.25270698684767,1,0.2
455032,2201,36.544667,225,True,1217.7866812330467,8,0.0
455124,2202,32.967748,225,True,1111.5099054742986,6,0.0
455304,2203,29.391746,225,True,1047.6698367081678,2,0.4
455312,2204,-6.169673,47,False,262.81309364196363,0,0.0
455476,2205,-0.380872,111,False,478.36511718737006,0,0.0
455884,2206,35.833323,225,True,1288.5329033819417,4,0.0
456204,2207,31.321352,225,True,1053.654078357492,5,0.0
456212,2208,29.032212,225,True,1015.6884945345557,8,3.400000000000001
456376,2209,28.475936,225,True,1037.4374541757845,4,1.4
456784,2210,39.801032,225,True,1332.041265445709,9,0.0
457104,2211,37.164196,225,True,1338.5678298993357,4,0.0
457112,2212,22.268932,225,True,771.5572848423474,2,0.8
457276,2213,20.374567,225,True,746.9826623937408,0,1.4
457672,2214,10.026953,140,False,821.0781290449354,4,0.0
457684,2215,35.651229,225,True,1185.24915621045,9,0.6000000000000001
457880,2216,-4.788893,52,False,279.6442756102231,1,0.0
458004,2217,33.780617,225,True,1174.4246931663265,6,0.0
458176,2218,34.353406,225,True,1208.5362569235654,3,0.0
458584,2219,28.284346,225,True,1029.773848536524,3,0.8
458780,2220,33.348875,225,True,1136.3549982371628,5,0.0
458904,2221,26.601359,225,True,936.8543656258871,3,0.6000000000000001
459076,2222,27.181136,225,True,1009.6454245763282,2,1.5999999999999999
459484,2223,29.459647,225,True,998.3858616747643,5,0.0
459648,2224,6.085255,186,False,788.2101987400872,4,4.200000000000001
459680,2225,25.886082,225,True,906.6432812729115,1,0.0
459976,2226,29.206885,225,True,995.4754081731573,5,0.6000000000000001
460384,2227,26.484657,225,True,914.5862940101274,2,0.0
460548,2228,24.769534,225,True,839.5813496124733,2,0.0
460580,2229,26.603531,225,True,983.3412539911603,4,1.9999999999999998
460756,2230,-2.529778,93,False,434.00889171037034,2,3.0000000000000004
460876,2231,33.045115,225,True,1100.2045933766508,8,0.0
461084,2232,0.267046,82,False,444.2818539646462,3,0.0
461448,2233,21.310645,225,True,733.22581724421,0,0.0
461480,2234,26.672523,225,True,899.7009307244969,3,0.0
461600,2235,-7.824866,30,False,167.80537269479646,1,0.6000000000000001
461776,2236,20.517981,225,True,792.7192260541369,1,4.200000000000001
461984,2237,33.827701,225,True,1222.7080435362436,6,0.0
462348,2238,23.312494,225,True,833.2997529479705,1,1.2
462500,2239,33.339842,225,True,1150.393692586339,4,0.0
462676,2240,27.327807,225,True,909.9122740796261,4,0.0
462868,2241,-1.2954,130,False,429.7839980853282,0,0.0
462884,2242,29.888601,225,True,994.7440588727713,7,1.2
463400,2243,35.644344,225,True,1250.573760141648,4,0.0
463576,2244,28.363461,225,True,1020.1384476808264,2,1.0
463768,2245,20.658836,225,True,707.153444868409,0,0.0
463784,2246,26.548197,225,True,917.1278736347499,2,0.0
464300,2247,20.980299,225,True,734.4119604238797,1,0.8
464476,2248,36.798481,225,True,1295.139254849324,7,0.6000000000000001
464524,2249,-3.072655,56,False,327.4937902993354,2,0.0
464668,2250,27.431427,225,True,947.6570712381956,2,0.0
464684,2251,35.290089,225,True,1215.6035464831716,5,0.0
464688,2252,-6.455592,41,False,237.7763201508053,2,1.2
464952,2253,4.710122,119,False,661.204864576202,5,1.9999999999999998
465568,2254,25.526429,225,True,901.8571650820791,0,0.0
465584,2255,28.868737,225,True,1003.5494922728242,2,0.0
465588,2256,35.149315,225,True,1169.9726107822144,9,0.6000000000000001
465852,2257,23.06111,225,True,787.2443934624471,1,0.0
466468,2258,25.678,225,True,914.3199994560953,0,0.0
466484,2259,35.945547,225,True,1238.6218884326695,6,0.6000000000000001
466488,2260,30.316752,225,True,1067.870068889074,2,0.0
466752,2261,28.699997,225,True,1027.1998777503088,1,0.0
467368,2262,31.28016,225,True,1167.2063909436883,3,0.2
467384,2263,33.212112,225,True,1121.2844761376077,9,1.7999999999999998
467388,2264,38.157435,225,True,1345.4974182198566,4,0.0
467652,2265,25.006462,225,True,860.2584853560923,3,0.2
467908,2266,5.932491,130,False,640.4996522617719,6,0.4
468016,2267,-0.538564,91,False,451.25744916522194,2,0.2
468268,2268,22.604324,225,True,784.9729607141235,0,0.0
468284,2269,26.399025,225,True,949.5609834446329,1,0.0
468500,2270,-1.674121,121,False,625.0351792777521,1,1.9999999999999998
468808,2271,23.954131,225,True,851.765235547811,0,0.0
469168,2272,25.565883,225,True,903.4353366428529,1,0.4
469184,2273,28.960473,225,True,1024.8189352592424,1,0.0
469400,2274,35.599031,225,True,1271.1612368955657,3,0.0
469436,2275,1.36809,157,False,628.3235855572868,2,5.200000000000002
470068,2276,32.78471,225,True,1152.1884176876833,3,0.0
470084,2277,35.963761,225,True,1218.5504452408313,8,0.0
470300,2278,31.641568,225,True,1104.8627240769388,3,0.0
470336,2279,32.775267,225,True,1176.6106735951757,4,0.0
470968,2280,37.99906,225,True,1271.1624144482817,9,0.0
470984,2281,29.86986,225,True,1045.1943928836183,3,0.6000000000000001
471200,2282,35.103147,225,True,1206.525898303379,5,0.0
471236,2283,20.970067,225,True,743.6026868531492,1,1.2
471312,2284,-1.402792,82,False,431.8883187439801,1,0.4
471868,2285,24.059396,225,True,812.7758300928101,2,0.0
472100,2286,19.418992,225,True,724.759689788232,0,2.8000000000000003
472136,2287,34.349122,225,True,1129.1648838769565,9,0.0
472212,2288,24.005404,225,True,841.0161750890272,0,0.0
472768,2289,29.650076,225,True,1052.4030373643186,1,0.0
472872,2290,17.836409,184,False,1091.0563658284623,8,0.0
473000,2291,25.559607,225,True,896.7842917000783,5,2.1999999999999997
473112,2292,28.049993,225,True,983.5997347164086,2,0.0
473284,2293,1.876571,129,False,569.4628237528441,0,0.0
473772,2294,21.659741,225,True,747.1896557140788,0,0.0
473900,2295,35.217408,225,True,1261.4963311434772,4,0.0
474012,2296,24.949798,225,True,917.191918531051,0,0.8
474184,2297,35.661152,225,True,1235.2460690091361,5,0.0
474672,2298,30.128144,225,True,1069.925770663297,2,0.6000000000000001
474800,2299,29.640245,225,True,1072.8098133874282,0,0.0
474912,2300,22.722485,225,True,788.0993984446513,1,0.6000000000000001
475084,2301,33.347003,225,True,1151.4801191057018,4,0.0
475572,2302,22.47361,225,True,758.9444143118319,2,0.0
475700,2303,21.555156,225,True,743.0062454866504,0,0.0
475812,2304,24.955372,225,True,863.0148989346783,1,0.0
475984,2305,27.073044,225,True,915.7217520900958,3,0.0
476472,2306,24.320348,225,True,853.6139309245671,0,0.0
476600,2307,23.309506,225,True,797.1802486617973,1,0.0
476712,2308,28.446683,225,True,997.8673286409296,2,0.0
476884,2309,22.699605,225,True,779.1841999975109,1,0.0
477284,2310,8.294676,143,False,737.3870387608499,8,2.1999999999999997
477372,2311,22.320625,225,True,778.4249866288806,1,0.6000000000000001
477500,2312,28.922893,225,True,973.7157261013492,4,0.0
477784,2313,28.893031,225,True,940.5212355439053,6,0.0
478184,2314,24.479659,225,True,879.1863747793318,0,0.8
478272,2315,29.381198,225,True,1040.0479288095046,1,0.0
478400,2316,28.725742,225,True,1028.2296665829774,1,0.0
478684,2317,24.27964,225,True,835.985594138208,1,0.0
478828,2318,1.4083,139,False,588.3320075244353,1,2.8000000000000003
479084,2319,25.461571,225,True,1008.0628515973694,2,4.400000000000001
479300,2320,21.640212,225,True,746.408482416228,0,0.0
479584,2321,34.638189,225,True,1163.9275777341513,9,1.5999999999999999
479728,2322,23.898989,225,True,840.7595718031955,1,0.8
479984,2323,27.047543,225,True,930.7017060018693,2,0.0
480200,2324,32.633676,225,True,1144.5470340822367,5,0.0
480484,2325,28.397826,225,True,920.7130362856601,6,0.0
480628,2326,29.751238,225,True,1029.249534364972,3,0.0
480884,2327,28.241157,225,True,989.6462870998719,2,0.2
481100,2328,20.677175,225,True,719.0869800729304,0,0.0
481384,2329,31.945494,225,True,1096.2197669187099,6,0.8
481528,2330,24.190364,225,True,816.4145458281821,2,0.0
481784,2331,28.680896,225,True,1028.0358252033957,0,0.0
482000,2332,29.538604,225,True,1052.7441497635004,1,0.0
482284,2333,33.202431,225,True,1173.6972362623364,3,0.0
482428,2334,26.061476,225,True,976.0590319351011,1,1.2
482684,2335,25.227944,225,True,880.3177718064865,4,1.9999999999999998
482900,2336,24.77979,225,True,852.7915995597998,2,0.0
483184,2337,26.026037,225,True,887.4414626263097,5,0.6000000000000001
483328,2338,22.8968,225,True,780.6720087381477,1,0.0
483584,2339,23.93757,225,True,806.3027921792761,2,0.0
483800,2340,31.461777,225,True,1033.6710684222885,7,0.2
484084,2341,37.460623,225,True,1331.2249308131904,5,0.0
484228,2342,23.941705,225,True,849.6681902253977,0,0.0
484412,2343,6.912517,153,False,714.9006960600123,3,0.2
484484,2344,26.30044,225,True,970.4175853520424,2,0.0
484536,2345,-1.169352,77,False,442.0259329976641,1,0.0
484984,2346,31.406591,225,True,1058.6636440193893,5,0.0
484984,2347,6.320491,143,False,773.6196460421611,3,0.2
485384,2348,26.310441,225,True,923.6176345849683,2,0.2
485436,2349,25.48758,225,True,916.3031928250184,2,0.0
485824,2350,0.362811,97,False,485.7124437862651,1,0.2
485884,2351,31.781012,225,True,1096.0404710511502,5,0.0
485884,2352,30.883946,225,True,1127.3578212568677,1,0.0
486284,2353,21.946713,225,True,758.6685060056327,0,0.0
486724,2354,38.567321,225,True,1313.092820011881,7,0.0
486784,2355,23.005478,225,True,791.4191126942983,1,0.0
486784,2356,40.311912,225,True,1334.876470583782,10,0.0
487184,2357,33.716601,225,True,1151.0640387755484,5,0.0
487624,2358,23.211506,225,True,831.6602225925228,3,2.4
487684,2359,34.52047,225,True,1189.6187999512485,5,0.0
487684,2360,39.525626,225,True,1337.0250207233062,9,0.0
487780,2361,-9.573437,24,False,129.06252442953155,0,0.8
488084,2362,35.926253,225,True,1191.450109866084,8,0.0
488268,2363,6.144143,161,False,664.165726566979,4,0.0
488584,2364,22.618695,225,True,769.5478134160664,1,0.0
488680,2365,27.278213,225,True,984.7285386629119,0,0.0
488984,2366,32.441417,225,True,1181.656672902623,6,3.600000000000001
489168,2367,21.189104,225,True,728.3641706249234,0,0.0
489484,2368,21.661206,225,True,803.2482452323497,3,4.000000000000001
489580,2369,28.87623,225,True,1010.2491905059633,2,0.0
489884,2370,26.503934,225,True,995.357367861322,0,0.0
490068,2371,32.121899,225,True,1077.6759412492715,6,0.2
490384,2372,24.357759,225,True,840.7103592387173,2,0.0
490480,2373,34.688936,225,True,1216.357440577931,4,0.0
490784,2374,23.537779,225,True,822.3111572828675,0,0.0
490968,2375,29.595238,225,True,1000.6095188313059,4,0.0
491284,2376,22.972364,225,True,796.4945659072789,2,0.2
491380,2377,27.457339,225,True,969.4935536071227,1,0.0
491684,2378,33.590256,225,True,1208.4102224660282,1,0.0
491812,2379,11.50181,211,False,928.8723994679669,4,1.5999999999999999
492184,2380,22.620405,225,True,785.6161801199569,0,0.0
492280,2381,26.77414,225,True,935.7656191603439,1,0.0
492584,2382,37.00799,225,True,1293.9196151571218,8,0.0
492712,2383,31.229575,225,True,1019.5829919334394,7,0.0
493084,2384,29.521926,225,True,981.6770361068795,5,0.0
493180,2385,35.611454,225,True,1218.0581789201688,6,0.0
493484,2386,19.355175,225,True,666.2070079087127,0,0.0
493612,2387,25.957986,225,True,879.1194219702547,5,1.4
493984,2388,34.7169,225,True,1192.6759994575023,5,0.0
494080,2389,32.567963,225,True,1120.3185185741409,4,0.0
494384,2390,26.294288,225,True,916.5715369863285,1,0.0
494512,2391,25.166538,225,True,877.8615386657032,1,0.0
494884,2392,34.784342,225,True,1150.5736870372757,9,0.6000000000000001
494980,2393,24.56434,225,True,831.3735936581452,2,0.0
495284,2394,28.309906,225,True,989.1962531187446,3,0.0
495412,2395,33.917668,225,True,1173.506736006288,4,0.0
495784,2396,20.854839,225,True,714.9935415485518,0,0.0
495880,2397,28.381354,225,True,937.6541655203164,5,0.0
496184,2398,26.27867,225,True,931.9467956843787,0,0.0
496312,2399,28.536285,225,True,932.6513838543829,6,0.0
496684,2400,25.052863,225,True,866.9145327392043,1,0.0
496780,2401,26.628415,225,True,865.9366106240839,5,0.0
497084,2402,27.14094,225,True,966.4375818811518,0,0.0
497212,2403,31.321406,225,True,1032.8562464631482,7,0.0
497360,2404,-4.790621,69,False,310.77516490969697,0,0.4
497584,2405,25.060677,225,True,857.6270779159117,2,0.0
497680,2406,34.618711,225,True,1207.9484582954137,4,0.0
497912,2407,-3.373274,58,False,329.86903645824873,2,0.6000000000000001
498112,2408,30.289142,225,True,1045.965696105025,3,0.0
498260,2409,22.126085,225,True,765.843394694652,0,0.0
498484,2410,30.355901,225,True,1063.836053383524,2,0.0
498812,2411,29.076375,225,True,1117.4549841558355,2,0.0
499012,2412,30.302816,225,True,1057.7126562382518,3,0.0
499160,2413,32.480781,225,True,1117.631258683849,4,0.0
499384,2414,35.529489,225,True,1202.7795646532259,7,0.2
499712,2415,23.160426,225,True,802.417040582596,1,0.0
499912,2416,25.374732,225,True,897.3892852670779,1,0.0
500060,2417,27.124731,225,True,917.7892346795413,3,0.0
500284,2418,30.31477,225,True,1045.3907990175053,3,0.0
500612,2419,35.543411,225,True,1222.53644564754,5,0.0
500812,2420,29.012043,225,True,1000.4817282138299,3,0.0
500960,2421,33.253099,225,True,1098.9239756502716,7,0.0
501184,2422,36.120502,225,True,1184.8200885776487,11,1.4
501512,2423,21.654895,225,True,764.5957847374025,0,0.0
501712,2424,21.316667,225,True,733.4666719548561,0,0.0
501860,2425,27.81349,225,True,954.9396147220127,3,0.4
502084,2426,34.171867,225,True,1185.2746696968775,6,0.0
502412,2427,28.001262,225,True,962.4504834818101,6,0.0
502612,2428,28.714405,225,True,981.3762178054478,3,0.0
502760,2429,24.118961,225,True,845.5584479950564,0,0.0
502984,2430,24.414731,225,True,863.7892470643396,1,0.0
503312,2431,26.683048,225,True,948.1219270431475,0,0.0
503512,2432,33.977181,225,True,1176.6872206714424,4,0.0
503660,2433,37.62274,225,True,1259.309613104575,8,0.0
503884,2434,35.501424,225,True,1206.4569417139492,6,0.0
504212,2435,35.588837,225,True,1209.9534670363496,6,0.0
504412,2436,29.925417,225,True,1092.2166921845696,1,0.0
504560,2437,28.608096,225,True,999.5238342633706,3,0.0
504784,2438,21.623132,225,True,745.7252951634503,0,0.0
505112,2439,34.690158,225,True,1158.8063259244464,7,0.0
505312,2440,24.159083,225,True,831.1633384813986,1,0.0
505460,2441,22.480288,225,True,780.0115085308096,0,0.0
505572,2442,-4.401737,65,False,342.3305189157113,2,2.6
505684,2443,30.927661,225,True,1038.7064368708748,5,0.0
506012,2444,37.981835,225,True,1273.6733864907374,8,0.0
506360,2445,30.086783,225,True,1095.4713364973018,2,0.0
506472,2446,29.447983,225,True,1050.7193379675741,2,0.0
506584,2447,29.320045,225,True,1034.4018065750681,2,0.0
506912,2448,28.4837,225,True,994.5480037962786,3,0.0
507260,2449,27.67245,225,True,962.0980093949493,2,0.0
507372,2450,24.00933,225,True,831.5731883161975,1,0.0
507484,2451,36.653582,225,True,1274.943271512284,6,0.0
507812,2452,20.943007,225,True,718.5202882641688,0,0.0
508160,2453,24.373254,225,True,834.9301459750632,2,0.0
508272,2454,23.51357,225,True,805.342782943794,1,0.0
508384,2455,26.494438,225,True,892.5775091856979,3,0.0
508712,2456,28.379509,225,True,999.9803765373074,1,0.0
509060,2457,24.546424,225,True,862.6569542871462,0,0.0
509172,2458,27.128321,225,True,919.5328406298875,3,0.0
509284,2459,26.633145,225,True,914.1258130493634,2,0.0
509612,2460,30.120611,225,True,1055.224422897083,2,0.0
509912,2461,-4.304333,75,False,315.82668822422033,0,0.0
509960,2462,24.072637,225,True,844.5054613261002,0,0.0
510072,2463,28.101987,225,True,995.2794790257319,1,0.0
510184,2464,29.170373,225,True,974.0149304213114,5,0.0
510408,2465,-3.059026,84,False,372.03894791486755,2,1.5999999999999999
510812,2466,25.593208,225,True,866.1283149909973,3,0.4
510860,2467,32.804871,225,True,1167.3948497576694,2,0.0
511084,2468,33.110897,225,True,1181.2358956479738,2,0.0
511308,2469,27.642856,225,True,960.9142596796733,2,0.0
511712,2470,23.054949,225,True,802.9979553413784,0,0.0
511760,2471,27.095628,225,True,900.6251053664726,4,0.0
511984,2472,21.333485,225,True,734.139405092681,0,0.0
512208,2473,24.334069,225,True,806.1627766278773,3,0.0
512612,2474,31.707596,225,True,1118.703833225978,2,0.0
512660,2475,25.796067,225,True,880.6426647910064,2,0.0
512884,2476,26.397691,225,True,920.7076269055169,1,0.0
513108,2477,30.234397,225,True,1058.1758649466924,2,0.0
513216,2478,8.8367,151,False,807.0679873823442,5,2.1999999999999997
513560,2479,27.689069,225,True,994.7627615148126,0,0.0
513784,2480,29.590139,225,True,968.4055694012602,6,0.0
514008,2481,31.449243,225,True,1061.9697030644284,9,2.6
514116,2482,31.222049,225,True,1084.8819691514304,3,0.0
514460,2483,31.49494,225,True,1044.5976120771584,6,0.0
514684,2484,21.371444,225,True,735.6577690148558,0,0.0
514908,2485,38.203211,225,True,1224.9284322473054,13,1.0
515016,2486,34.981788,225,True,1176.0715281145503,7,0.0
515360,2487,26.688682,225,True,933.1472895780389,1,0.0
515584,2488,28.95058,225,True,990.8231956677589,3,0.0
515808,2489,30.922844,225,True,1053.7137549676181,4,0.0
515916,2490,30.831976,225,True,1050.0790570090267,4,0.0
516260,2491,31.307817,225,True,1101.112663891181,3,0.4
516484,2492,21.451719,225,True,738.8687466013841,0,0.0
516708,2493,33.194131,225,True,1144.5652457338724,4,0.0
516816,2494,22.814169,225,True,793.3667776947382,0,0.0
517160,2495,33.202445,225,True,1146.4977951379055,4,0.0
517384,2496,30.464375,225,True,1035.3750033465356,4,0.0
517608,2497,39.289952,225,True,1332.3980852086752,8,0.0
517716,2498,27.442867,225,True,919.3146748885076,4,0.2
518060,2499,21.825983,225,True,765.0393022684691,0,0.0
518284,2500,21.198141,225,True,747.9256276694775,0,0.8
518508,2501,29.85591,225,True,1027.0363860382286,4,0.6000000000000001
518616,2502,25.271805,225,True,843.672192634273,3,0.0
518960,2503,30.860712,225,True,1065.6284654905685,4,0.0
519184,2504,28.834143,225,True,986.9657376027319,3,0.0
519336,2505,4.83676,180,False,747.8703884637196,3,4.800000000000002
519408,2506,33.557275,225,True,1078.2909935681687,10,0.6000000000000001
519860,2507,24.36058,225,True,823.2231933221997,2,0.0
520084,2508,29.477094,225,True,1029.4837534712115,2,0.0
520236,2509,16.378821,225,True,670.3528589984489,0,5.600000000000002
520308,2510,33.403099,225,True,1152.923975419103,4,0.0
520760,2511,29.190371,225,True,1013.2148464720717,3,0.0
520984,2512,35.28916,225,True,1252.3664071064431,5,1.5999999999999999
521136,2513,30.610232,225,True,988.4092892707802,8,0.0
521208,2514,23.612869,225,True,873.3147687256123,0,1.9999999999999998
521660,2515,32.632948,225,True,1126.917917600294,6,1.0
521884,2516,26.159914,225,True,911.1965535538841,1,0.0
522036,2517,30.175254,225,True,1007.8101400395087,5,0.0
522108,2518,36.508616,225,True,1249.9446522879157,8,1.4
522560,2519,27.684717,225,True,940.1886668375239,3,0.0
522784,2520,23.117796,225,True,805.5118377097776,0,0.0
522936,2521,26.366864,225,True,921.0745738468167,1,0.0
523008,2522,31.203836,225,True,1096.9534415357648,2,0.0
523460,2523,23.822935,225,True,843.3174136330717,3,2.4
523684,2524,23.630097,225,True,832.4038920241774,0,0.0
523836,2525,29.408884,225,True,1025.1553666788932,2,0.0
523908,2526,28.180684,225,True,985.6273435674937,2,0.4
524360,2527,25.125008,225,True,884.2003074807762,6,3.400000000000001
524584,2528,32.431411,225,True,1204.456453782937,1,0.0
524736,2529,28.845948,225,True,1002.6379087548121,2,0.0
524808,2530,35.371248,225,True,1191.6499153002455,7,0.0
525260,2531,28.474766,225,True,998.9906270469273,2,0.2
525484,2532,21.800324,225,True,752.8129673207436,0,0.0
525636,2533,29.195181,225,True,1010.2072383012041,4,0.0
525708,2534,26.577497,225,True,939.8998896921878,3,0.8
525984,2535,3.611039,125,False,568.4415597018829,4,0.0
526160,2536,27.59965,225,True,939.9860137658015,4,0.0
526536,2537,29.868549,225,True,1080.341954142962,0,0.2
526608,2538,36.058863,225,True,1244.7545273270089,5,0.0
526884,2539,33.766341,225,True,1110.6536526881646,8,0.0
527060,2540,33.130491,225,True,1138.8196511496703,6,0.4
527436,2541,27.020532,225,True,996.8212740784709,5,4.400000000000001
527508,2542,29.530908,225,True,982.036305099188,5,0.0
527784,2543,24.550206,225,True,898.0082513315936,2,0.0
527960,2544,23.936052,225,True,845.4420821522083,0,0.0
528336,2545,30.138277,225,True,1076.7310671524192,3,0.0
528408,2546,30.944432,225,True,1120.1772601986872,1,0.0
528684,2547,34.918974,225,True,1202.3589568450261,7,0.4
528860,2548,29.921095,225,True,1070.4437974646999,3,0.4
529236,2549,23.805234,225,True,842.6093539875931,2,0.2
529308,2550,24.915742,225,True,890.2296733852831,0,0.0
529584,2551,31.386357,225,True,1032.2542832605513,7,0.0
529760,2552,31.000857,225,True,1047.234272611048,5,0.0
530136,2553,34.488577,225,True,1170.74308566744,6,0.0
530208,2554,33.97938,225,True,1170.375211232973,8,0.6000000000000001
530484,2555,22.906829,225,True,803.4731644310914,0,0.0
530660,2556,37.807269,225,True,1296.2907454881747,8,1.2
531036,2557,32.256098,225,True,1198.243938615511,2,0.6000000000000001
531108,2558,22.961235,225,True,783.2494056345549,1,0.0
531384,2559,34.754838,225,True,1214.9935392928933,5,0.0
531560,2560,37.572882,225,True,1266.9152643216307,9,1.0
531808,2561,-2.419058,62,False,368.03766912753554,4,1.9999999999999998
531936,2562,27.850793,225,True,993.2317067859406,5,1.7999999999999998
532008,2563,24.104987,225,True,828.9994819362773,1,0.0
532284,2564,25.038462,225,True,872.7384602061525,1,0.0
532540,2565,5.935603,133,False,716.6241346866882,2,0.6000000000000001
532708,2566,22.315786,225,True,773.4314360791827,0,0.0
532836,2567,22.722852,225,True,768.9140707715999,2,0.0
533184,2568,20.155364,225,True,698.2145480498509,0,0.0
533440,2569,25.2203,225,True,875.2120006228963,1,0.0
533608,2570,31.999642,225,True,1157.5856638986452,2,0.0
533736,2571,23.493171,225,True,830.1268553564121,0,0.4
534084,2572,35.424919,225,True,1246.596759316491,7,1.0
534340,2573,21.371282,225,True,735.6512818834199,0,0.0
534508,2574,35.344419,225,True,1184.1767578192816,7,0.0
534636,2575,33.233943,225,True,1192.5577114216294,4,0.2
534984,2576,27.083502,225,True,1021.7400814049113,3,2.8000000000000003
535240,2577,29.643004,225,True,1047.3201445664336,2,0.0
535408,2578,33.652268,225,True,1191.6907350619913,3,0.0
535536,2579,26.909461,225,True,899.5784238844572,4,0.0
535884,2580,38.481762,225,True,1327.2704905159462,6,0.0
535940,2581,2.839538,133,False,599.981525802393,3,2.1999999999999997
536140,2582,35.021631,225,True,1203.2652583240028,6,0.4
536436,2583,26.615585,225,True,881.4233893924531,4,0.0
536784,2584,27.890139,225,True,943.6055540584014,4,0.2
536840,2585,22.302773,225,True,756.910912918288,1,0.0
537040,2586,30.867863,225,True,1105.914535023669,1,0.0
537336,2587,19.599524,225,True,752.7809620321445,0,3.2000000000000006
537684,2588,33.570332,225,True,1174.0132812795873,5,0.0
537740,2589,27.964916,225,True,1004.9966443320136,3,2.1999999999999997
537940,2590,25.589808,225,True,872.392308397064,2,0.0
538236,2591,24.734317,225,True,854.1726629321495,1,0.0
538584,2592,21.67714,225,True,794.2855844535468,2,3.0000000000000004
538640,2593,33.201843,225,True,1112.8737061614852,6,0.0
538840,2594,30.879311,225,True,1058.3724340128374,4,0.0
538864,2595,2.710826,157,False,643.6330355248685,2,1.9999999999999998
539484,2596,35.505188,225,True,1193.0075362906782,9,1.4
539540,2597,22.497582,225,True,799.9032795648798,0,0.0
539740,2598,24.054888,225,True,879.7955113802668,3,3.0000000000000004
539764,2599,25.22516,225,True,923.4063849172828,3,0.6000000000000001
540224,2600,8.769109,185,False,890.7643755565871,2,2.8000000000000003
540440,2601,25.975188,225,True,910.2075059094498,3,0.8
540640,2602,39.177617,225,True,1320.7046892249195,8,0.0
540664,2603,36.459009,225,True,1291.1603762187488,6,0.0
541124,2604,22.20169,225,True,768.8676184638412,0,0.0
541340,2605,32.97173,225,True,1142.069211017651,4,0.0
541540,2606,24.983514,225,True,891.3405625279447,0,0.0
541564,2607,34.685161,225,True,1189.8064521080805,5,0.0
542024,2608,30.137942,225,True,1147.11766703888,4,0.8
542240,2609,25.11338,225,True,923.735203182172,5,4.600000000000001
542440,2610,35.47517,225,True,1251.8067819551488,4,0.0
542464,2611,26.676447,225,True,944.6578913787289,1,0.0
542924,2612,30.320482,225,True,1033.6192713622354,6,0.0
543140,2613,37.564406,225,True,1287.3762420553294,6,0.0
543340,2614,32.422291,225,True,1134.4916408367358,4,0.0
543364,2615,31.157992,225,True,1093.5196660357083,4,0.0
543824,2616,31.241563,225,True,1008.8625397115952,8,0.0
544040,2617,27.494582,225,True,900.5832891695463,5,0.0
544172,2618,-7.345736,33,False,187.77056749818507,0,0.0
544240,2619,19.946703,225,True,731.4681296688152,0,0.0
544264,2620,37.3359,225,True,1327.836010555703,7,1.4
544724,2621,33.824331,225,True,1160.1732266377871,6,0.0
545072,2622,30.074453,225,True,1102.9781059142556,4,0.0
545140,2623,33.563134,225,True,1200.1253411880193,3,0.0
545164,2624,34.191921,225,True,1226.0768363634165,3,0.0
545184,2625,1.252682,115,False,526.9072927704906,2,0.8
545972,2626,26.08915,225,True,932.3660071888658,1,0.0
546040,2627,24.592335,225,True,866.0934120283855,1,0.0
546064,2628,20.135078,225,True,686.2031277287931,0,0.0
546084,2629,34.378483,225,True,1174.3393062769196,6,0.0
546812,2630,9.717085,187,False,858.2833801122397,3,0.8
546872,2631,28.721442,225,True,972.05767935975,4,0.0
546940,2632,30.043379,225,True,1019.3351676245518,4,0.0
546984,2633,21.058511,225,True,723.1404383236336,0,0.0
547660,2634,11.256881,197,False,921.4752460438783,5,1.7999999999999998
547712,2635,30.013187,225,True,1017.3274859715418,4,0.0
547840,2636,29.036627,225,True,973.465091128661,5,0.4
547884,2637,34.486557,225,True,1125.8622822226766,9,0.4
548560,2638,34.577643,225,True,1209.5057359841276,4,0.0
548612,2639,27.677334,225,True,907.8933514963369,5,0.0
548740,2640,32.66313,225,True,1124.9251982282135,4,0.0
548784,2641,25.784846,225,True,923.3938457767542,0,0.0
549460,2642,30.900355,225,True,1060.8142143783675,4,0.0
549512,2643,38.227276,225,True,1266.691037347131,9,0.0
549640,2644,35.265361,225,True,1233.814434264029,5,0.0
549684,2645,37.17673,225,True,1239.8692001253648,8,0.0
550016,2646,2.545341,126,False,565.8136564515662,4,1.4
550360,2647,24.520743,225,True,852.0297394779218,1,0.0
550540,2648,27.817761,225,True,993.5104468147147,0,0.0
550584,2649,26.723749,225,True,917.7499499722946,2,0.0
550916,2650,34.292817,225,True,1190.9126878709476,5,0.0
551260,2651,30.095434,225,True,1011.0173660140899,5,0.0
551280,2652,10.207287,185,False,908.2914602036037,3,2.4
551484,2653,37.776668,225,True,1263.86670648345,10,1.0
551736,2654,0.491004,114,False,501.24017725980025,0,0.0
551816,2655,23.336452,225,True,845.4580937629692,0,0.0
552160,2656,23.560795,225,True,807.2317889272865,1,0.0
552384,2657,36.696809,225,True,1267.0723645510839,6,0.0
552636,2658,33.077057,225,True,1163.8822603784183,3,0.0
552716,2659,39.166801,225,True,1331.4720530756795,8,0.0
553060,2660,35.8927,225,True,1243.7080132684068,5,0.0
553284,2661,24.452549,225,True,858.9019451759611,0,0.0
553536,2662,24.552824,225,True,846.9129739532109,1,0.0
553616,2663,27.83327,225,True,931.7308182335685,4,0.0
553960,2664,35.104987,225,True,1164.9994689755658,8,0.0
554184,2665,22.495406,225,True,780.6162308625155,0,0.0
554436,2666,37.492568,225,True,1270.1027221221152,7,0.0
554516,2667,29.345393,225,True,1013.0157260946974,3,0.0
554860,2668,24.4203,225,True,843.2119980045115,2,0.0
555084,2669,25.723755,225,True,893.750211214211,1,0.0
555336,2670,29.120467,225,True,984.8186739983446,4,0.0
555416,2671,23.015706,225,True,791.8282575889029,2,0.6000000000000001
555760,2672,27.468947,225,True,990.7578990116594,4,1.4
555916,2673,-6.699126,39,False,224.03496895000217,0,0.2
555984,2674,30.583486,225,True,1091.3394209968333,3,0.4
556236,2675,24.525137,225,True,869.8054834148843,1,0.0
556316,2676,29.882018,225,True,1072.8807285057642,1,0.0
556816,2677,36.073102,225,True,1245.3240774076921,6,0.0
556884,2678,36.391823,225,True,1258.0729366141263,5,0.0
557136,2679,30.19571,225,True,1056.6284169086557,2,0.0
557216,2680,38.219692,225,True,1324.7876752558527,7,1.0
557716,2681,25.342248,225,True,878.4899363502698,1,0.0
557784,2682,26.659337,225,True,947.1734808634776,0,0.0
558036,2683,30.940013,225,True,1115.2005362346786,3,0.0
558116,2684,20.939801,225,True,702.392048533125,1,0.0
558616,2685,28.981539,225,True,948.8615718460821,6,0.2
558684,2686,24.489308,225,True,842.7723358245105,2,0.6000000000000001
558936,2687,28.679309,225,True,986.3723668603764,5,1.0
559016,2688,27.7717,225,True,1039.6680013064688,3,0.0
559516,2689,30.903809,225,True,1105.752354075084,3,0.0
559584,2690,28.486886,225,True,989.8754289390231,4,0.0
559836,2691,33.744636,225,True,1164.9854291490697,6,0.0
559916,2692,22.844605,225,True,778.584208107741,1,0.0
560416,2693,28.946878,225,True,998.6751005698827,4,0.0
560484,2694,34.154675,225,True,1192.5869922468828,5,0.0
560736,2695,28.218071,225,True,980.7228273751787,7,2.4
560816,2696,24.230289,225,True,834.0115528545869,1,0.0
561316,2697,28.304712,225,True,1000.9884724828698,2,0.0
561384,2698,20.538116,225,True,766.324650439065,0,0.0
561636,2699,35.243237,225,True,1258.5294872321633,4,0.0
561716,2700,36.861357,225,True,1307.254291081828,5,0.0
562216,2701,30.453091,225,True,1067.7236335802604,2,0.0
562284,2702,27.277782,225,True,939.9112853481065,4,0.6000000000000001
562536,2703,28.983804,225,True,992.152169495884,3,0.0
562616,2704,34.006955,225,True,1162.6782089651124,9,0.8
563116,2705,33.952333,225,True,1228.4933098222295,4,0.6000000000000001
563184,2706,34.914315,225,True,1149.3726024343564,8,0.0
563436,2707,21.640807,225,True,752.8322683215804,0,0.0
563516,2708,28.447051,225,True,937.8820239610579,6,0.6000000000000001
564016,2709,30.088043,225,True,1082.7217132546407,2,0.0
564084,2710,30.369085,225,True,1069.9633947902612,2,0.0
564336,2711,28.149381,225,True,942.7752256059443,4,0.0
564416,2712,31.79335,225,True,1102.9340070466083,4,0.0
564916,2713,21.992806,225,True,867.7122452093847,1,1.5999999999999999
564984,2714,29.641703,225,True,981.6681156784905,6,0.4
565236,2715,37.983347,225,True,1307.3338889661118,9,1.0
565316,2716,29.566216,225,True,1033.0486272618477,4,1.4
565816,2717,36.827617,225,True,1242.7046911075845,7,0.0
565884,2718,30.513867,225,True,1053.3546707557039,5,1.2
565944,2719,8.686316,157,False,804.2526468610204,2,0.0
566136,2720,37.055224,225,True,1257.408951415016,8,0.4
566716,2721,33.24966,225,True,1068.3863941968202,9,0.0
566784,2722,33.80264,225,True,1143.3056063726267,6,0.0
566844,2723,29.577369,225,True,994.29476205569,5,0.4
567036,2724,32.452722,225,True,1090.908899768648,7,0.0
567616,2725,36.090083,225,True,1260.403331098165,7,0.4
567684,2726,34.916007,225,True,1252.6402723209635,5,0.0
567744,2727,24.020844,225,True,827.2337447102934,1,0.0
567936,2728,26.469563,225,True,861.1825247616664,6,0.0
568516,2729,33.124807,225,True,1124.9922927952553,7,0.0
568584,2730,30.599206,225,True,1111.168258261744,0,0.0
568644,2731,26.565847,225,True,925.8338611428615,6,3.2000000000000006
568836,2732,23.890645,225,True,820.4258006282373,2,0.4
569384,2733,13.038742,217,False,1007.1496682360987,1,0.0
569484,2734,21.173519,225,True,767.7407528836029,0,1.2
569544,2735,29.952662,225,True,1022.906484452498,5,0.0
569736,2736,23.60256,225,True,808.9024103433915,1,0.0
570284,2737,32.841778,225,True,1132.0711218340589,4,0.0
570384,2738,27.681912,225,True,946.4764698502934,3,0.0
570444,2739,23.871577,225,True,842.0630799791018,0,0.0
570600,2740,-5.381377,79,False,266.3449032063568,0,0.0
570636,2741,33.428737,225,True,1133.9494856237384,7,0.6000000000000001
571224,2742,4.588864,210,False,757.1545762723244,0,1.7999999999999998
571344,2743,36.179614,225,True,1265.5845571340956,5,0.0
571500,2744,34.992764,225,True,1186.110558085862,6,0.0
571536,2745,36.796653,225,True,1210.2661178026137,9,0.0
571928,2746,3.490707,107,False,573.2282748255595,7,2.1999999999999997
572032,2747,5.170302,124,False,624.4120987636111,4,0.0
572124,2748,34.27711,225,True,1162.284412765971,6,0.0
572244,2749,33.025271,225,True,1134.6108567492997,6,0.4
572828,2750,33.523255,225,True,1168.930206436734,4,0.0
572932,2751,23.425574,225,True,824.2229556034717,0,0.0
573024,2752,32.778966,225,True,1174.358650630069,4,0.8
573144,2753,34.342436,225,True,1144.097429504914,7,0.0
573728,2754,32.984157,225,True,1083.3662725862714,9,0.8
573832,2755,23.598029,225,True,824.721174382646,0,0.0
573924,2756,25.049845,225,True,873.1937938770548,1,0.0
574044,2757,20.511762,225,True,706.0704999834518,0,0.2
574628,2758,22.425154,225,True,787.4061693431615,0,0.4
574732,2759,23.849493,225,True,845.9797363776311,0,0.0
574824,2760,30.873949,225,True,1134.9579788062883,7,3.2000000000000006
574944,2761,29.299565,225,True,959.9825978979816,7,0.8
575528,2762,33.064503,225,True,1121.7801179413218,6,0.0
575632,2763,28.808534,225,True,1041.9413448008102,2,0.0
575724,2764,34.676702,225,True,1147.868092654725,12,1.5999999999999999
575844,2765,23.548054,225,True,825.9221483194569,2,0.0
576428,2766,29.443826,225,True,1000.9530285975254,4,0.0
576532,2767,25.927607,225,True,956.3042720522703,0,1.0
576624,2768,22.449549,225,True,762.7819430203169,1,0.0
576744,2769,25.842701,225,True,890.5080488446911,3,0.0
577328,2770,24.163269,225,True,868.1307759779581,1,1.0
577432,2771,24.507363,225,True,881.8945387492236,2,0.0
577524,2772,20.842673,225,True,738.506930654627,0,1.0
577644,2773,32.764478,225,True,1098.579113481071,9,0.8
578228,2774,24.589887,225,True,838.7954713694467,2,0.0
578332,2775,22.827602,225,True,816.3040705402204,1,1.5999999999999999
578424,2776,21.839652,225,True,786.3860998911671,1,1.9999999999999998
578544,2777,29.310666,225,True,1021.226633864256,2,0.0
579128,2778,23.29455,225,True,796.5820110087216,1,0.0
579232,2779,30.24748,225,True,1023.4992048299086,5,0.0
579324,2780,29.247048,225,True,1002.6819132977357,3,0.0
579444,2781,31.009599,225,True,1118.7839573695514,1,0.0
580028,2782,34.727885,225,True,1223.515417905438,3,0.0
580132,2783,34.084741,225,True,1142.5896252846646,8,1.0
580224,2784,27.914547,225,True,986.1818965724967,2,0.0
580344,2785,36.574217,225,True,1247.7686752549234,6,0.0
580804,2786,8.003285,145,False,780.1313879498646,3,0.4
580928,2787,24.497569,225,True,844.7027570079192,1,0.0
581032,2788,34.135766,225,True,1220.630627233234,2,0.0
581244,2789,37.116591,225,True,1271.0636389303459,6,0.0
581704,2790,30.964593,225,True,1077.783712601591,8,2.6
581828,2791,26.974912,225,True,879.7964835969674,5,0.0
581932,2792,27.48403,225,True,964.1611960093344,1,0.0
582144,2793,30.555996,225,True,1040.6398548970149,4,0.0
582604,2794,37.85271,225,True,1236.5084167601235,10,0.0
582728,2795,28.974935,225,True,1030.1973819504135,1,0.0
582832,2796,33.975111,225,True,1235.0044574229241,3,0.0
583044,2797,30.175992,225,True,1007.8396970488245,5,0.0
583504,2798,25.246634,225,True,908.2653442147407,0,0.0
583628,2799,29.710098,225,True,1045.2039000000968,2,0.0
583732,2800,28.60371,225,True,1005.7484105175793,2,0.0
583944,2801,23.095214,225,True,860.6085627546477,4,4.400000000000001
584404,2802,29.48888,225,True,1044.3551884351102,1,0.0
584528,2803,32.88344,225,True,1090.5375854517151,8,0.6000000000000001
584632,2804,31.715608,225,True,1139.8243154947086,3,0.0
584844,2805,28.965219,225,True,1013.8087688110845,2,0.0
585304,2806,37.256921,225,True,1251.0768275911196,9,0.8
585428,2807,21.194734,225,True,728.5893701910902,0,0.0
585532,2808,37.706329,225,True,1292.2531460317914,8,0.0
585744,2809,23.834394,225,True,818.1757680431754,1,0.0
586204,2810,28.447275,225,True,940.2909815011428,5,0.0
586328,2811,35.62443,225,True,1236.9772128377494,6,0.6000000000000001
586432,2812,26.147046,225,True,862.6818329078242,4,0.0
586644,2813,23.358853,225,True,783.1541308384801,2,0.0
587104,2814,34.223481,225,True,1160.9392529402194,6,0.0
587228,2815,30.170428,225,True,1030.0171293384844,4,0.0
587332,2816,28.944567,225,True,1000.1826761758653,5,1.4
587544,2817,24.128194,225,True,869.9277584003719,0,0.0
588004,2818,25.819966,225,True,897.5986524220809,1,0.0
588128,2819,26.987465,225,True,918.6986169143393,3,0.0
588232,2820,31.379621,225,True,1119.9848445625967,1,0.0
588444,2821,31.817796,225,True,1177.5118564785648,4,0.0
588644,2822,3.14042,129,False,590.4167907195904,4,1.2
588904,2823,21.467296,225,True,745.891852532927,0,0.0
589132,2824,32.549219,225,True,1125.1687543263665,6,0.8
589312,2825,-5.313686,45,False,265.05255222170376,1,0.2
589344,2826,31.001776,225,True,1072.8710356485399,4,0.4
589544,2827,30.223383,225,True,1081.7353278550581,6,2.4
589804,2828,31.141616,225,True,1136.06463771676,3,0.0
590212,2829,30.603061,225,True,1055.3224274408367,6,0.2
590244,2830,26.228689,225,True,881.9475581445429,3,0.0
590352,2831,9.713484,137,False,758.9393605880532,7,0.0
590376,2832,-6.134177,41,False,241.83293619299002,0,0.0
590444,2833,23.694338,225,True,814.1735050252919,3,0.0
590592,2834,-1.3031,87,False,463.07598165419677,1,0.4
591252,2835,30.511428,225,True,1029.257124191257,9,2.4
591276,2836,36.594362,225,True,1216.5744678964402,8,0.0
591344,2837,33.728369,225,True,1173.934757872506,5,0.0
591432,2838,-6.283761,45,False,251.84955441196735,2,2.1999999999999997
591492,2839,24.983073,225,True,860.9229236564602,4,1.5999999999999999
591600,2840,-8.258733,27,False,156.8506704443016,0,0.0
592176,2841,20.412528,225,True,710.1011194688015,0,0.0
592244,2842,26.373656,225,True,1090.9462572510552,1,0.0
592332,2843,38.877386,225,True,1342.2954511009457,8,0.8
592500,2844,29.70089,225,True,1028.8355976457108,3,0.0
592756,2845,-2.587886,64,False,351.68457437373627,2,0.2
593016,2846,8.188499,193,False,893.1399534272616,0,0.8
593076,2847,36.670824,225,True,1302.8329503714122,6,1.2
593232,2848,35.132128,225,True,1236.4851195235087,6,0.2
593240,2849,-6.84434,41,False,219.8263983549566,0,0.0
593656,2850,38.085675,225,True,1305.8270159224007,7,0.0
593916,2851,27.317724,225,True,979.9089624676412,0,0.0
594132,2852,27.531451,225,True,998.058036435895,2,0.0
594140,2853,31.007305,225,True,1031.4921910066519,6,0.2
594408,2854,12.664414,188,False,909.7765576901097,5,0.0
594816,2855,36.171489,225,True,1241.2595718414377,6,0.0
594828,2856,10.195213,172,False,848.6085021265858,4,0.0
595032,2857,38.683935,225,True,1308.1573939826635,8,0.0
595308,2858,26.100214,225,True,905.6085632975874,3,0.0
595716,2859,39.663571,225,True,1332.94285608651,10,0.0
595728,2860,34.754706,225,True,1147.7882512927854,10,0.0
595932,2861,27.03444,225,True,958.9776142065868,1,0.0
596208,2862,25.824227,225,True,979.3690630780377,2,1.5999999999999999
596616,2863,30.184502,225,True,1013.7800781849282,9,1.7999999999999998
596628,2864,22.773401,225,True,775.7360277315217,1,0.0
596832,2865,22.223234,225,True,800.1293553693758,1,1.4
597108,2866,38.897508,225,True,1326.3003088843307,7,0.0
597516,2867,33.902667,225,True,1211.3066853604737,7,0.0
597528,2868,29.408917,225,True,1025.1566840660491,3,0.6000000000000001
597564,2869,11.253906,183,False,983.7562290565686,3,0.0
598008,2870,25.009737,225,True,910.7894930975547,1,0.4
598416,2871,22.280736,225,True,778.4294320803924,0,0.0
598428,2872,33.023328,225,True,1107.3331021356803,6,0.0
598464,2873,37.314537,225,True,1263.781499357609,7,0.0
598512,2874,-8.642818,24,False,135.08727197668418,0,0.0
598748,2875,-1.132961,71,False,404.28154799206027,2,0.0
598908,2876,29.235141,225,True,1099.8056288806538,4,0.0
599328,2877,20.193451,225,True,688.5380547428513,0,0.0
599412,2878,28.852767,225,True,998.1106742917707,3,0.2
599648,2879,28.172062,225,True,930.8824669051553,6,0.2
599808,2880,22.849113,225,True,820.3645272354834,0,0.0
600228,2881,36.297338,225,True,1244.693522530622,6,0.0
600312,2882,25.232196,225,True,860.4878596383055,3,0.0
600548,2883,29.016314,225,True,1059.852540629477,2,0.0
600708,2884,21.35475,225,True,734.9900023392408,0,0.0
601076,2885,-3.311513,92,False,417.1394835715846,1,0.0
601128,2886,30.152388,225,True,1104.4955066443981,3,0.0
601212,2887,23.402371,225,True,826.4948522010486,1,0.0
601448,2888,22.918404,225,True,955.936159483439,1,5.8000000000000025
601976,2889,38.545303,225,True,1334.6121012368367,6,0.0
602028,2890,31.156441,225,True,1194.2576343531487,2,0.0
602112,2891,33.296568,225,True,1171.862706679084,3,0.0
602348,2892,25.985656,225,True,944.2262424658866,5,3.800000000000001
602876,2893,34.527208,225,True,1152.288302204186,8,0.2
602928,2894,25.75126,225,True,846.8504068753912,4,0.0
603012,2895,20.211662,225,True,743.6664928072666,0,1.7999999999999998
603248,2896,28.15274,225,True,990.9096168110686,1,0.0
603776,2897,35.331335,225,True,1206.8533809329756,7,0.0
603828,2898,25.231581,225,True,888.4632508156744,2,0.0
603912,2899,27.462356,225,True,949.6942419404297,6,1.9999999999999998
604148,2900,28.615356,225,True,974.2142479389388,5,1.2
604676,2901,36.086637,225,True,1172.2654895392943,11,0.0
604728,2902,38.433308,225,True,1299.7323079075204,8,0.0
604812,2903,30.062448,225,True,1073.6979194683722,1,0.0
605048,2904,32.0588,225,True,1051.9520051652617,7,0.0
605248,2905,3.211621,109,False,572.4648489263968,4,0.8
605576,2906,27.986761,225,True,976.2704556738668,5,1.7999999999999998
605628,2907,28.686476,225,True,964.2590423613501,5,0.4
605948,2908,28.731958,225,True,1034.878306438533,1,0.8
606148,2909,35.284275,225,True,1200.9710024907758,6,0.2
606208,2910,2.529443,145,False,611.5777282154863,1,1.5999999999999999
606476,2911,31.737999,225,True,1114.3199548802095,4,0.0
606848,2912,34.087401,225,True,1193.0960387035698,4,0.0
606888,2913,13.052581,185,False,924.5032454308118,5,0.0
607108,2914,26.77005,225,True,958.0020114615302,0,0.0
607284,2915,8.928161,202,False,835.526447427565,1,0.0
607740,2916,6.817775,213,False,766.3110008271201,3,1.7999999999999998
607748,2917,36.096029,225,True,1171.8411489662735,10,0.0
607876,2918,-7.565725,32,False,179.77100668718003,0,0.0
608008,2919,26.408693,225,True,965.9477132515326,4,1.2
608184,2920,33.841679,225,True,1127.2671603759204,8,0.8
608640,2921,27.975034,225,True,1017.4013582443554,0,0.0
608776,2922,32.808174,225,True,1129.9269430863496,4,0.0
608908,2923,22.332764,225,True,774.110544128979,0,0.0
609084,2924,27.492875,225,True,982.1150070644519,4,1.0
609540,2925,32.934923,225,True,1254.1969172308472,3,0.0
609676,2926,28.486967,225,True,1005.0786752342001,1,0.0
609808,2927,23.766617,225,True,815.464679084658,1,0.0
609984,2928,32.753541,225,True,1105.341628259533,7,1.0
610440,2929,30.653638,225,True,1142.145529173497,1,0.0
610576,2930,21.668513,225,True,731.5405239069505,1,0.0
610708,2931,32.919267,225,True,1172.770671022865,2,0.0
610884,2932,29.159575,225,True,1031.1829864208034,1,0.0
611340,2933,35.86951,225,True,1221.9804110111077,8,0.0
611460,2934,-8.484909,30,False,171.80365779297063,0,1.0
611476,2935,27.63985,225,True,938.3939830916656,3,0.0
611608,2936,37.323977,225,True,1221.7590637113221,11,0.4
611784,2937,30.091622,225,True,1052.4648864195046,2,0.0
612360,2938,24.758716,225,True,871.1486202280328,0,0.0
612376,2939,26.110179,225,True,894.8071417403669,3,0.0
612508,2940,21.738155,225,True,806.326211954336,2,2.4
612684,2941,31.672017,225,True,1064.4806615409366,6,0.0
612980,2942,2.918184,155,False,615.1273485932072,2,1.7999999999999998
613276,2943,33.549843,225,True,1206.79372575661,7,3.400000000000001
613408,2944,30.08756,225,True,1045.902400532101,4,1.0
613584,2945,20.254675,225,True,690.9869830118196,0,0.0
613880,2946,31.705187,225,True,1147.4074658827276,2,0.0
614176,2947,36.979451,225,True,1267.1780590596727,6,0.0
614308,2948,33.660574,225,True,1161.622960931038,7,1.7999999999999998
614484,2949,26.6202,225,True,897.6080192064851,3,0.0
614780,2950,21.688957,225,True,748.358298392618,0,0.0
615076,2951,35.333367,225,True,1226.9346778327013,7,1.0
615208,2952,22.508063,225,True,787.5225304282021,0,0.0
615384,2953,29.944689,225,True,1075.3875709353797,2,0.6000000000000001
615680,2954,27.504712,225,True,1000.9884742773243,2,0.0
615836,2955,-7.375182,39,False,200.19270050641217,1,1.0
615976,2956,31.228665,225,True,1100.3466073484583,3,0.2
616108,2957,21.52686,225,True,794.6744040469171,2,3.0000000000000004
616284,2958,28.33954,225,True,998.3815815310074,1,0.0
616728,2959,3.480479,111,False,604.8191535315352,1,0.0
616736,2960,25.858996,225,True,921.5598597970793,0,0.0
616876,2961,22.400467,225,True,775.218660613054,1,0.6000000000000001
617008,2962,33.321547,225,True,1149.6618808908866,4,0.0
617036,2963,-5.032993,77,False,291.480270750174,0,0.0
617624,2964,4.268096,147,False,652.3238485983777,0,0.0
617636,2965,29.825845,225,True,993.8337931847184,5,0.0
617776,2966,39.272747,225,True,1346.1098769873215,7,0.0
617908,2967,30.607157,225,True,1055.4862836740363,6,1.5999999999999999
618008,2968,-3.454396,58,False,344.22415111628334,2,1.4
618524,2969,31.083141,225,True,1070.5256415385452,5,1.0
618536,2970,25.92427,225,True,869.7708098102212,3,0.0
618808,2971,23.396179,225,True,800.6471425318518,1,0.0
618908,2972,35.110111,225,True,1209.204434874271,8,0.6000000000000001
619424,2973,27.766093,225,True,967.4437274578188,3,0.0
619436,2974,23.73589,225,True,830.2356019430888,0,0.0
619708,2975,31.996143,225,True,1099.0457202525808,4,0.0
619808,2976,30.753211,225,True,1014.9284439515741,6,0.0
620324,2977,32.727236,225,True,1128.2894255012584,4,0.0
620336,2978,30.651483,225,True,1074.8593036754564,5,1.9999999999999998
620608,2979,28.354422,225,True,990.9768906367335,3,0.0
620708,2980,20.586052,225,True,710.6420622328378,0,0.0
620736,2981,-3.299994,100,False,398.4002500457068,1,1.9999999999999998
621224,2982,31.99747,225,True,1082.2987848971252,5,0.0
621508,2983,32.133374,225,True,1109.3349523976926,4,0.0
621608,2984,27.359153,225,True,965.5661106074779,1,0.0
621636,2985,23.833101,225,True,856.5240314285745,5,4.000000000000001
621872,2986,-2.187096,91,False,408.51616318803826,1,1.0
622124,2987,28.25345,225,True,930.9379801461389,5,0.0
622508,2988,30.125287,225,True,1037.811462075157,9,3.0000000000000004
622536,2989,26.848438,225,True,961.137539265907,0,0.0
622772,2990,36.027005,225,True,1225.8801976368973,8,1.2
623024,2991,21.578704,225,True,750.3481772506839,0,0.0
623084,2992,6.509868,144,False,735.5947196878119,4,2.4
623436,2993,29.722606,225,True,1004.1042414963381,7,1.4
623672,2994,24.134411,225,True,846.1764210247015,0,0.0
623924,2995,22.437278,225,True,787.8911151638572,1,0.8
623984,2996,26.121595,225,True,932.0637930564244,0,0.0
624336,2997,20.537937,225,True,772.7174997775317,1,2.6
624572,2998,31.735951,225,True,1043.0380528911246,8,0.8
624824,2999,22.993742,225,True,800.5496748431003,0,0.0
624884,3000,13.717578,225,False,1030.3031131398889,0,0.0
625236,3001,28.606421,225,True,994.6568392474944,2,0.0
625472,3002,34.401017,225,True,1191.2406789971587,6,0.0
625724,3003,34.124474,225,True,1130.5789590650356,10,1.7999999999999998
625784,3004,29.128281,225,True,981.9312230952253,4,0.0
626136,3005,27.276739,225,True,941.4695487544802,2,0.0
626372,3006,34.950496,225,True,1200.4198586159155,5,0.0
626624,3007,38.926806,225,True,1301.0722264834603,9,0.2
626684,3008,27.818352,225,True,953.5340828873759,3,0.0
627036,3009,36.177608,225,True,1266.304323517361,4,0.0
627272,3010,31.843386,225,True,1127.335453970908,3,0.0
627524,3011,22.252674,225,True,809.3069581152567,1,1.9999999999999998
627584,3012,34.762112,225,True,1177.6844755332336,7,0.0
627936,3013,30.150463,225,True,1086.8185079056725,2,0.0
628044,3014,6.775562,193,False,752.6224769322134,1,0.6000000000000001
628424,3015,30.594413,225,True,1024.5765095065353,5,0.0
628484,3016,39.042883,225,True,1300.1153263820543,9,0.0
628836,3017,31.677169,225,True,1101.4867410425236,3,0.0
628944,3018,22.219363,225,True,759.9745036585248,2,0.4
629236,3019,8.432738,188,False,750.1095125688239,5,0.4
629324,3020,20.398914,225,True,696.7565565887578,0,0.0
629736,3021,32.074432,225,True,1122.1772660271417,3,0.0
629812,3022,-1.664863,122,False,471.805478956672,1,2.8000000000000003
629844,3023,31.362318,225,True,1063.2927394146104,5,0.0
630136,3024,23.242695,225,True,813.7077877985862,1,0.8
630636,3025,31.554665,225,True,1094.9866101680254,3,0.0
630712,3026,28.911654,225,True,998.8661713881288,4,1.0
630744,3027,23.416843,225,True,817.4737180035877,0,0.0
631036,3028,28.197053,225,True,976.6821228217218,2,0.0
631536,3029,36.094779,225,True,1214.1911441050397,7,0.0
631612,3030,20.510356,225,True,701.214249803797,0,0.0
631644,3031,23.194022,225,True,827.7608618779905,0,0.8
631936,3032,32.87333,225,True,1101.3332022353502,6,0.0
632436,3033,25.389581,225,True,905.1832594656037,5,3.400000000000001
632512,3034,34.866024,225,True,1218.640963028627,4,0.0
632544,3035,32.247279,225,True,1145.091150424616,4,0.6000000000000001
632836,3036,23.498838,225,True,804.7535132328494,1,0.0
633336,3037,29.27805,225,True,1075.9220186868506,0,0.0
633412,3038,31.379172,225,True,1116.7668838121317,2,0.0
633444,3039,29.141295,225,True,1016.0518036850992,2,0.0
633736,3040,38.194402,225,True,1312.5760989460773,6,0.0
634236,3041,36.91321,225,True,1243.7284048732304,9,1.2
634312,3042,25.263499,225,True,891.3399449546093,0,0.0
634344,3043,27.425909,225,True,1003.4363629768268,3,3.0000000000000004
634636,3044,21.485603,225,True,740.2241317105409,0,0.0
635136,3045,37.301082,225,True,1296.0432672464199,5,0.0
635212,3046,32.885805,225,True,1146.6322199859674,4,0.0
635244,3047,30.185036,225,True,1019.40145571837,5,0.2
635536,3048,27.602092,225,True,936.8836636853505,3,0.0
636036,3049,22.867919,225,True,779.5167553127462,1,0.0
636112,3050,25.24363,225,True,914.5452090357064,0,0.0
636144,3051,29.866524,225,True,1001.0609644483591,7,1.0
636436,3052,35.883799,225,True,1272.9519687840802,5,0.0
636936,3053,24.667232,225,True,867.4892908063946,0,0.0
637012,3054,26.033025,225,True,922.1209999823652,0,0.0
637044,3055,31.278243,225,True,1083.9297214503626,4,0.6000000000000001
637336,3056,28.516227,225,True,941.4490945196887,5,0.0
637836,3057,31.681585,225,True,1116.0633876178363,3,0.0
637912,3058,25.10621,225,True,877.8483923114022,2,1.0
637944,3059,21.743824,225,True,825.752957662811,0,2.4
638236,3060,30.722911,225,True,1058.516448234814,4,0.0
638716,3061,6.342055,120,False,709.6822021451399,2,0.0
638736,3062,31.437112,225,True,1047.8844823900542,7,0.6000000000000001
638812,3063,26.887079,225,True,1004.2831426744067,2,2.6
638844,3064,37.332553,225,True,1294.9021185353145,5,0.0
639616,3065,30.218675,225,True,1084.7470038519177,5,2.6
639636,3066,28.706449,225,True,965.0579544207378,4,0.0
639712,3067,29.250983,225,True,1018.0393207683974,3,0.0
639744,3068,22.797637,225,True,792.7054720659546,0,0.0
640480,3069,5.102282,184,False,716.8912999075724,1,1.9999999999999998
640516,3070,23.050982,225,True,770.8392697678983,2,0.0
640536,3071,30.063222,225,True,1027.3288657121434,6,1.4
640612,3072,23.644695,225,True,800.9877841187463,2,0.0
641380,3073,25.149021,225,True,872.3608570072263,3,0.8
641416,3074,26.42691,225,True,923.4763940719085,5,2.4
641436,3075,27.861995,225,True,980.8797924289702,1,0.0
641512,3076,22.075358,225,True,763.8143294561357,0,0.0
642280,3077,21.972677,225,True,743.707084082637,1,0.0
642316,3078,36.82509,225,True,1308.203607624187,8,2.4
642336,3079,24.528553,225,True,858.7421328636196,1,0.0
642412,3080,30.194563,225,True,1024.582537762949,4,0.0
643180,3081,39.370557,225,True,1327.6222614999788,8,0.0
643216,3082,25.57545,225,True,889.4180164559509,2,0.2
643236,3083,27.912259,225,True,1003.6903415441229,0,0.0
643312,3084,26.728281,225,True,1025.1312286763437,1,1.4
644080,3085,34.22316,225,True,1177.7263913863007,5,0.0
644116,3086,33.076385,225,True,1152.6554199861712,4,0.0
644136,3087,32.724395,225,True,1168.9758077077167,4,1.2
644212,3088,27.503268,225,True,924.9307156087166,5,1.0
644980,3089,29.657434,225,True,1052.6973401587106,4,0.0
645016,3090,27.999395,225,True,975.175817817267,2,0.0
645036,3091,28.135818,225,True,990.2327283044503,1,0.0
645112,3092,32.486324,225,True,1106.6529657173041,7,1.0
645188,3093,-5.307784,52,False,281.28863590402125,0,0.0
645916,3094,32.452742,225,True,1182.109663668933,2,0.0
645936,3095,30.103044,225,True,993.7217502084561,7,0.4
646012,3096,23.956394,225,True,831.0557579837762,1,0.0
646088,3097,27.321767,225,True,981.6706782077997,1,0.0
646460,3098,6.055264,136,False,687.8105546854208,9,4.000000000000001
646836,3099,25.427067,225,True,918.6826848169812,2,2.1999999999999997
646912,3100,25.51266,225,True,918.9063845371525,0,0.0
646988,3101,29.531701,225,True,1039.668036901967,4,0.0
647360,3102,22.922041,225,True,832.8816589181549,0,0.0
647496,3103,3.413643,146,False,634.1457286503937,5,4.000000000000001
647736,3104,34.382242,225,True,1177.6896784524065,5,0.0
647888,3105,27.016413,225,True,929.4565282481556,2,0.0
648260,3106,30.682923,225,True,1095.31693533916,5,2.4
648396,3107,23.015887,225,True,817.43547577861,1,0.8
648636,3108,24.273683,225,True,819.7473291757233,2,0.0
648788,3109,22.875994,225,True,794.2397476572735,1,0.6000000000000001
649160,3110,24.269632,225,True,813.1852653261046,3,0.4
649296,3111,34.86075,225,True,1160.029989011236,10,1.7999999999999998
649536,3112,30.315781,225,True,1035.8312559154317,4,0.0
649688,3113,38.684929,225,True,1330.5971403837943,7,0.0
650032,3114,-0.786004,124,False,486.15985742912426,1,2.1999999999999997
650060,3115,40.583218,225,True,1345.7287359250954,10,0.0
650196,3116,31.981685,225,True,1155.2673864710146,1,0.0
650588,3117,30.726066,225,True,1029.842623843897,5,0.0
650932,3118,26.697648,225,True,923.1059181278542,2,0.0
650960,3119,26.652189,225,True,882.8875531707895,4,0.0
651096,3120,29.40016,225,True,1040.806389002504,5,1.7999999999999998
651488,3121,32.603088,225,True,1081.7235214234775,7,0.0
651832,3122,34.693196,225,True,1174.1278579222853,6,0.0
651860,3123,26.363418,225,True,882.5367159083237,5,0.6000000000000001
651996,3124,39.295709,225,True,1332.628355553978,8,0.0
652376,3125,-0.246429,95,False,456.54282212542876,1,0.0
652388,3126,21.763998,225,True,788.1599300469977,1,2.1999999999999997
652568,3127,-5.260142,48,False,271.19430808795005,0,0.0
652732,3128,29.714395,225,True,1029.3757960506389,4,1.0
652760,3129,36.58366,225,True,1220.946392214193,12,2.6
653288,3130,31.694734,225,True,1084.58934476571,4,0.0
653468,3131,28.005099,225,True,953.0039776646697,3,0.0
653632,3132,21.683526,225,True,748.1410547283979,0,0.0
653660,3133,22.393253,225,True,805.3301108314738,0,1.2
654188,3134,28.225577,225,True,982.6230825729212,3,0.4
654368,3135,24.173234,225,True,858.9293488271453,0,0.2
654532,3136,32.233815,225,True,1157.3525849856956,2,0.0
654560,3137,33.154164,225,True,1176.566578282032,2,0.0
655088,3138,31.191788,225,True,995.6715221560287,11,1.7999999999999998
655268,3139,37.578758,225,True,1272.7503036601684,7,0.0
655432,3140,28.833859,225,True,1002.1543539105787,2,0.0
655460,3141,22.799782,225,True,792.7912603177288,0,0.0
655988,3142,25.835428,225,True,880.6171382368873,4,1.0
656168,3143,37.696721,225,True,1262.2688201097526,9,0.6000000000000001
656332,3144,29.07459,225,True,1098.183611719031,2,0.0
656360,3145,24.275754,225,True,851.8301442880202,1,0.2
656888,3146,27.409536,225,True,897.1814577726573,6,0.4
657068,3147,35.066528,225,True,1183.461116755173,7,0.4
657232,3148,29.854954,225,True,1060.5981751829386,1,0.0
657260,3149,28.043509,225,True,972.1403561667673,2,0.0
657788,3150,25.382993,225,True,896.1197110246428,0,0.0
657968,3151,36.26639,225,True,1221.0555876875742,7,0.0
658132,3152,27.314581,225,True,963.7832436315446,1,0.0
658160,3153,32.449645,225,True,1039.5857895057013,10,0.8
658688,3154,27.854757,225,True,972.5902699494195,2,0.4
658868,3155,26.450397,225,True,945.2158706650798,0,0.0
658908,3156,17.243499,194,False,1107.3399741744788,4,0.0
659060,3157,25.297921,225,True,883.1168202226638,1,0.0
659588,3158,30.558728,225,True,1039.1491116244365,4,0.0
659768,3159,25.54947,225,True,870.778817445424,2,0.0
659808,3160,30.140124,225,True,1050.404968880122,3,0.2
659960,3161,28.648955,225,True,978.7582069836758,3,0.0
660488,3162,34.223669,225,True,1105.7467561334684,9,0.0
660668,3163,38.621962,225,True,1283.2784825144172,9,0.0
660708,3164,28.872953,225,True,1053.3181108807066,0,0.0
660860,3165,33.284406,225,True,1152.9762474711392,4,0.2
661388,3166,34.722464,225,True,1189.698573497093,5,0.0
661568,3167,26.87606,225,True,955.8423916074719,7,4.600000000000001
661608,3168,26.185709,225,True,938.628376781149,2,1.0
661664,3169,13.256053,201,False,1007.0421255065542,5,2.8000000000000003
662288,3170,36.068043,225,True,1195.5217322116064,10,1.0
662468,3171,22.519514,225,True,781.5805719167422,0,0.0
662508,3172,34.438661,225,True,1147.946424869263,7,0.0
662564,3173,22.798423,225,True,899.93691541408,0,4.200000000000001
663188,3174,24.975922,225,True,863.8368737969836,1,0.0
663368,3175,26.347181,225,True,918.6872386969067,1,0.0
663408,3176,28.191416,225,True,998.8566251884711,1,0.0
663464,3177,26.821725,225,True,902.46898614816,5,1.2
663576,3178,-8.194037,28,False,161.83850258239977,1,0.8
664088,3179,30.014352,225,True,1065.3740890410081,1,0.0
664268,3180,25.886345,225,True,900.2538136091771,1,0.0
664308,3181,30.609299,225,True,1046.7719506687308,4,0.2
664476,3182,27.517979,225,True,939.9191613662651,3,0.0
664988,3183,29.537927,225,True,1038.3170778932385,2,0.0
665168,3184,31.864101,225,True,1041.7640322730463,8,0.6000000000000001
665208,3185,32.565567,225,True,1172.2226876376517,4,0.0
665372,3186,2.914693,96,False,566.1877041954626,2,0.0
665376,3187,26.357947,225,True,893.5178966535195,4,0.4
666068,3188,34.590576,225,True,1186.0230213699438,5,0.0
666108,3189,24.646987,225,True,873.0794905875141,0,0.0
666272,3190,23.632695,225,True,816.507784051033,1,0.0
666276,3191,28.852408,225,True,1014.0963294026658,4,1.2
666968,3192,29.318977,225,True,1053.5590923321715,0,0.0
667008,3193,31.244858,225,True,1047.3943309930978,7,1.2
667172,3194,24.117069,225,True,845.4827503736349,0,0.0
667176,3195,20.307466,225,True,699.4986320662663,2,1.5999999999999999
667868,3196,26.866199,225,True,939.4479680038448,1,0.0
667908,3197,37.450713,225,True,1250.8285310840392,8,0.0
668072,3198,33.394406,225,True,1168.5762413303441,3,0.0
668076,3199,25.627979,225,True,937.9191419638516,1,0.0
668768,3200,32.035529,225,True,1122.221148962084,3,0.0
668808,3201,21.936631,225,True,748.665242285233,1,0.0
668972,3202,23.800462,225,True,853.6184976105494,0,0.6000000000000001
668976,3203,-4.464698,52,False,303.8120958299396,2,1.4
668976,3204,26.224074,225,True,926.5629446325056,2,1.2
669124,3205,-6.259038,37,False,217.6384992624105,2,0.8
669708,3206,23.742029,225,True,833.6811466944121,1,0.8
669872,3207,20.851637,225,True,714.8654710895175,0,0.0
669876,3208,20.457042,225,True,812.6816948833502,2,6.000000000000003
670020,3209,-6.223867,37,False,215.84532918918535,1,0.0
670024,3210,26.480878,225,True,940.0351162085656,0,0.0
670608,3211,26.082787,225,True,938.5114850924351,3,2.6
670776,3212,31.551605,225,True,1014.8642117991235,8,0.0
670920,3213,30.447046,225,True,1065.0818292941935,7,3.0000000000000004
670924,3214,27.161395,225,True,973.6558166543168,0,0.0
671508,3215,38.540094,225,True,1342.4037432182618,6,0.4
671676,3216,20.829007,225,True,750.760276942716,1,2.1999999999999997
671820,3217,29.398507,225,True,949.5402646385689,7,0.2
671824,3218,24.579083,225,True,847.9633175731065,1,0.0
672008,3219,-0.558714,125,False,528.8514307159346,2,4.000000000000001
672576,3220,32.782644,225,True,1136.1057541368823,5,0.0
672720,3221,35.138067,225,True,1237.5226810520826,5,1.0
672724,3222,38.185944,225,True,1303.4377468938715,7,0.0
672908,3223,37.269651,225,True,1286.7860276585143,7,0.8
673476,3224,34.400324,225,True,1237.6129798167417,5,1.2
673620,3225,22.121739,225,True,764.0695596439446,1,0.6000000000000001
673624,3226,25.575553,225,True,907.0221241575798,1,0.8
673808,3227,30.727604,225,True,1089.1041730471961,5,2.4
674376,3228,26.913786,225,True,937.351450257888,4,1.0
674520,3229,29.299671,225,True,1020.7868592281836,2,0.0
674524,3230,25.179054,225,True,892.7621673556982,3,2.1999999999999997
674672,3231,-1.248533,74,False,427.65868291953643,4,1.5999999999999999
674708,3232,29.70366,225,True,1004.9463881637025,4,0.0
675420,3233,23.117841,225,True,803.9136364419719,1,0.6000000000000001
675424,3234,28.138369,225,True,958.3347530100796,3,0.0
675572,3235,30.547245,225,True,1061.089793700835,4,0.2
675608,3236,27.668069,225,True,923.5227468182998,4,0.0
676320,3237,33.483211,225,True,1124.128442958985,6,0.0
676324,3238,23.173539,225,True,903.741546851078,1,1.9999999999999998
676472,3239,31.108708,225,True,1051.5483109802085,5,0.0
676508,3240,34.168234,225,True,1227.5293449616497,8,3.0000000000000004
677220,3241,24.038389,225,True,842.3355590802726,0,0.0
677224,3242,19.498398,225,True,660.7359033586392,0,0.0
677372,3243,31.440487,225,True,1080.8194927071431,4,0.0
677408,3244,33.671076,225,True,1170.0430242229709,4,0.2
678120,3245,22.218897,225,True,779.1558676900281,0,0.4
678124,3246,30.444415,225,True,1066.5765812265572,2,0.0
678272,3247,30.6418,225,True,1058.471980135757,3,0.0
678308,3248,26.312607,225,True,931.7042861810555,1,0.6000000000000001
679020,3249,27.680935,225,True,962.4374092872638,6,1.0
679024,3250,29.088045,225,True,1028.3217859811086,1,0.0
679144,3251,-9.048778,30,False,173.24886463871098,0,0.4
679172,3252,31.636614,225,True,1080.6645460671934,6,1.0
679208,3253,24.087539,225,True,828.3015795156693,1,0.0
679920,3254,23.57636,225,True,791.8543886788789,2,0.0
680044,3255,33.206937,225,True,1161.077482545165,3,0.0
680072,3256,39.662745,225,True,1340.9097844398084,8,0.0
680108,3257,24.190055,225,True,888.4022119488625,0,1.4
680472,3258,-0.610246,91,False,488.39015342184734,1,0.8
680820,3259,22.097651,225,True,793.5060406450102,0,1.2
680944,3260,38.064406,225,True,1275.3762459751479,8,0.0
680964,3261,5.335589,223,False,756.6235580753196,0,2.6
681188,3262,-3.318398,92,False,396.0640782941018,0,1.9999999999999998
681264,3263,-11.32993,19,False,108.40280942984282,0,2.1999999999999997
681372,3264,25.886885,225,True,900.2753949844243,1,0.0
681560,3265,-6.540197,74,False,351.9921063771021,2,6.600000000000003
681844,3266,31.693805,225,True,1060.5522167586041,7,1.0
681864,3267,21.85661,225,True,755.0644096386425,0,0.0
682272,3268,28.37105,225,True,983.6420025771706,2,0.0
682460,3269,26.224258,225,True,876.970324691192,4,0.0
682744,3270,26.525091,225,True,941.8036526101841,0,0.0
682764,3271,35.565314,225,True,1230.6125479181464,5,0.0
683172,3272,32.588291,225,True,1088.3316355667503,6,0.0
683360,3273,25.524184,225,True,885.7673680124492,1,0.0
683644,3274,26.725819,225,True,940.2327551060512,1,0.0
683664,3275,27.200612,225,True,970.4244871332717,2,1.4
684072,3276,29.070722,225,True,963.6288759715824,5,0.0
684260,3277,32.871342,225,True,1147.6536712268744,4,0.6000000000000001
684544,3278,25.822671,225,True,913.706858393027,0,0.0
684564,3279,27.793689,225,True,947.7475457754081,8,3.2000000000000006
684972,3280,33.174421,225,True,1142.1768483437081,5,0.0
685160,3281,28.326915,225,True,1033.0765807543055,1,0.0
685412,3282,11.711865,212,False,946.074605461172,3,1.5999999999999999
685444,3283,25.570433,225,True,903.6173317172825,0,0.0
685872,3284,31.985171,225,True,1065.8068393158883,6,0.0
686060,3285,25.198028,225,True,880.7211381915954,2,1.0
686312,3286,29.708961,225,True,1053.1584400174397,1,0.0
686344,3287,30.079668,225,True,1035.9867359382556,3,0.0
686444,3288,-9.131218,25,False,145.95129794261084,0,0.8
686772,3289,25.924405,225,True,869.776204053419,3,0.0
686960,3290,31.408047,225,True,1158.7218845428588,3,0.0
687212,3291,24.163924,225,True,831.3569506344438,1,0.0
687344,3292,25.277625,225,True,970.3050170408328,1,0.0
687672,3293,28.554856,225,True,987.7942398132825,3,0.0
687860,3294,32.839979,225,True,1114.3991599422798,5,0.0
688112,3295,36.865518,225,True,1275.4207315079043,5,0.0
688244,3296,24.308212,225,True,881.1284771029557,5,4.200000000000001
688572,3297,26.444521,225,True,898.5808395044849,5,1.4
688760,3298,22.122815,225,True,749.7126034862063,1,0.0
689012,3299,31.005116,225,True,1073.8046242134837,3,0.0
689144,3300,25.371844,225,True,940.4737582351863,2,3.2000000000000006
689472,3301,27.944903,225,True,982.5961355509103,1,0.0
689660,3302,22.429669,225,True,769.9867494033547,2,1.0
689912,3303,29.797839,225,True,1008.7135439467022,4,0.0
690044,3304,29.357624,225,True,1007.1049770309771,3,0.0
690372,3305,24.634911,225,True,866.1964269997407,0,0.0
690560,3306,35.55214,225,True,1213.285592178382,6,0.2
690812,3307,31.178672,225,True,1079.9468965283431,3,0.0
690944,3308,31.391408,225,True,1072.4563019751704,4,0.0
691272,3309,27.749309,225,True,990.7723632466532,0,0.0
691460,3310,30.546093,225,True,1093.0437389965086,1,0.0
691712,3311,34.028573,225,True,1129.9429241749008,7,0.0
691844,3312,20.670741,225,True,760.4296324905313,0,2.1999999999999997
692172,3313,28.803797,225,True,996.1518680591373,3,0.0
692360,3314,25.343374,225,True,862.5349436415008,2,0.0
692612,3315,23.120123,225,True,823.2049081325456,1,1.4
692744,3316,22.276382,225,True,805.4552851517294,0,1.4
693072,3317,26.117527,225,True,1011.9010899163759,2,0.8
693260,3318,28.227138,225,True,1061.0855125233625,1,0.0
693512,3319,23.78809,225,True,816.3236160512652,1,0.0
693644,3320,24.267938,225,True,819.5175282640885,2,0.0
693972,3321,24.014058,225,True,858.9623009131328,0,0.0
694160,3322,23.984718,225,True,840.1887368741616,0,0.0
694412,3323,35.375253,225,True,1212.6101311540979,6,0.0
694544,3324,23.006387,225,True,785.0554980467332,1,0.0
694872,3325,27.878632,225,True,992.7452677114334,1,0.0
695060,3326,23.051572,225,True,786.8628986210254,1,0.0
695312,3327,28.170862,225,True,998.0344974552625,1,0.0
695444,3328,33.48416,225,True,1163.366398007051,4,0.0
695772,3329,22.514534,225,True,792.5813522111032,0,0.0
695960,3330,22.567804,225,True,765.9121565860144,2,0.6000000000000001
696212,3331,27.187922,225,True,1009.9168787992801,2,2.6
696344,3332,24.071918,225,True,827.6767012352002,1,0.0
696672,3333,34.828352,225,True,1168.334085795776,7,0.0
696860,3334,35.076637,225,True,1192.6654740141812,8,1.4
697112,3335,29.639206,225,True,1011.9682493241803,4,0.4
697244,3336,35.378308,225,True,1174.3323129279784,8,0.0
697572,3337,29.037611,225,True,1080.704453126546,2,1.4
697760,3338,21.837811,225,True,754.3124285327806,0,0.0
698012,3339,26.343157,225,True,969.7262790295426,1,1.4
698144,3340,22.323639,225,True,773.7455570958157,0,0.0
698340,3341,16.730485,192,False,1106.8194045451492,6,2.1999999999999997
698660,3342,31.294492,225,True,1084.5796870704635,3,0.0
698876,3343,5.257766,134,False,640.7106276992772,4,0.0
698912,3344,29.626291,225,True,1008.2516306833552,4,0.0
699044,3345,31.589834,225,True,1089.9933472519542,6,0.0
699560,3346,29.076363,225,True,997.4545322961849,4,0.0
699760,3347,18.132464,221,False,1166.8985611327648,3,0.0
699812,3348,26.614352,225,True,929.374064903847,2,0.4
699944,3349,21.70225,225,True,772.8899870093564,0,0.0
700460,3350,35.583385,225,True,1208.1354099147466,6,0.0
700640,3351,-6.344343,45,False,252.62628525953846,1,1.0
700660,3352,23.421682,225,True,801.6672978694144,1,0.0
700712,3353,27.900362,225,True,990.4144606860098,2,1.0
700844,3354,32.269221,225,True,1139.5688454994365,2,0.0
701292,3355,-1.921634,145,False,529.5346571893356,0,4.400000000000001
701540,3356,32.8457,225,True,1185.0280073938043,1,0.0
701560,3357,22.752958,225,True,774.9183209688999,1,0.0
701744,3358,31.337071,225,True,1022.282859443445,7,0.0
702192,3359,28.459115,225,True,1095.964616264318,3,1.2
702440,3360,32.411815,225,True,1147.6726061845466,3,0.0
702460,3361,23.870595,225,True,853.2237997635432,0,0.0
702644,3362,27.359075,225,True,965.5630061136105,3,0.0
703092,3363,25.455169,225,True,937.406778321737,1,0.0
703340,3364,34.250905,225,True,1162.8362006495477,7,1.0
703360,3365,25.782237,225,True,908.8894891837638,1,0.0
703544,3366,26.155497,225,True,994.2198830193599,3,3.0000000000000004
703992,3367,35.120849,225,True,1157.6339409422008,9,0.6000000000000001
704240,3368,22.596785,225,True,791.0713922490729,0,0.0
704260,3369,24.837665,225,True,869.5065976235792,1,0.2
704444,3370,23.387324,225,True,816.2929790494875,0,0.0
704892,3371,34.098331,225,True,1167.933252572353,6,0.0
705088,3372,8.745526,212,False,831.4210568327078,2,0.8
705160,3373,25.006577,225,True,849.0630613028113,2,0.0
705344,3374,30.363806,225,True,1008.9522229862534,6,0.4
705792,3375,25.969041,225,True,909.9616442686249,1,0.0
705988,3376,26.453396,225,True,922.9358582023087,1,0.0
706060,3377,20.975072,225,True,719.802867246201,0,0.0
706244,3378,31.063835,225,True,1092.9533921802768,4,0.6000000000000001
706692,3379,29.878624,225,True,1082.3449625791304,0,0.0
706888,3380,20.959559,225,True,805.582343825927,2,1.2
706960,3381,35.284255,225,True,1268.9701898044514,4,0.6000000000000001
707144,3382,32.548062,225,True,1150.7224734660836,2,0.0
707416,3383,-3.462044,114,False,385.5182364354969,0,1.7999999999999998
707592,3384,23.133061,225,True,834.9224599310014,0,1.2
707788,3385,20.45533,225,True,699.0132097745354,0,0.0
708044,3386,24.882989,225,True,890.5195723842205,3,2.6
708316,3387,33.54626,225,True,1209.8503874733165,2,0.0
708492,3388,38.688904,225,True,1321.156156934127,9,0.0
708688,3389,30.396831,225,True,1080.6732446281699,1,0.0
708944,3390,30.597282,225,True,1088.6912690407253,1,0.0
709216,3391,31.118276,225,True,1078.3310371986663,3,0.0
709284,3392,2.046871,149,False,607.4748572514361,1,1.9999999999999998
709392,3393,24.271339,225,True,877.2535714413445,3,1.9999999999999998
709844,3394,32.618349,225,True,1111.933950028484,5,0.0
710116,3395,24.414103,225,True,825.3641255309133,2,0.0
710184,3396,21.603087,225,True,744.9234987290029,0,0.0
710292,3397,27.001519,225,True,980.8607592691355,3,1.7999999999999998
710744,3398,20.915571,225,True,717.4228514560562,0,0.0
711016,3399,31.80129,225,True,1104.85159308025,3,0.0
711084,3400,27.379595,225,True,943.9838026050231,2,0.0
711192,3401,27.03547,225,True,914.2187871887131,3,0.0
711644,3402,32.815744,225,True,1166.2297772431598,6,1.5999999999999999
711916,3403,31.137659,225,True,1094.3063683028495,2,0.0
711984,3404,23.442843,225,True,808.91371394918,3,1.5999999999999999
712092,3405,25.868093,225,True,883.5237325791006,2,0.0
712544,3406,33.211643,225,True,1190.065705209829,4,0.0
712816,3407,28.280648,225,True,1018.425925896538,0,0.0
712884,3408,20.224601,225,True,689.7840240863491,0,0.0
712992,3409,31.674302,225,True,1082.1720726421854,8,2.6
713444,3410,24.977661,225,True,847.9064319980173,2,0.0
713716,3411,21.161243,225,True,727.2497120848473,0,0.0
713784,3412,28.240474,225,True,936.8189539706723,5,0.0
713892,3413,24.178276,225,True,831.9310535175191,1,0.0
714344,3414,34.303967,225,True,1208.158669984507,5,1.4
714572,3415,2.482341,170,False,632.8936536912381,0,2.1999999999999997
714616,3416,26.171849,225,True,918.0739736025835,1,0.0
714684,3417,34.736802,225,True,1227.0720968270948,4,0.0
715244,3418,31.329117,225,True,1093.9646814817538,4,0.0
715472,3419,33.408673,225,True,1153.1469070029407,4,0.0
715516,3420,21.140635,225,True,732.8253866023151,0,0.0
715584,3421,31.661018,225,True,1073.6407228525673,5,0.0
715840,3422,-0.740057,81,False,452.797727580097,0,0.0
716144,3423,32.703211,225,True,1140.9284440321921,3,0.0
716372,3424,22.23974,225,True,776.7896180583823,0,0.0
716484,3425,32.361829,225,True,1114.4731744526025,5,0.0
716740,3426,33.733099,225,True,1166.1239760823105,4,0.0
717044,3427,29.70692,225,True,1005.0767814778958,4,0.0
717272,3428,35.740366,225,True,1253.6146263573573,4,0.0
717384,3429,26.155564,225,True,911.0225586399245,1,0.0
717640,3430,28.882636,225,True,989.7054256466647,6,1.9999999999999998
717944,3431,24.361894,225,True,855.275742950525,0,0.0
718172,3432,21.050167,225,True,722.8066935056715,0,0.0
718284,3433,23.396892,225,True,816.6756806396188,0,0.0
718540,3434,23.198528,225,True,792.7411104969044,1,0.0
718544,3435,8.711592,150,False,805.2636793175714,2,0.0
718780,3436,-4.853525,59,False,300.258983405334,0,0.0
719072,3437,29.133518,225,True,998.1407356093011,3,0.0
719184,3438,26.119239,225,True,951.1695735417848,0,0.8
719440,3439,31.867868,225,True,1126.714706568585,4,0.2
719680,3440,29.600334,225,True,1016.8133541703041,3,0.0
719972,3441,25.280519,225,True,917.620768045784,4,0.8
720084,3442,26.858493,225,True,961.5397339382939,0,0.0
720340,3443,25.774447,225,True,895.7778937184926,1,0.0
720580,3444,27.618653,225,True,999.1461241534676,1,0.0
720872,3445,24.418153,225,True,857.5261209512619,1,0.6000000000000001
720984,3446,27.824343,225,True,998.5737262195087,3,1.0
721240,3447,21.845385,225,True,738.6154066472959,1,0.0
721480,3448,26.970697,225,True,959.6278705502743,0,0.0
721772,3449,20.947393,225,True,718.6957250148525,0,0.0
721884,3450,22.551682,225,True,782.8672688015351,0,0.0
721956,3451,-9.544192,18,False,103.83233017577277,0,0.2
722140,3452,30.204298,225,True,1004.1719113120005,6,0.0
722380,3453,27.089997,225,True,900.3998655251119,5,0.4
722672,3454,36.414256,225,True,1270.9702355639338,5,0.0
722856,3455,26.757447,225,True,952.697873938514,1,0.0
723040,3456,21.960284,225,True,759.2113768431716,0,0.0
723280,3457,29.170706,225,True,1007.6282441022731,3,0.0
723572,3458,29.89961,225,True,1028.7843857073267,3,0.0
723756,3459,21.591344,225,True,744.4537628095891,0,0.0
723940,3460,25.637414,225,True,925.4965623146784,1,1.4
724180,3461,28.833435,225,True,986.1374162170675,3,0.0
724472,3462,28.054577,225,True,993.3830774147514,1,0.0
724656,3463,21.952677,225,True,771.707071670789,0,0.0
724688,3464,0.982684,127,False,560.1073629465623,1,1.7999999999999998
724840,3465,31.713805,225,True,1101.3521802623218,3,0.0
725372,3466,22.028993,225,True,761.9597329067979,0,0.0
725556,3467,30.890173,225,True,1089.2069165056878,3,0.0
725588,3468,27.89249,225,True,964.4996149751612,2,0.0
725740,3469,25.00297,225,True,864.9187979480437,1,0.0
726272,3470,31.089426,225,True,1050.7770320522804,5,0.0
726456,3471,19.947561,225,True,747.5024584626781,0,0.2
726488,3472,27.346454,225,True,974.6581519274146,0,0.0
726640,3473,26.031939,225,True,890.0775688174126,2,0.0
727172,3474,22.773434,225,True,791.737349255684,0,0.0
727356,3475,20.135863,225,True,686.2345303887498,0,0.0
727388,3476,27.6072,225,True,932.2879888999912,4,0.0
727540,3477,31.233447,225,True,1082.1378827976555,3,0.0
728072,3478,24.119386,225,True,851.9754445692265,0,0.0
728256,3479,37.585056,225,True,1302.6022555849854,8,1.4
728288,3480,22.293867,225,True,772.554684395071,0,0.0
728440,3481,28.209068,225,True,913.1627201000099,6,0.0
728972,3482,24.42945,225,True,857.9780094081318,0,0.0
729156,3483,36.600037,225,True,1273.6014987508074,6,0.0
729188,3484,26.765689,225,True,925.8275764858479,2,0.0
729340,3485,27.062436,225,True,921.697433952977,3,0.0
729872,3486,33.266118,225,True,1131.4447058705746,5,0.0
730056,3487,30.234648,225,True,1058.1859180723181,2,0.0
730088,3488,28.723995,225,True,981.7597864372319,3,0.0
730240,3489,22.826435,225,True,777.8574188995403,1,0.0
730772,3490,28.766171,225,True,999.4468506984133,2,0.0
730956,3491,25.819667,225,True,933.5866829246497,1,0.2
730988,3492,23.272323,225,True,811.6929060826703,0,0.0
731140,3493,22.235652,225,True,754.2260809087807,1,0.0
731672,3494,27.857976,225,True,1001.5190398020375,0,0.0
731856,3495,19.855143,225,True,742.2057193905746,0,1.7999999999999998
731888,3496,30.621071,225,True,1025.642830503734,5,0.0
732040,3497,32.762573,225,True,1143.3029274285773,3,0.0
732572,3498,29.260531,225,True,1019.221251730356,2,0.0
732756,3499,33.311093,225,True,1162.0437091385793,4,0.0
732788,3500,31.039284,225,True,1059.9713613699168,5,0.0
732940,3501,20.005327,225,True,681.013079081257,0,0.0
733200,3502,0.951333,157,False,562.0533120693087,1,2.1999999999999997
733428,3503,8.252176,160,False,795.6870530376482,1,0.0
733656,3504,27.35355,225,True,974.941992837219,0,0.0
733840,3505,34.12428,225,True,1199.3711857108683,3,0.0
734100,3506,25.617114,225,True,889.4845428018739,1,0.0
734328,3507,28.092529,225,True,1010.90114284027,0,0.0
734556,3508,24.667563,225,True,867.502538951873,0,0.0
734740,3509,26.913452,225,True,909.3380643358448,3,0.0
735000,3510,20.074786,225,True,745.3914587459176,0,0.4
735228,3511,25.330491,225,True,862.019649912457,2,0.0
735456,3512,27.78198,225,True,950.4792189630807,3,0.0
735640,3513,34.077458,225,True,1179.8983269425748,4,0.0
735900,3514,26.705563,225,True,925.0225368091621,3,1.0
736128,3515,25.86342,225,True,899.3368084379449,1,0.0
736180,3516,9.306028,181,False,880.2411079967142,2,2.1999999999999997
736540,3517,24.570588,225,True,847.6235195519369,1,0.0
736800,3518,31.386875,225,True,1088.2750063324143,3,0.0
737028,3519,27.919951,225,True,1010.3980298045785,0,0.0
737080,3520,28.382142,225,True,984.0856663734273,2,0.0
737440,3521,27.133517,225,True,902.1406796626725,4,0.0
737700,3522,19.185173,225,True,648.206928083642,0,0.0
737928,3523,29.755134,225,True,1082.2053557906552,3,0.0
737980,3524,36.421636,225,True,1259.2654503633707,5,0.0
738340,3525,21.74931,225,True,750.7724118608944,0,0.0
738600,3526,29.282782,225,True,1047.311293832443,1,0.0
738828,3527,25.161852,225,True,871.2740886180759,1,0.0
738880,3528,27.381348,225,True,960.053929682243,1,0.0
739240,3529,25.185331,225,True,888.213236203849,0,0.0
739500,3530,33.860061,225,True,1151.2024599059937,6,0.0
739728,3531,26.013627,225,True,873.3450879699444,3,0.0
739780,3532,31.148929,225,True,1101.1571707066569,2,0.0
740140,3533,20.620101,225,True,705.6040558685918,0,0.0
740400,3534,25.052932,225,True,850.9172904537295,2,0.0
740628,3535,25.586037,225,True,856.2414804174821,3,0.0
740680,3536,20.885971,225,True,716.2388454079385,0,0.0
741040,3537,30.417883,225,True,1065.5153083356558,2,0.0
741300,3538,26.010765,225,True,905.2305822940814,1,0.0
741528,3539,21.749195,225,True,750.7677899655757,0,0.0
741580,3540,20.929375,225,True,717.9749901101984,0,0.0
741940,3541,34.001277,225,True,1194.4510871641119,3,0.0
742200,3542,22.000938,225,True,760.8375085868665,0,0.0
742428,3543,21.480703,225,True,740.0281391802894,0,0.0
742480,3544,28.451055,225,True,1018.8421843188423,0,0.0
742840,3545,28.565511,225,True,1013.8204279033653,1,0.0
743100,3546,24.399376,225,True,863.1750402458767,0,0.0
743328,3547,23.027133,225,True,801.8853031788121,0,0.0
743380,3548,35.724859,225,True,1213.794373698162,6,0.0
743740,3549,23.755182,225,True,831.0072791240741,0,0.0
744000,3550,22.767709,225,True,791.5083564911715,0,0.0
744228,3551,35.136565,225,True,1191.8625812557998,6,0.0
744280,3552,20.267265,225,True,697.8905964544965,0,0.0
744640,3553,22.210882,225,True,775.6352998204566,0,0.0
744900,3554,19.572879,225,True,692.5151553314745,0,1.2
745128,3555,29.346185,225,True,1049.847413036082,1,0.0
745180,3556,26.309613,225,True,933.1845242814927,0,0.0
745540,3557,24.237111,225,True,850.28443378971,0,0.0
745800,3558,21.766499,225,True,735.4599436664619,1,0.0
746028,3559,24.968906,225,True,873.1562575770561,2,0.6000000000000001
746080,3560,20.012567,225,True,681.3026607955026,0,0.0
746440,3561,26.185784,225,True,902.6313765290683,2,0.0
746700,3562,22.541246,225,True,766.4498536742879,1,0.0
746928,3563,36.776262,225,True,1223.8504809658807,8,0.0
746980,3564,22.927585,225,True,797.9033903307936,0,0.0
747340,3565,31.737258,225,True,1071.8903066363146,5,0.0
747600,3566,35.096418,225,True,1156.656735038438,8,0.0
747828,3567,24.493822,225,True,860.552891788707,0,0.0
747880,3568,24.661261,225,True,867.2504317807786,0,0.0
748240,3569,22.14714,225,True,766.685604654449,0,0.0
748500,3570,22.462194,225,True,763.2877694933618,1,0.0
748728,3571,23.191432,225,True,792.457287740496,1,0.0
748780,3572,20.417122,225,True,697.4848880494362,0,0.0
749140,3573,31.967539,225,True,1117.9015444798151,3,0.0
749400,3574,30.221712,225,True,1055.2684960285796,3,0.0
749628,3575,27.78795,225,True,929.9180007430543,4,0.0
749680,3576,34.000901,225,True,1167.2360259503903,5,0.0
750040,3577,23.477586,225,True,787.9034254018998,2,0.0
750300,3578,23.427962,225,True,838.7184638829729,0,0.4
750528,3579,22.627273,225,True,788.2909375455174,1,0.0
750580,3580,31.554448,225,True,1118.1779011633648,4,1.5999999999999999
750940,3581,33.352205,225,True,1134.8882191263292,5,0.0
751200,3582,35.235936,225,True,1217.4374482892877,5,0.0
751428,3583,19.862258,225,True,675.2903379115928,0,0.0
751480,3584,33.656526,225,True,1171.0610296931445,4,0.0
751840,3585,24.874387,225,True,843.7754835022781,2,0.0
752100,3586,23.464591,225,True,819.3836360551402,0,0.0
752328,3587,29.631757,225,True,986.0702949237427,5,0.0
752380,3588,38.361408,225,True,1304.8563165011797,7,0.0
752740,3589,27.116716,225,True,971.8686378845293,0,0.0
753000,3590,34.59074,225,True,1264.4296190325263,4,0.0
753228,3591,29.727798,225,True,1045.9119381859352,3,0.0
753280,3592,24.633148,225,True,920.5259226374842,0,0.0
753640,3593,26.849397,225,True,890.7758967887469,4,0.0
753900,3594,31.730234,225,True,1062.0093468038062,6,0.0
754128,3595,26.776224,225,True,958.2489541585142,0,0.0
754180,3596,26.508102,225,True,925.1240840112546,1,0.0
754540,3597,20.658627,225,True,707.1450886185235,0,0.0
754800,3598,32.3455,225,True,1048.2199992393976,8,0.0
754908,3599,-7.678658,27,False,157.65366267762056,1,0.0
755028,3600,24.790333,225,True,920.4133251411131,1,1.2
755080,3601,36.274744,225,True,1267.7897788389478,4,0.0
755440,3602,23.365226,225,True,783.409020121017,2,0.0
755808,3603,29.169704,225,True,973.9881699332027,5,0.0
755928,3604,22.12209,225,True,749.6836018006186,1,0.0
755980,3605,26.547686,225,True,939.507448144549,3,1.5999999999999999
756340,3606,26.259145,225,True,899.165781834469,2,0.0
756708,3607,22.201949,225,True,768.8779422675227,0,0.0
756828,3608,22.952901,225,True,798.9160425085884,0,0.0
756880,3609,21.716195,225,True,749.447795405601,0,0.0
757240,3610,35.41268,225,True,1250.907191508616,3,0.0
757608,3611,31.786441,225,True,1115.4576331592784,4,1.0
757728,3612,35.807524,225,True,1249.9009652627915,4,0.0
757780,3613,28.603349,225,True,1025.733941312129,0,0.0
758140,3614,27.482462,225,True,994.4984728972433,1,0.0
758508,3615,28.418007,225,True,921.5202806192838,6,0.0
758628,3616,27.362829,225,True,1010.5131589733883,0,0.0
758680,3617,29.89949,225,True,1014.3796152629552,4,0.0
759040,3618,27.683271,225,True,1000.9308585237243,0,0.0
759408,3619,30.434276,225,True,1051.771053587002,3,0.0
759528,3620,34.150739,225,True,1194.029541282253,4,0.4
759580,3621,22.731284,225,True,774.0513554259146,1,0.0
759940,3622,30.372355,225,True,1047.6942153980071,3,0.0
760112,3623,-2.40951,133,False,450.0196111310911,0,1.2
760308,3624,31.021866,225,True,1025.6746288197437,6,0.0
760428,3625,24.07167,225,True,856.4667966322788,0,0.0
760840,3626,21.525598,225,True,741.8239375089724,0,0.0
761012,3627,27.908764,225,True,989.1505749124497,1,0.0
761208,3628,26.533202,225,True,926.1280744873168,1,0.0
761328,3629,29.416597,225,True,993.4638884755116,4,0.0
761740,3630,32.480383,225,True,1074.4153294427547,7,0.2
761912,3631,23.926684,225,True,821.8673764170894,1,0.0
762108,3632,38.557052,225,True,1327.082079975653,6,0.0
762212,3633,6.10348,118,False,678.5392093154078,3,0.0
762228,3634,31.446936,225,True,1106.6774465474778,2,0.0
762812,3635,29.029051,225,True,961.9620436272319,5,0.0
763008,3636,36.719715,225,True,1298.3886018341395,5,0.2
763016,3637,10.70602,201,False,951.4408107413653,2,1.4
763128,3638,28.875536,225,True,955.8214209467658,5,0.0
763712,3639,28.722223,225,True,1013.6889059044931,1,0.0
763908,3640,29.622516,225,True,1019.3006490069117,3,0.0
763916,3641,32.92657,225,True,1130.6628003347064,5,0.2
764028,3642,33.864915,225,True,1121.796584328798,8,0.6000000000000001
764108,3643,-5.185984,50,False,293.3606357138217,1,1.0
764612,3644,27.559576,225,True,919.1830460471481,6,0.4
764816,3645,21.902146,225,True,747.2858298871463,1,0.0
764928,3646,28.093215,225,True,974.1286105017305,4,1.4
765008,3647,29.222324,225,True,1001.6929519018997,3,0.0
765512,3648,35.07109,225,True,1179.6436101169124,8,1.0
765716,3649,36.626477,225,True,1251.4590872690887,6,0.0
765776,3650,11.208267,212,False,966.7306626359352,1,2.1999999999999997
765908,3651,22.127131,225,True,765.8852408148614,0,0.0
766412,3652,29.104315,225,True,1036.97261369119,1,0.0
766616,3653,31.387057,225,True,1073.8822805241725,4,0.0
766676,3654,22.369514,225,True,775.5805684231227,0,0.0
766808,3655,23.035196,225,True,786.207857360517,1,0.0
767308,3656,6.320038,158,False,788.8015328911395,1,0.0
767312,3657,22.486892,225,True,842.6756674889946,2,1.7999999999999998
767516,3658,24.359665,225,True,823.1866001452738,2,0.0
767708,3659,23.654427,225,True,815.7770705547928,1,0.2
768208,3660,26.935724,225,True,894.2289681979944,4,0.0
768212,3661,25.869407,225,True,915.57627448068,0,0.0
768416,3662,35.570062,225,True,1225.202472998497,5,0.0
768608,3663,26.794304,225,True,958.9721795249616,0,0.0
769108,3664,26.379518,225,True,903.9807395296398,2,0.0
769112,3665,31.915355,225,True,1125.4142144117127,2,0.0
769316,3666,36.972196,225,True,1256.4878468709117,7,0.0
769508,3667,36.606607,225,True,1240.2642673252599,7,0.0
770008,3668,32.036339,225,True,1104.65356867961,4,0.0
770012,3669,34.860957,225,True,1196.8382954287945,5,0.0
770088,3670,11.15763,193,False,918.3052139478573,1,0.0
770408,3671,29.436648,225,True,1039.065911071064,3,0.8
770908,3672,30.002022,225,True,1072.0808969540244,1,0.0
770912,3673,28.988751,225,True,1024.3500255453746,1,0.0
770988,3674,26.836753,225,True,906.2701337475069,3,0.0
771308,3675,26.752878,225,True,950.1151213523376,2,0.0
771808,3676,24.324836,225,True,868.193458094998,0,0.6000000000000001
771812,3677,33.79889,225,True,1212.7556132128825,2,0.0
771888,3678,20.877648,225,True,715.9059174463389,0,0.0
772208,3679,28.437899,225,True,986.3159455965024,2,0.0
772708,3680,26.338493,225,True,967.9397193242378,2,1.9999999999999998
772712,3681,37.113095,225,True,1261.3237975102425,8,0.0
772788,3682,29.500688,225,True,1035.22752725725,2,0.0
773108,3683,21.325512,225,True,733.8204763851077,0,0.0
773608,3684,29.233438,225,True,981.3375098698152,5,0.2
773612,3685,21.348935,225,True,734.7573939185456,0,0.0
773688,3686,24.549419,225,True,830.7767760996812,2,0.0
774008,3687,35.410834,225,True,1207.6333517040507,7,0.4
774508,3688,23.141498,225,True,774.4599093379591,2,0.0
774512,3689,32.131823,225,True,1156.4729161115865,1,0.0
774588,3690,33.174857,225,True,1142.994283293644,6,1.0
774908,3691,36.876242,225,True,1261.4496710066715,7,0.4
775120,3692,-4.249669,53,False,312.41324686851567,0,0.0
775408,3693,39.024692,225,True,1328.1876888891234,8,0.0
775412,3694,22.426945,225,True,777.877814842213,0,0.0
775488,3695,30.512559,225,True,1016.5023767945813,9,2.4
776020,3696,33.030201,225,True,1173.2080531405372,3,0.0
776308,3697,31.742514,225,True,1054.5005498041864,6,0.0
776312,3698,33.438095,225,True,1122.323797164836,6,0.0
776388,3699,31.271433,225,True,1046.8573174780925,9,2.1999999999999997
776920,3700,32.160723,225,True,1071.2289142341074,6,0.0
777208,3701,36.747757,225,True,1270.7102890145306,5,0.0
777212,3702,27.647096,225,True,940.2838204660052,3,0.0
777288,3703,27.859303,225,True,972.7721018062721,3,0.6000000000000001
777820,3704,23.808304,225,True,801.1321516938444,2,0.0
778108,3705,28.727428,225,True,967.4971161662579,4,0.0
778112,3706,26.723107,225,True,935.3242869858241,2,0.0
778164,3707,7.513097,219,False,806.1238616128048,0,0.0
778720,3708,27.681441,225,True,908.0576295281583,5,0.0
779008,3709,22.319439,225,True,757.5775559642439,1,0.0
779012,3710,36.354003,225,True,1206.9601084415503,8,0.0
779064,3711,29.049945,225,True,978.7977846060189,4,0.0
779620,3712,29.945432,225,True,1046.6172775192558,3,0.0
779908,3713,25.80222,225,True,912.8888057429151,0,0.0
779912,3714,34.740724,225,True,1192.0289756115494,5,0.0
779964,3715,21.209343,225,True,740.3737144981039,0,0.2
780520,3716,25.119644,225,True,947.9857539456077,2,3.600000000000001
780808,3717,24.306423,225,True,870.6569357489261,0,0.0
780812,3718,23.36593,225,True,815.4372181919766,0,0.0
780864,3719,32.032982,225,True,1082.1192839040255,5,0.0
781420,3720,32.83612,225,True,1130.2448109377488,4,0.0
781708,3721,24.894912,225,True,867.7964816968711,1,0.0
781712,3722,28.590287,225,True,992.4114980819802,2,0.0
781764,3723,21.567325,225,True,743.4930057176407,0,0.0
782320,3724,34.542207,225,True,1224.0882688008264,4,0.0
782608,3725,22.651952,225,True,783.6780873503724,2,1.2
782612,3726,20.468534,225,True,699.5413688649007,0,0.0
782664,3727,35.820167,225,True,1221.6066689448057,7,0.0
783220,3728,32.816156,225,True,1153.4462347934964,5,0.6000000000000001
783508,3729,23.160471,225,True,791.218856771563,1,0.0
783512,3730,24.639769,225,True,840.7907433880139,2,0.0
783564,3731,30.241741,225,True,1076.069638358838,1,0.0
783868,3732,-2.229828,90,False,371.6068934054508,2,0.2
784120,3733,34.694824,225,True,1223.7929723560815,4,0.0
784412,3734,24.263784,225,True,851.3513430639755,0,0.0
784464,3735,30.980854,225,True,1080.034156146814,3,0.0
784768,3736,29.7397,225,True,1041.58799794648,2,0.0
785020,3737,24.107099,225,True,829.083966733926,1,0.0
785312,3738,24.811209,225,True,873.2483713878044,0,0.0
785364,3739,26.549181,225,True,939.5672478478823,1,0.0
785668,3740,24.347337,225,True,854.6934712692203,0,0.0
785920,3741,34.402678,225,True,1152.9071083578897,7,0.0
785984,3742,-2.68384,79,False,371.84640134449114,2,1.0
786212,3743,26.537073,225,True,926.2829026758725,1,0.0
786264,3744,23.071153,225,True,787.6461123803231,1,0.0
786820,3745,36.162454,225,True,1253.6981464644164,5,0.0
786884,3746,27.931483,225,True,929.2593181286011,5,0.0
787112,3747,26.15193,225,True,894.8772172660235,2,0.0
787164,3748,26.570534,225,True,881.2213466723761,4,0.0
787720,3749,34.142388,225,True,1185.695537201323,5,0.0
787784,3750,26.520412,225,True,925.6164858329662,1,0.0
788012,3751,35.642827,225,True,1189.7130852189289,8,0.4
788064,3752,21.9208,225,True,762.4320085831773,0,0.2
788376,3753,4.944165,148,False,684.9666001314281,2,1.5999999999999999
788620,3754,28.833212,225,True,1005.3284915479503,2,0.0
788912,3755,33.61588,225,True,1167.8352081389594,4,0.0
788920,3756,6.335484,136,False,712.619372370069,3,0.0
788964,3757,23.578728,225,True,791.9491306299583,2,0.0
789520,3758,24.880839,225,True,858.4335501972303,2,0.0
789556,3759,0.91797,148,False,623.1187937027107,2,0.2
789812,3760,25.466984,225,True,955.4793732977394,2,2.6
789820,3761,26.965271,225,True,917.8108265904414,3,0.0
790420,3762,36.144152,225,True,1236.9660859409746,6,0.0
790456,3763,23.470874,225,True,818.0349441334065,2,1.2
790616,3764,-6.065395,49,False,289.384209073394,0,0.0
790712,3765,31.492369,225,True,1122.8947589298532,5,0.8
790720,3766,28.187821,225,True,1000.3128403626984,1,0.0
791356,3767,32.90369,225,True,1164.9476059119374,2,0.0
791516,3768,26.021716,225,True,902.468635896814,2,0.0
791612,3769,24.380374,225,True,841.6149409946354,2,0.0
791620,3770,33.021264,225,True,1158.450563587,5,0.0
792256,3771,23.708818,225,True,881.95272036342,0,0.0
792416,3772,23.866228,225,True,819.4491180822349,1,0.0
792512,3773,25.504963,225,True,891.3985115295425,1,0.0
792520,3774,26.357454,225,True,947.8981687923917,0,0.0
793156,3775,25.374166,225,True,858.966625956446,3,0.0
793316,3776,32.351604,225,True,1194.8641756238162,3,0.6000000000000001
793412,3777,32.076486,225,True,1131.8594398722885,2,0.0
793420,3778,33.577866,225,True,1174.3146332825027,4,0.0
793904,3779,4.417947,123,False,638.3178698121185,3,0.4
794056,3780,25.160062,225,True,887.2024963487843,0,0.0
794216,3781,28.350827,225,True,989.2330723818641,2,0.0
794320,3782,28.549124,225,True,1046.7649610583553,0,0.0
794804,3783,26.681352,225,True,915.2540754930856,5,0.0
794956,3784,36.840656,225,True,1229.6262212377983,8,0.0
795116,3785,38.2139,225,True,1343.7559835999482,5,0.0
795220,3786,24.682207,225,True,852.0882671001743,1,0.0
795704,3787,30.060639,225,True,1041.6255519525216,3,0.0
795856,3788,25.392913,225,True,880.5165113041382,1,0.0
796016,3789,22.458821,225,True,807.952849784796,0,1.2
796120,3790,23.652341,225,True,794.8936488896302,2,0.0
796604,3791,22.40288,225,True,783.3152040521595,0,0.0
796756,3792,36.765613,225,True,1250.6245224304485,9,0.4
796916,3793,35.124215,225,True,1157.7685808924248,8,0.0
797020,3794,22.482581,225,True,845.7032541717733,2,4.000000000000001
797504,3795,30.523638,225,True,1055.34550927001,3,0.0
797656,3796,25.297266,225,True,943.8906495410456,0,0.4
797816,3797,29.84781,225,True,1055.512402634895,2,0.0
797920,3798,24.085459,225,True,861.8183537048703,2,1.7999999999999998
797968,3799,5.880666,116,False,670.4266493056716,3,0.0
798556,3800,25.960774,225,True,887.2309557212864,2,0.0
798716,3801,30.678792,225,True,1131.9516994292394,1,0.0
798820,3802,24.741638,225,True,888.0655301032848,0,0.0
798868,3803,21.450528,225,True,756.4211116772162,0,0.2
799456,3804,28.355312,225,True,1015.0124798374602,0,0.0
799616,3805,24.393582,225,True,840.5432994515727,1,0.0
799720,3806,29.296731,225,True,1043.0692457453347,1,0.0
799768,3807,22.346397,225,True,765.0558801913473,1,0.0
799804,3808,-9.700623,21,False,121.57507771365431,0,1.2
800356,3809,33.067985,225,True,1139.519402621162,4,0.0
800516,3810,32.470089,225,True,1126.8035530792326,4,0.4
800556,3811,14.430124,188,False,1014.8049674630017,5,1.2
800668,3812,22.126961,225,True,765.8784556105609,0,0.0
801092,3813,10.870748,184,False,862.8299128061685,8,2.4
801416,3814,22.240772,225,True,770.4308615335503,0,0.0
801456,3815,37.026416,225,True,1266.6566479176854,6,0.0
801568,3816,29.392543,225,True,1042.1017216936752,3,0.0
801992,3817,34.331016,225,True,1242.8406545175494,5,0.4
802316,3818,25.254568,225,True,890.9827262870592,0,0.0
802356,3819,24.856557,225,True,955.0622897437811,0,0.0
802468,3820,29.919732,225,True,1109.589272119138,2,0.6000000000000001
802892,3821,32.636669,225,True,1205.4667712807045,3,1.2
803216,3822,29.454895,225,True,1058.9958070837847,0,0.0
803256,3823,28.002821,225,True,1004.1128597197485,2,0.0
803368,3824,31.85057,225,True,1090.822794963687,4,0.0
803792,3825,29.194002,225,True,1032.5600953750056,1,0.0
803932,3826,7.7569,169,False,774.2759847208006,2,0.0
804116,3827,24.28017,225,True,836.0067825259825,1,0.0
804268,3828,26.247941,225,True,930.7176517495207,0,0.0
804692,3829,33.856267,225,True,1210.2506640782885,2,0.0
804832,3830,26.883023,225,True,908.1209350813599,3,0.0
805016,3831,37.670465,225,True,1337.2185973357678,6,0.8
805168,3832,24.347534,225,True,838.7013497365967,1,0.0
805592,3833,32.284406,225,True,1124.1762474455704,3,0.0
805732,3834,33.904259,225,True,1124.9703409597882,7,0.0
805916,3835,32.90793,225,True,1165.1172037300425,2,0.0
806068,3836,26.434843,225,True,890.1937278509015,3,0.0
806492,3837,29.764759,225,True,1023.3903693243419,3,0.0
806632,3838,24.553088,225,True,862.9235302713994,0,0.0
806816,3839,20.760015,225,True,711.2005909161489,0,0.0
806968,3840,25.890562,225,True,916.4224674527911,0,0.0
807288,3841,0.0472,80,False,465.8879983113934,3,1.0
807392,3842,23.123643,225,True,828.1457068583252,1,0.6000000000000001
807532,3843,27.991008,225,True,952.4403312129343,3,0.0
807716,3844,26.0598,225,True,905.5920175480312,5,1.4
808188,3845,33.427214,225,True,1142.688542266445,6,0.0
808292,3846,29.508112,225,True,1046.7244647932596,3,0.8
808432,3847,28.213271,225,True,961.3308316206364,3,0.0
808616,3848,28.189402,225,True,1005.1760829448094,1,0.0
809088,3849,30.646924,225,True,1116.276970131707,2,0.2
809192,3850,28.633825,225,True,1003.7530092473014,3,0.6000000000000001
809332,3851,27.418317,225,True,951.9326982384741,3,0.6000000000000001
809516,3852,22.502488,225,True,804.899522298608,0,0.0
809988,3853,30.952797,225,True,1118.9118946025064,0,0.0
810092,3854,31.60011,225,True,1080.8043874834261,4,0.0
810168,3855,-10.092267,19,False,105.90933421327213,0,1.2
810232,3856,32.552197,225,True,1118.0878982075765,9,2.1999999999999997
810416,3857,27.769635,225,True,997.9853821900258,0,0.0
810888,3858,29.077303,225,True,1056.6921233949015,0,0.0
811068,3859,27.513095,225,True,965.3238063186302,1,0.0
811132,3860,29.098445,225,True,1012.7378057747037,2,0.0
811316,3861,23.764044,225,True,810.5617551352404,2,0.4
811380,3862,-4.802136,78,False,334.31455280131763,0,1.5999999999999999
811788,3863,21.610924,225,True,729.2369418140302,1,0.0
812032,3864,21.140076,225,True,726.4030444223299,0,0.0
812216,3865,25.225034,225,True,931.4013687464926,1,1.2
812280,3866,23.392036,225,True,802.0814520658084,1,0.0
812688,3867,31.481706,225,True,1140.0682444730387,0,0.0
812932,3868,33.685962,225,True,1149.8384912037445,5,0.0
813116,3869,40.034406,225,True,1322.1762464296426,10,0.0
813180,3870,24.725742,225,True,865.0296622130245,1,0.0
813588,3871,37.140114,225,True,1286.4045632709808,5,0.0
813832,3872,24.529805,225,True,829.9921972527336,2,0.0
814016,3873,27.230331,225,True,954.0132347859108,1,0.0
814080,3874,26.896152,225,True,956.6460809987959,0,0.0
814488,3875,32.548763,225,True,1139.5505170689476,5,1.2
814732,3876,25.816945,225,True,881.477808932435,2,0.0
814916,3877,25.286317,225,True,893.8526893141604,1,0.0
814980,3878,26.668278,225,True,904.3311190613524,3,0.2
815248,3879,-3.964016,83,False,371.83937328601974,0,0.6000000000000001
815388,3880,26.739009,225,True,934.3603632610821,1,0.0
815632,3881,29.094202,225,True,1036.5680604051552,1,0.0
815880,3882,27.882819,225,True,1028.1127741609653,3,1.7999999999999998
815948,3883,-10.297715,17,False,95.29138349735467,0,0.4
816148,3884,37.114781,225,True,1270.9912577008204,6,0.0
816288,3885,26.165899,225,True,933.8359764303243,1,0.4
816532,3886,31.119662,225,True,1106.386463988992,2,0.0
816848,3887,23.104654,225,True,788.9861424111966,1,0.0
817048,3888,28.464241,225,True,987.3696435949469,2,0.0
817188,3889,23.625402,225,True,822.6160796381787,1,0.0
817432,3890,33.507685,225,True,1189.9073986654485,5,0.4
817748,3891,33.4631,225,True,1160.123988976411,4,0.2
817948,3892,23.800938,225,True,816.8375319714348,1,0.0
818088,3893,35.804003,225,True,1200.9601086611042,7,0.0
818332,3894,38.812001,225,True,1332.4800283046488,7,0.4
818648,3895,22.415356,225,True,777.4142206105689,0,0.0
818848,3896,30.027897,225,True,1086.7158991365918,6,3.600000000000001
818988,3897,28.777645,225,True,1003.9058061103128,3,0.8
819232,3898,29.587647,225,True,1067.5058767928967,1,0.0
819548,3899,22.363048,225,True,764.1219051226906,1,0.2
819748,3900,31.9788,225,True,1108.7520124301122,6,0.8
819888,3901,27.452214,225,True,976.4885612328346,1,0.0
820088,3902,0.369988,135,False,533.9995299420839,0,0.6000000000000001
820132,3903,25.469142,225,True,867.5656981716706,2,0.0
820648,3904,37.330921,225,True,1271.6368506721992,7,0.4
820788,3905,38.164142,225,True,1311.3656965175765,6,0.0
820988,3906,26.899836,225,True,924.7934249188263,2,0.0
821032,3907,32.144105,225,True,1102.564186274933,4,0.0
821548,3908,21.675211,225,True,747.8084340683426,0,0.0
821672,3909,6.77294,160,False,777.3175884179434,3,3.0000000000000004
821688,3910,33.493807,225,True,1060.5522642915985,10,0.0
821752,3911,-4.339411,51,False,286.42357942278,2,0.2
821888,3912,25.393348,225,True,832.5339336966874,4,0.0
822572,3913,24.513091,225,True,861.3236225813407,0,0.0
822588,3914,23.041757,225,True,802.4702771984773,0,0.0
822652,3915,22.182428,225,True,788.897117573993,0,0.6000000000000001
822788,3916,29.424113,225,True,993.7645239941814,4,0.0
822872,3917,-4.745352,75,False,324.58591626126326,1,1.7999999999999998
823488,3918,37.667087,225,True,1315.483496962309,5,0.0
823552,3919,30.371639,225,True,1082.86554023191,2,0.0
823688,3920,23.396691,225,True,816.6676587688937,0,0.0
823772,3921,23.161092,225,True,807.243683525679,0,0.0
823812,3922,-2.980301,65,False,378.38794952425815,2,1.0
824388,3923,23.662427,225,True,795.2970745122018,2,0.0
824588,3924,23.546842,225,True,795.4736917291602,2,0.2
824672,3925,30.971105,225,True,1057.2442139265522,4,0.0
824712,3926,25.997304,225,True,888.6921720739242,2,0.0
825288,3927,28.844452,225,True,1037.7780737939647,3,1.7999999999999998
825488,3928,30.570495,225,True,1039.6197852111784,4,0.0
825572,3929,24.87677,225,True,859.8708078499933,1,0.0
825576,3930,-9.166453,22,False,120.54186864028702,0,0.0
825612,3931,28.682304,225,True,981.6921474424832,3,0.0
826188,3932,20.304643,225,True,692.9857140001116,0,0.0
826472,3933,28.417289,225,True,1042.2915586925733,4,3.400000000000001
826476,3934,30.602594,225,True,1088.903751358629,1,0.0
826512,3935,30.084515,225,True,1004.180594473029,5,0.0
827088,3936,23.133091,225,True,839.7236234491443,0,1.4
827372,3937,31.294912,225,True,1052.596466115131,5,0.0
827376,3938,32.327669,225,True,1141.9067415153809,2,0.0
827412,3939,22.287796,225,True,761.1118241386116,2,0.6000000000000001
827988,3940,28.240496,225,True,978.419838701346,2,0.0
828072,3941,10.027774,175,False,849.9109554563934,4,0.8
828276,3942,25.077231,225,True,880.6892464189166,1,0.0
828312,3943,30.231962,225,True,1042.078468716053,3,0.0
828888,3944,29.643313,225,True,970.5325121866915,6,0.0
828972,3945,27.258746,225,True,955.1498504250794,1,0.0
829176,3946,24.425085,225,True,841.8034063477205,1,0.0
829212,3947,25.270707,225,True,875.6282891441376,1,0.0
829788,3948,23.907428,225,True,821.0971325736255,1,0.0
829872,3949,31.979983,225,True,1111.9993055050718,3,0.0
830076,3950,34.412553,225,True,1150.1021210508984,8,0.8
830112,3951,26.327984,225,True,885.9193506110366,3,0.0
830336,3952,3.322568,137,False,620.1027189093709,2,1.5999999999999999
830772,3953,29.242055,225,True,1040.882184157855,1,0.0
830976,3954,35.556064,225,True,1255.0425447190269,3,0.0
831012,3955,32.988116,225,True,1205.124631952047,5,3.2000000000000006
831236,3956,27.10112,225,True,916.844794644199,3,0.0
831672,3957,26.426494,225,True,937.8597695563444,0,0.0
831876,3958,22.438784,225,True,799.1513691164589,0,0.4
831912,3959,33.8647,225,True,1184.1879831155948,4,0.0
832136,3960,24.274393,225,True,851.775738772305,0,0.0
832572,3961,25.11341,225,True,885.3364121987458,0,0.0
832776,3962,24.592502,225,True,877.3000662898069,1,0.6000000000000001
832812,3963,29.252912,225,True,1034.9164780644705,1,0.0
833036,3964,34.732173,225,True,1207.6869354018113,4,0.0
833472,3965,23.966859,225,True,852.274356135654,4,1.7999999999999998
833676,3966,32.099259,225,True,1084.7703536318832,5,0.0
833712,3967,32.528709,225,True,1101.9483628900407,5,0.0
833936,3968,26.269718,225,True,944.3887271321305,3,2.1999999999999997
834372,3969,32.751364,225,True,1126.8545739903184,4,0.0
834576,3970,29.905933,225,True,981.0373033778626,6,0.0
834612,3971,31.276282,225,True,1115.8512813758102,1,0.0
834836,3972,33.529526,225,True,1157.9810478377167,4,0.0
835272,3973,23.322828,225,True,797.71313730256,1,0.0
835476,3974,31.159031,225,True,1015.9612429057347,7,0.0
835512,3975,23.387209,225,True,816.2883769975638,0,0.0
835736,3976,34.544865,225,True,1192.1946165714453,6,0.0
836172,3977,26.442847,225,True,928.9138798074109,2,0.4
836376,3978,25.123592,225,True,869.7436800172386,1,0.0
836412,3979,34.415663,225,True,1211.026516789283,3,0.0
836636,3980,32.18887,225,True,1040.354780431723,8,0.0
837072,3981,24.158588,225,True,847.143501675082,0,0.0
837276,3982,32.883027,225,True,1148.121094558152,3,0.0
837312,3983,25.074073,225,True,866.1629145731793,2,0.6000000000000001
837536,3984,31.521865,225,True,1146.4746149472721,4,1.9999999999999998
837972,3985,34.850361,225,True,1211.6144302991133,4,0.0
838176,3986,26.27029,225,True,931.6116198667046,0,0.0
838212,3987,22.112244,225,True,749.2897486674976,1,0.0
838432,3988,10.554031,224,False,892.5612597575703,3,0.0
838872,3989,35.410934,225,True,1234.837363104939,5,0.0
839076,3990,25.707611,225,True,881.9044589623891,2,0.2
839112,3991,29.139501,225,True,1014.3800214517557,2,0.0
839332,3992,23.162065,225,True,791.2825952100186,1,0.0
839772,3993,34.040965,225,True,1200.8386061308279,3,0.0
839976,3994,29.716161,225,True,1053.4464406279294,1,0.0
840012,3995,38.317806,225,True,1331.912243048148,7,0.2
840232,3996,31.753957,225,True,1070.9582698091886,5,0.0
840672,3997,31.141989,225,True,1068.879567490323,4,0.0
840776,3998,0.200757,136,False,480.0302694117563,1,0.0
840876,3999,26.611159,225,True,913.2463769040664,2,0.0
840912,4000,22.118566,225,True,765.5426327218611,0,0.0
841572,4001,31.818087,225,True,1073.523498078605,5,0.0
841676,4002,28.532134,225,True,1022.0853435572865,0,0.0
841776,4003,34.82267,225,True,1235.3067969260633,4,1.0
841812,4004,21.441972,225,True,738.478864075016,0,0.0
842472,4005,21.321418,225,True,733.6567078303808,0,0.0
842576,4006,35.256675,225,True,1243.0670099329877,3,0.0
842676,4007,30.714603,225,True,1109.3841364047871,0,0.0
842712,4008,34.307207,225,True,1205.088295534155,3,0.0
843372,4009,28.233168,225,True,946.1267188834233,4,0.0
843476,4010,29.038271,225,True,1010.3308270760056,2,0.0
843576,4011,21.533273,225,True,742.1309350946533,0,0.0
843612,4012,21.391683,225,True,720.4673252257089,1,0.0
844272,4013,22.407764,225,True,777.110576538968,0,0.0
844376,4014,23.739359,225,True,798.374341251221,2,0.0
844476,4015,20.202419,225,True,688.8967746722417,0,0.0
844512,4016,29.200899,225,True,1061.63595856322,2,1.7999999999999998
845172,4017,28.481117,225,True,1020.0446973069099,0,0.0
845276,4018,28.85405,225,True,954.9619804795793,5,0.0
845376,4019,27.319275,225,True,968.7710056311018,1,0.0
845412,4020,22.429015,225,True,761.9605882378687,1,0.0
846072,4021,30.931095,225,True,1071.6438074532248,4,0.0
846176,4022,31.990606,225,True,1112.4242213305101,3,0.0
846276,4023,36.793211,225,True,1240.528442958867,7,0.0
846312,4024,23.242682,225,True,816.9072630595545,0,0.0
846972,4025,24.797211,225,True,872.6884404690561,0,0.0
847076,4026,33.099991,225,True,1124.799634594263,5,0.0
847176,4027,24.159749,225,True,847.1899675176383,0,0.0
847212,4028,32.130203,225,True,1054.008101084842,7,0.0
847872,4029,25.087406,225,True,908.296225289603,0,0.0
847976,4030,23.282559,225,True,812.1023431421229,0,0.0
848076,4031,34.22215,225,True,1201.6860107118346,3,0.0
848112,4032,25.201641,225,True,861.6656250960591,2,0.2
848132,4033,-6.302266,39,False,228.70934626919802,0,0.0
848772,4034,30.380787,225,True,1064.031471420848,2,0.0
848976,4035,25.254926,225,True,881.3970224054597,1,0.0
849012,4036,26.933716,225,True,926.1486389873994,2,0.0
849032,4037,25.319344,225,True,877.573778478622,1,0.0
849672,4038,38.995082,225,True,1330.2032841524638,7,0.0
849876,4039,29.361655,225,True,1047.266217248081,4,1.7999999999999998
849912,4040,26.388609,225,True,1019.5443427842922,2,4.800000000000002
849932,4041,29.167241,225,True,1015.4896398924541,2,0.0
850544,4042,15.854467,218,False,1054.1786773402282,8,2.8000000000000003
850776,4043,20.822258,225,True,728.0903219720158,0,0.6000000000000001
850812,4044,31.127699,225,True,1057.9079628941554,8,1.9999999999999998
850832,4045,26.09002,225,True,966.000804188229,1,2.4
851444,4046,27.761424,225,True,975.2569544347527,1,0.0
851676,4047,26.64876,225,True,914.7504070853856,2,0.0
851712,4048,25.41712,225,True,897.4848051889344,0,0.0
851732,4049,28.335673,225,True,950.2269295547537,4,0.0
852344,4050,31.359461,225,True,1087.1784285318972,3,0.0
852576,4051,33.307095,225,True,1117.0838135022818,6,0.0
852612,4052,32.297104,225,True,1108.6841708333832,4,0.0
852632,4053,28.696063,225,True,998.242504758954,2,0.0
853244,4054,27.048631,225,True,946.7452350492179,1,0.0
853476,4055,28.830871,225,True,1018.03484856155,1,0.0
853512,4056,24.730951,225,True,854.038029355502,1,0.0
853532,4057,30.856592,225,True,1114.2636755768071,5,2.8000000000000003
854144,4058,28.901259,225,True,1004.850358028755,2,0.0
854376,4059,21.785623,225,True,752.2249042102037,0,0.0
854412,4060,23.414452,225,True,810.9780773168875,2,1.0
854432,4061,22.597774,225,True,834.3109694772186,0,1.7999999999999998
855044,4062,25.838718,225,True,898.3487177064073,1,0.0
855276,4063,21.873107,225,True,755.7242830349928,0,0.0
855312,4064,33.774408,225,True,1103.7763048861966,8,0.0
855332,4065,28.202015,225,True,944.8806184160001,4,0.0
855944,4066,23.007221,225,True,801.088838982577,0,0.0
856176,4067,36.592716,225,True,1257.3086346483224,6,0.0
856212,4068,28.257107,225,True,963.0842826139685,3,0.0
856232,4069,22.941235,225,True,782.4494013112137,1,0.0
856844,4070,24.970775,225,True,879.6310002810305,0,0.0
857076,4071,26.70592,225,True,949.0367879462747,0,0.0
857112,4072,27.65527,225,True,971.0108135438625,1,0.0
857132,4073,26.004835,225,True,872.9934133489344,3,0.0
857744,4074,33.289027,225,True,1148.3610694497602,4,0.0
857976,4075,28.501747,225,True,1004.8698991642786,1,0.0
858012,4076,33.885637,225,True,1157.8254764714206,5,0.0
858032,4077,23.476221,225,True,818.248825125363,1,0.6000000000000001
858644,4078,30.031878,225,True,1034.075103757407,3,0.0
858876,4079,21.735574,225,True,750.222957981694,0,0.0
858912,4080,29.986396,225,True,1016.2558587067144,4,0.0
858932,4081,32.905374,225,True,1155.4149402250428,3,0.2
859544,4082,31.290465,225,True,1119.6185929086314,2,0.0
859776,4083,27.214986,225,True,969.3994281856658,0,0.0
859812,4084,26.439735,225,True,922.3894198633714,1,0.0
859832,4085,26.303908,225,True,900.9563206980527,2,0.0
860444,4086,30.36024,225,True,1047.2096149764895,3,0.0
860676,4087,38.987495,225,True,1294.699812785103,10,0.0
860712,4088,31.121074,225,True,1079.2429487808786,3,0.0
860732,4089,27.540961,225,True,950.4384491886337,2,0.0
861344,4090,28.757551,225,True,1020.7020472612041,1,0.2
861576,4091,25.791334,225,True,885.2533408354677,2,0.2
861612,4092,27.914425,225,True,982.9769819634298,1,0.0
861632,4093,27.409372,225,True,969.1748875358719,2,1.0
862244,4094,26.809343,225,True,905.173708792647,3,0.0
862476,4095,33.37698,225,True,1167.8792084778597,3,0.0
862512,4096,30.557286,225,True,1039.8914556226343,4,0.0
862532,4097,24.965063,225,True,879.4025060086649,0,0.0
863144,4098,28.284389,225,True,980.1755415036102,2,0.0
863376,4099,29.235749,225,True,954.2299746103502,6,0.0
863412,4100,19.625411,225,True,665.816453560423,0,0.0
863432,4101,26.181901,225,True,964.8760447370314,3,1.7999999999999998
864044,4102,21.772709,225,True,767.7083612635956,0,0.4
864276,4103,34.012859,225,True,1145.3143589205524,6,0.0
864312,4104,31.45953,225,True,1107.1812102686426,2,0.0
864332,4105,32.997016,225,True,1120.6806533238137,5,0.0
864944,4106,24.063383,225,True,843.3353089370964,0,0.0
865176,4107,34.963064,225,True,1183.3225798643648,6,0.0
865180,4108,-3.73818,59,False,304.8728118853551,2,0.2
865212,4109,27.519275,225,True,970.3710044393604,2,0.0
865232,4110,34.114131,225,True,1149.3652457778967,6,0.0
866076,4111,30.939241,225,True,1054.3696370917392,4,0.0
866080,4112,21.461818,225,True,739.2727391897549,0,0.0
866112,4113,27.411483,225,True,934.0593010071414,3,0.2
866132,4114,26.15218,225,True,894.8871861005862,2,0.0
866976,4115,34.590596,225,True,1203.6238540569298,4,0.0
866980,4116,28.516335,225,True,973.4533925279939,3,0.0
867012,4117,21.222205,225,True,713.68821480628,1,0.0
867032,4118,20.879858,225,True,715.9943049276783,0,0.0
867876,4119,36.702446,225,True,1288.0978381218633,8,2.4
867880,4120,26.183538,225,True,880.1415290673185,3,0.0
867912,4121,31.394264,225,True,1024.5705410416192,7,0.0
867932,4122,22.948106,225,True,798.7242348604411,0,0.0
868776,4123,31.466414,225,True,1120.2565487673764,2,0.0
868780,4124,29.059761,225,True,1035.1904480560652,1,0.0
868812,4125,21.120542,225,True,725.6216787885826,0,0.0
868832,4126,26.746764,225,True,939.4705650356816,1,0.2
869676,4127,27.225194,225,True,969.8077614624408,0,0.0
869680,4128,25.984045,225,True,872.1618016144023,3,0.0
869712,4129,23.216016,225,True,809.4406229959507,0,0.0
869732,4130,33.401516,225,True,1165.6606412368856,4,0.0
870576,4131,27.38685,225,True,960.2739844804382,1,0.0
870580,4132,27.020668,225,True,950.4267203090976,3,0.0
870612,4133,27.560079,225,True,919.2031405687687,4,0.0
870632,4134,26.886815,225,True,956.2725923647097,0,0.0
871476,4135,29.836609,225,True,1042.2643642521118,2,0.0
871480,4136,31.187209,225,True,1078.6883634813048,4,0.0
871512,4137,28.553812,225,True,976.5524888008367,3,0.0
871532,4138,22.442667,225,True,778.5066863804839,0,0.0
872376,4139,21.454882,225,True,738.9952750032646,0,0.0
872380,4140,25.087814,225,True,884.3125412477577,0,0.0
872412,4141,21.998266,225,True,760.7306560404738,0,0.0
872432,4142,25.156099,225,True,855.0439413509355,2,0.0
873276,4143,33.317889,225,True,1133.515579593101,5,0.0
873280,4144,32.143866,225,True,1054.5546404540669,7,0.0
873312,4145,24.620936,225,True,849.6374278893652,1,0.0
873332,4146,35.540212,225,True,1240.0084911970048,4,0.0
874176,4147,36.273474,225,True,1232.5389545743815,7,0.0
874180,4148,26.619177,225,True,945.5670846949247,0,0.0
874212,4149,37.303703,225,True,1276.9481319770757,6,0.0
874232,4150,27.969015,225,True,935.5605817659998,4,0.0
875076,4151,37.1031,225,True,1236.9239825127274,8,0.0
875080,4152,35.427259,225,True,1220.2903725392453,5,0.0
875112,4153,31.611059,225,True,1065.2423461263215,5,0.0
875132,4154,30.398568,225,True,1016.742715698005,5,0.0
875976,4155,22.852756,225,True,762.9102470675055,2,0.0
875980,4156,32.098958,225,True,1164.7583375874065,0,0.0
876012,4157,25.067709,225,True,949.1083535013233,1,3.400000000000001
876032,4158,25.226499,225,True,873.8599462235277,1,0.0
876876,4159,36.042075,225,True,1266.4830089040242,4,0.0
876880,4160,27.579281,225,True,935.9712516042571,3,0.0
876912,4161,23.318777,225,True,797.5510832493144,1,0.0
876932,4162,21.394931,225,True,736.597222550527,0,0.0
877776,4163,35.003211,225,True,1152.928443563901,8,0.0
877780,4164,33.29203,225,True,1210.8812037820817,4,2.1999999999999997
877812,4165,23.421617,225,True,817.664660134725,0,0.0
877832,4166,22.573315,225,True,767.7326116612251,1,0.0
878676,4167,27.279364,225,True,939.9745695869913,2,0.0
878680,4168,27.215447,225,True,969.4178601216352,0,0.0
878712,4169,26.297408,225,True,868.69632893845,4,0.0
878732,4170,26.342902,225,True,934.5160819501918,0,0.0
879576,4171,32.882268,225,True,1100.0907267498478,6,0.0
879580,4172,38.835342,225,True,1306.2136601991865,8,0.0
879612,4173,31.512204,225,True,1070.8881538790315,6,1.0
879624,4174,20.120725,223,False,1224.0289819247555,5,0.2
880476,4175,25.079524,225,True,883.9809649090428,0,0.0
880480,4176,36.104131,225,True,1260.9652457338489,4,0.0
880512,4177,24.936123,225,True,878.24490557839,0,0.0
880524,4178,22.657417,225,True,871.8966930313914,1,4.200000000000001
881376,4179,29.874954,225,True,1074.198142993544,1,0.0
881380,4180,23.71724,225,True,829.4895822103113,0,0.0
881412,4181,23.602049,225,True,831.2819600814653,2,1.5999999999999999
881424,4182,27.548831,225,True,966.7532369262451,1,0.0
882212,4183,13.903912,208,False,1072.1564981847287,4,3.800000000000001
882276,4184,25.319092,225,True,893.5636860295365,0,0.0
882312,4185,26.719044,225,True,933.5617790883916,1,0.0
882324,4186,25.916257,225,True,869.4502699292541,3,0.0
883112,4187,37.942493,225,True,1288.0997025181946,7,0.0
883176,4188,27.439542,225,True,946.3816661202848,2,0.0
883212,4189,28.716201,225,True,1000.6480418895167,4,1.2
883224,4190,36.861277,225,True,1244.8510948667458,7,0.0
884012,4191,29.838332,225,True,978.3332752438998,6,0.0
884076,4192,30.707412,225,True,1093.0964987935376,1,0.0
884112,4193,24.861004,225,True,859.2401718387821,1,0.0
884124,4194,23.205958,225,True,793.0383167766154,1,0.0
884912,4195,28.70051,225,True,1005.6204095284645,2,0.0
884976,4196,27.327251,225,True,893.8900299861214,5,0.0
885012,4197,22.898197,225,True,780.727866033794,1,0.0
885024,4198,27.163736,225,True,957.7494576468405,1,0.0
885812,4199,33.001411,225,True,1143.2564468516716,4,0.0
885876,4200,30.235684,225,True,1059.8273603655957,3,0.0
885912,4201,30.543962,225,True,1006.5584817095375,6,0.0
885924,4202,26.326804,225,True,917.8721721265101,1,0.0
886712,4203,24.484505,225,True,844.1801965022021,1,0.0
886776,4204,24.540317,225,True,814.4126879350838,3,0.0
886812,4205,25.680333,225,True,866.4133000186973,3,0.0
886824,4206,23.632466,225,True,794.0986237478521,2,0.0
887612,4207,22.361894,225,True,759.2757553572735,1,0.0
887676,4208,29.21314,225,True,1018.9256101824171,2,0.0
887712,4209,23.383727,225,True,816.1490821249906,0,0.0
887724,4210,38.064621,225,True,1275.3848274162478,8,0.0
888512,4211,21.758592,225,True,735.1436629436284,1,0.0
888576,4212,30.050412,225,True,1066.8164928365272,1,0.0
888612,4213,22.422012,225,True,784.0804645677176,0,0.0
888624,4214,32.047279,225,True,1082.6911761473807,5,0.0
889412,4215,26.147612,225,True,899.5044698671772,2,0.2
889476,4216,27.433964,225,True,962.158543992349,1,0.0
889512,4217,31.118142,225,True,1109.5256626361502,1,0.0
889524,4218,30.556411,225,True,991.8564413213853,7,0.0
890312,4219,29.69415,225,True,1020.5659846710257,3,0.0
890376,4220,21.704775,225,True,748.9910165202823,0,0.0
890412,4221,36.861832,225,True,1244.873292413325,7,0.0
890424,4222,30.502033,225,True,1068.881323090478,2,0.0
891212,4223,22.924887,225,True,797.7954709660933,0,0.0
891276,4224,27.688897,225,True,972.3558908317796,1,0.0
891312,4225,16.542976,225,False,1168.1190582852741,3,3.0000000000000004
891324,4226,27.194229,225,True,909.3691666646137,4,0.2
892112,4227,24.711674,225,True,985.2669568567712,1,5.400000000000002
892176,4228,37.156266,225,True,1272.6506406016329,6,0.0
892212,4229,26.674756,225,True,931.7902533838314,1,0.0
892224,4230,24.394209,225,True,840.5683666741056,1,0.0
893012,4231,25.491403,225,True,868.4561348368379,2,0.0
893076,4232,25.837323,225,True,952.6929299013473,0,1.5999999999999999
893112,4233,31.380738,225,True,1104.0295180739586,2,0.0
893124,4234,34.026599,225,True,1164.2639576829888,5,0.0
893912,4235,20.856366,225,True,715.0546438039917,0,0.0
893976,4236,28.44094,225,True,970.4376025480503,3,0.0
894012,4237,37.471109,225,True,1283.6443577273676,6,0.0
894024,4238,21.682558,225,True,748.1023142106005,0,0.0
894812,4239,29.654692,225,True,1004.5876970282748,4,0.0
894876,4240,35.412099,225,True,1202.883960716803,6,0.0
894912,4241,19.842629,225,True,674.5051613710823,0,0.0
894924,4242,31.774504,225,True,1055.7801400477065,6,0.0
895712,4243,27.296511,225,True,940.660442325019,2,0.0
895776,4244,22.554065,225,True,782.9626165500065,0,0.0
895812,4245,28.038402,225,True,938.3360630745215,4,0.0
895824,4246,31.045166,225,True,1090.606635680504,2,0.0
896512,4247,8.286983,172,False,865.0793310010542,1,2.6
896612,4248,24.697757,225,True,852.7102685133691,1,0.0
896676,4249,33.944541,225,True,1158.5816438750849,5,0.0
896712,4250,24.625386,225,True,865.8154324416619,0,0.0
897412,4251,25.265636,225,True,875.4254228741963,1,0.0
897512,4252,34.486294,225,True,1118.651762677271,9,0.0
897576,4253,36.144999,225,True,1216.1999643792428,7,0.0
897612,4254,26.64497,225,True,919.3987987914143,2,0.2
898312,4255,33.147318,225,True,1127.4927311498618,5,0.0
898412,4256,39.012352,225,True,1329.2940963392557,8,0.0
898476,4257,19.491014,225,True,775.6405468913099,0,4.800000000000002
898512,4258,25.45609,225,True,835.043600049024,4,0.0
899212,4259,27.40472,225,True,960.9887831431884,1,0.0
899312,4260,26.026809,225,True,857.8723500052686,4,0.0
899376,4261,21.866156,225,True,755.446237146055,0,0.0
899412,4262,39.038251,225,True,1333.53002177991,8,0.0
900112,4263,29.473082,225,True,1011.7232606480566,3,0.0
900212,4264,23.021436,225,True,801.6574554957792,0,0.0
900276,4265,23.678762,225,True,811.950485776794,1,0.0
900312,4266,23.871081,225,True,819.6432503943654,1,0.0
901012,4267,28.157826,225,True,1007.1130308742768,0,0.0
901112,4268,28.932843,225,True,990.1137196345467,3,0.0
901176,4269,28.626857,225,True,1025.8742612696321,0,0.0
901212,4270,30.416944,225,True,1019.0777760046985,5,0.0
901912,4271,28.093314,225,True,963.7325677985204,3,0.0
902012,4272,28.789155,225,True,997.1661923405984,3,0.0
902076,4273,34.522104,225,True,1199.284174703735,4,0.0
902112,4274,35.873124,225,True,1253.3249615893192,4,0.0
902812,4275,30.983211,225,True,1040.1284430234873,5,0.0
902912,4276,21.969043,225,True,759.5617173391306,0,0.0
902976,4277,26.085851,225,True,908.2340412635042,1,0.0
903012,4278,24.760321,225,True,855.2128337037998,1,0.0
903712,4279,22.428565,225,True,761.942611764837,1,0.0
903812,4280,34.53744,225,True,1183.89761131955,5,0.0
903876,4281,28.859032,225,True,987.1612879785887,3,0.0
903912,4282,23.222965,225,True,793.7185910226804,1,0.0
904612,4283,25.576275,225,True,887.8510153974148,1,0.0
904712,4284,27.126275,225,True,965.8510097201774,0,0.0
904776,4285,27.154785,225,True,950.9913999073676,1,0.0
904812,4286,24.309892,225,True,853.1956621413303,0,0.0
905512,4287,28.472647,225,True,939.7058874439692,5,0.0
905612,4288,35.183804,225,True,1208.1521488408025,5,0.0
905676,4289,31.72489,225,True,1119.3956152484125,5,1.9999999999999998
905712,4290,32.332113,225,True,1142.0845395639908,2,0.0
906412,4291,21.30653,225,True,733.0612069037782,0,0.0
906512,4292,32.648734,225,True,1106.7493771852414,5,0.0
906576,4293,28.040506,225,True,944.8202293050097,4,0.0
906612,4294,22.654833,225,True,786.9933357400425,0,0.0
907312,4295,28.34218,225,True,966.487219784462,3,0.0
907412,4296,29.844748,225,True,1026.589921783901,3,0.0
907476,4297,31.68303,225,True,1100.121204826235,3,0.0
907512,4298,33.728553,225,True,1101.9421026142222,8,0.0
908212,4299,27.639349,225,True,970.3739416990597,1,0.0
908312,4300,32.033077,225,True,1083.7230791827405,5,0.0
908376,4301,34.152187,225,True,1120.4874656262787,8,0.0
908412,4302,23.842926,225,True,834.5170514983206,0,0.0
909112,4303,28.092018,225,True,988.4807009295705,1,0.0
909212,4304,17.83208,225,True,766.8831890075367,0,7.200000000000004
909276,4305,30.627548,225,True,1073.9019253573424,2,0.0
909312,4306,26.129885,225,True,909.9954094750133,1,0.0
910012,4307,26.375513,225,True,887.8205349129285,3,0.0
910112,4308,27.313555,225,True,942.9422095422806,2,0.0
910176,4309,31.127144,225,True,1148.2857657557975,4,1.9999999999999998
910212,4310,29.043702,225,True,962.5480649355557,5,0.0
910912,4311,22.35992,225,True,759.1968174089234,1,0.0
911012,4312,30.528433,225,True,1057.1373208583768,3,0.0
911076,4313,21.856982,225,True,755.0792814242748,0,0.0
911112,4314,15.650452,225,True,689.2180630173609,0,7.600000000000004
911812,4315,31.097717,225,True,1062.3086997377459,4,0.0
911912,4316,29.700352,225,True,1036.8140858200495,2,0.0
911976,4317,35.691935,225,True,1250.8774095480435,5,0.0
912012,4318,22.488093,225,True,780.3237302819618,0,0.0
912712,4319,36.707845,225,True,1269.1138197854207,5,0.0
912812,4320,25.060317,225,True,835.2126824185459,3,0.0
912876,4321,23.935536,225,True,822.2214436746915,1,0.0
912912,4322,23.940165,225,True,774.4065940334888,4,0.0
913612,4323,34.451195,225,True,1153.2478142472514,7,0.0
913712,4324,28.541694,225,True,958.4677480741816,4,0.0
913776,4325,21.047539,225,True,764.301543885422,1,2.4
913812,4326,23.277498,225,True,811.899905957134,0,0.0
914512,4327,30.595549,225,True,1072.6219794027525,3,0.6000000000000001
914612,4328,21.926834,225,True,748.2733684324828,1,0.0
914676,4329,30.604172,225,True,1088.9668857819638,1,0.0
914712,4330,22.553129,225,True,830.925179859177,0,1.9999999999999998
915412,4331,30.230501,225,True,1058.0200378129312,2,0.0
915512,4332,24.411849,225,True,837.2739743634513,2,0.0
915576,4333,31.712746,225,True,1117.309856820028,2,0.0
915612,4334,22.781036,225,True,776.0414386595476,1,0.0
916312,4335,28.9624,225,True,975.2959801803477,4,0.0
916412,4336,22.45587,225,True,763.034787187363,1,0.0
916476,4337,24.413643,225,True,857.3457049550702,0,0.0
916512,4338,22.441412,225,True,778.4564916267095,0,0.0
917212,4339,28.356238,225,True,1064.6495245369647,3,4.000000000000001
917312,4340,29.832748,225,True,1074.1099204789612,0,0.0
917376,4341,30.637813,225,True,1074.3125354282733,2,0.0
917412,4342,31.393355,225,True,1104.5342029435296,2,0.0
918112,4343,20.668152,225,True,707.5260834852256,0,0.0
918212,4344,27.666868,225,True,971.474717127998,1,0.0
918276,4345,24.11568,225,True,823.0271835053074,2,0.4
918312,4346,25.319947,225,True,893.5978783469923,0,0.0
919012,4347,36.491306,225,True,1246.0522557359109,6,0.0
919112,4348,21.967755,225,True,759.5102034435743,0,0.0
919176,4349,21.968251,225,True,769.13004827996,0,0.4
919212,4350,21.237536,225,True,730.3014217750249,0,0.0
919912,4351,30.176148,225,True,1039.8459031247583,3,0.0
920012,4352,26.036665,225,True,907.8665831987903,1,0.0
920076,4353,25.261402,225,True,859.2560662995509,2,0.0
920112,4354,26.680886,225,True,948.0354259614155,0,0.0
920812,4355,33.859695,225,True,1172.7877903662466,4,0.0
920912,4356,25.253984,225,True,897.3593630262517,0,0.0
920976,4357,34.038347,225,True,1131.1338927299394,7,0.0
921012,4358,33.427514,225,True,1184.3005453099304,4,0.0
921712,4359,27.824185,225,True,963.367393011471,3,0.0
921812,4360,23.048942,225,True,802.7576778113109,0,0.0
921876,4361,27.257653,225,True,923.106125568607,3,0.0
921912,4362,34.281041,225,True,1172.0416406392437,5,0.0
922112,4363,-3.828474,59,False,327.6610262825559,1,0.6000000000000001
922612,4364,36.231626,225,True,1214.8650285923882,8,0.0
922712,4365,30.841752,225,True,1058.4700937115654,4,0.0
922812,4366,33.734127,225,True,1166.1650961787423,4,0.0
923012,4367,28.771854,225,True,977.2741543460568,5,1.0
923376,4368,2.866853,91,False,532.2741027214943,4,0.0
923512,4369,38.002688,225,True,1290.5075284741188,7,0.0
923612,4370,25.593247,225,True,888.529875654214,1,0.0
923712,4371,21.994298,225,True,760.5719065728865,0,0.0
924276,4372,27.152079,225,True,966.8831504833388,0,0.0
924412,4373,29.30424,225,True,1054.5696003612816,1,0.0
924512,4374,28.923698,225,True,1005.7479282607583,2,0.0
924612,4375,29.190378,225,True,952.4151242108303,6,0.0
925176,4376,30.57007,225,True,1087.6027819108822,1,0.0
925312,4377,24.979817,225,True,817.592674022151,4,0.0
925412,4378,32.708861,225,True,1141.1544408269629,3,0.0
925512,4379,26.234867,225,True,882.194671402352,3,0.0
926076,4380,29.901734,225,True,1052.8693672787072,2,0.0
926212,4381,38.592649,225,True,1342.9059799988977,6,0.0
926312,4382,30.443604,225,True,1066.5441719475975,2,0.0
926320,4383,-6.183458,61,False,250.26168140584377,0,0.4
926412,4384,27.023689,225,True,947.3475409978762,2,0.4
927112,4385,28.37386,225,True,983.754390709737,2,0.0
927212,4386,31.733883,225,True,1070.1553252199983,5,0.0
927220,4387,23.333935,225,True,804.557419361226,1,0.0
927312,4388,20.7542,225,True,760.5679959215365,1,1.7999999999999998
927400,4389,-5.253526,47,False,272.25894143454934,0,0.0
928012,4390,34.373334,225,True,1217.333377870401,4,0.0
928120,4391,35.070004,225,True,1206.000165090269,5,0.0
928212,4392,31.61708,225,True,1066.283183355837,5,0.0
928300,4393,28.012879,225,True,969.3151687281625,2,0.0
928912,4394,26.191447,225,True,880.4578973367963,3,0.0
929020,4395,36.353805,225,True,1254.952219603988,5,0.0
929112,4396,34.135672,225,True,1198.2268840090592,3,0.0
929200,4397,28.464929,225,True,1003.3971757175129,1,0.0
929812,4398,28.254416,225,True,930.9766297284089,5,0.0
929920,4399,38.588057,225,True,1329.9222766625921,7,0.0
930012,4400,23.516558,225,True,821.4623124449463,0,0.0
930100,4401,30.93908,225,True,1022.3631958508986,6,0.0
930140,4402,-2.745312,82,False,367.7875237306814,1,0.0
930820,4403,26.299614,225,True,916.784578417431,2,0.6000000000000001
930912,4404,29.29171,225,True,1020.4684088520321,2,0.0
931000,4405,30.948882,225,True,1078.755280121532,6,1.5999999999999999
931040,4406,22.159485,225,True,767.1794033705439,0,0.0
931720,4407,29.365968,225,True,1023.438728495151,2,0.0
931812,4408,22.339898,225,True,758.395929024251,1,0.0
931900,4409,31.289994,225,True,1095.5997783853431,3,0.4
931940,4410,28.697875,225,True,964.7149971725946,4,0.0
932620,4411,25.472154,225,True,883.6861797676922,1,0.0
932712,4412,27.26159,225,True,891.2635954193238,5,0.0
932800,4413,21.153886,225,True,774.9554594164911,0,1.9999999999999998
932840,4414,27.554419,225,True,920.5767633350549,5,0.0
933520,4415,29.124854,225,True,981.7941551409767,4,0.0
933612,4416,27.925448,225,True,981.8179231434706,1,0.0
933700,4417,35.591931,225,True,1255.6772389460843,5,0.2
933740,4418,28.395207,225,True,984.6082844690093,2,0.0
934420,4419,28.657689,225,True,1028.7075625036941,2,1.4
934512,4420,24.167111,225,True,815.4844524535999,2,0.0
934600,4421,33.176425,225,True,1143.8569824907877,4,0.0
934640,4422,32.388144,225,True,1096.3257535671569,5,0.0
935320,4423,27.153842,225,True,904.5536981038849,4,0.0
935412,4424,28.154394,225,True,971.7757674519553,3,0.0
935500,4425,30.135136,225,True,1070.2054429346013,1,0.0
935540,4426,24.278711,225,True,845.5484588112606,1,0.4
935764,4427,-3.716036,66,False,372.15857862020175,3,2.4
936172,4428,4.080592,158,False,715.2236700600447,5,6.200000000000003
936220,4429,25.509656,225,True,886.7862331910735,1,0.0
936312,4430,23.873478,225,True,803.7391173856627,2,0.0
936664,4431,29.870963,225,True,1058.0385393235633,3,1.2
937072,4432,21.389994,225,True,741.1997570290482,0,0.2
937120,4433,27.735328,225,True,974.2131096362305,1,0.0
937212,4434,35.533126,225,True,1282.9250456826167,2,0.0
937564,4435,25.542616,225,True,886.5046538795696,1,0.0
937972,4436,30.24066,225,True,1042.4263868617636,3,0.0
938020,4437,31.722763,225,True,1103.31053227877,3,0.0
938112,4438,33.819063,225,True,1137.562531070233,6,0.0
938464,4439,25.550948,225,True,902.8379386745808,0,0.0
938872,4440,29.616043,225,True,1065.4417223963778,0,0.0
938920,4441,35.634275,225,True,1178.1710024665763,8,0.0
939012,4442,21.691119,225,True,758.0447685299835,0,0.4
939364,4443,33.037232,225,True,1128.6892888150637,5,0.0
939772,4444,31.407659,225,True,1073.1063794745573,4,0.0
939820,4445,31.579005,225,True,1079.9602186583807,4,0.0
939912,4446,31.721706,225,True,1114.4682533685673,3,0.0
940264,4447,34.793525,225,True,1192.5410078940517,5,0.0
940672,4448,21.724795,225,True,749.7917860334089,0,0.0
940720,4449,22.601059,225,True,792.8423415764121,1,1.0
940812,4450,31.927256,225,True,1141.8902422428068,1,0.0
941164,4451,29.465941,225,True,1011.4376294445904,3,0.0
941572,4452,33.937206,225,True,1171.088252789164,5,0.0
941620,4453,33.779671,225,True,1193.586843991984,3,0.0
941712,4454,28.19894,225,True,960.757604137628,3,0.0
942064,4455,24.388732,225,True,840.3492735199175,1,0.0
942472,4456,35.070452,225,True,1227.6180766995453,4,0.0
942520,4457,25.749247,225,True,894.7698762494306,1,0.0
942612,4458,24.103006,225,True,817.7202438795007,2,0.2
942964,4459,37.204011,225,True,1276.1604211940626,6,0.0
943372,4460,28.32975,225,True,1025.1900176294093,1,0.8
943420,4461,28.430438,225,True,954.0175154134984,4,0.0
943512,4462,32.549696,225,True,1123.5878354094002,5,0.8
943864,4463,27.181661,225,True,920.066426728841,3,0.0
944272,4464,16.76632,225,True,753.0528125958513,0,8.400000000000002
944320,4465,26.536237,225,True,947.0494738255366,0,0.2
944412,4466,29.757062,225,True,1039.0824654183614,2,0.0
944764,4467,30.132686,225,True,1060.5074584806962,2,0.0
945172,4468,30.216131,225,True,1089.4452483539776,0,0.0
945220,4469,24.951638,225,True,878.8655297817234,0,0.0
945312,4470,27.426868,225,True,977.8747126529522,0,0.0
945664,4471,30.441613,225,True,1056.8645049678444,3,0.0
946072,4472,27.928018,225,True,988.3207255614311,1,0.0
946120,4473,32.25796,225,True,1075.1183877747926,6,0.0
946212,4474,32.679753,225,True,1141.5901303348005,3,0.0
946564,4475,30.117659,225,True,959.1063575219166,8,0.0
946972,4476,36.283729,225,True,1252.1491717112458,5,0.0
947020,4477,22.648147,225,True,791.5258936508867,0,0.2
947112,4478,33.439257,225,True,1173.5702794887916,3,0.0
947464,4479,31.920746,225,True,1082.4298378784747,7,1.2
947872,4480,32.035144,225,True,1127.0057647712915,3,0.0
947920,4481,30.349688,225,True,1009.9875056604214,7,0.8
948012,4482,24.511378,225,True,834.0551260246214,2,0.2
948364,4483,36.817035,225,True,1308.6813810476046,4,0.0
948772,4484,30.10498,225,True,1038.5991941072755,3,0.0
948820,4485,35.187554,225,True,1224.3021691780427,4,0.0
948912,4486,27.737113,225,True,990.2845123426582,0,0.0
949264,4487,28.166556,225,True,960.2622289923299,3,0.0
949672,4488,26.825219,225,True,873.8087440802103,5,0.0
949720,4489,30.478315,225,True,1051.9326111935525,3,0.0
949812,4490,30.009785,225,True,1036.3913895561911,3,0.0
950164,4491,28.521777,225,True,959.2710659300944,4,0.0
950572,4492,27.328766,225,True,941.9506391867073,2,0.0
950620,4493,22.703087,225,True,772.9234888259252,1,0.0
950712,4494,31.596201,225,True,1112.6480313401216,2,0.0
951064,4495,25.807722,225,True,913.1088932297548,0,0.0
951472,4496,35.890116,225,True,1239.604653125933,5,0.0
951520,4497,32.271798,225,True,1050.071907071616,8,0.0
951612,4498,31.477384,225,True,1034.2953430273603,7,0.2
951964,4499,22.366524,225,True,781.8609764725675,0,0.0
952180,4500,13.460376,177,False,961.6150325242629,4,0.2
952420,4501,29.140097,225,True,950.4038741332138,6,0.0
952512,4502,30.330108,225,True,1054.0043178389697,3,0.0
952532,4503,-7.573944,28,False,162.64223648222833,1,0.0
952864,4504,29.924749,225,True,1013.7899734362816,4,0.0
953080,4505,33.702727,225,True,1148.9090723915006,5,0.0
953412,4506,34.074039,225,True,1115.7615725471296,8,0.0
953432,4507,37.003563,225,True,1283.342523506256,6,0.6000000000000001
953764,4508,27.426955,225,True,931.4782092926421,3,0.0
953980,4509,22.203663,225,True,768.9465376907083,0,0.0
954312,4510,11.679171,220,False,948.7668223398789,0,0.0
954312,4511,27.396829,225,True,976.6731597837013,0,0.0
954584,4512,-1.412725,68,False,403.49101961886913,2,0.4
954664,4513,26.158425,225,True,927.1370121509472,0,0.0
954880,4514,37.168671,225,True,1257.1468341734153,7,0.0
955212,4515,21.661968,225,True,747.2787047859224,0,0.0
955484,4516,23.49511,225,True,820.6043995485827,0,0.0
955564,4517,35.084217,225,True,1220.1686752718865,4,0.0
955780,4518,26.650332,225,True,905.2132820870656,3,0.0
956112,4519,33.183208,225,True,1096.1283244661358,7,0.0
956292,4520,-5.935128,45,False,244.19489929620408,0,0.0
956384,4521,32.987213,225,True,1128.2885393366137,5,0.0
956464,4522,28.391955,225,True,997.2781871991906,2,0.0
956680,4523,25.403425,225,True,880.9370042217013,1,0.0
956696,4524,-3.985313,78,False,360.5874735668556,1,1.7999999999999998
956796,4525,-7.891367,29,False,169.94530218606565,0,0.2
957192,4526,25.5953,225,True,888.6120015903298,1,0.0
957364,4527,32.08659,225,True,1100.263602809549,4,0.0
957596,4528,22.982177,225,True,800.0870911339464,0,0.0
957696,4529,32.191293,225,True,1109.251721040846,4,0.0
958092,4530,36.250544,225,True,1302.021755400298,3,0.0
958264,4531,24.281906,225,True,820.0762420765684,2,0.0
958496,4532,33.038692,225,True,1112.7476712118823,7,0.6000000000000001
958596,4533,28.842536,225,True,1018.5014556631629,1,0.0
958992,4534,22.152569,225,True,762.102770700651,1,0.2
959164,4535,31.320135,225,True,1087.2053887022948,3,0.0
959396,4536,29.3739,225,True,959.756008781447,6,0.0
959496,4537,31.626792,225,True,1065.8716889168531,5,0.0
959892,4538,34.320325,225,True,1148.0129857244638,7,0.0
960064,4539,29.3593,225,True,933.572018095095,8,0.0
960192,4540,8.616375,174,False,863.8550077004761,6,5.600000000000002
960296,4541,23.731886,225,True,830.07544454956,0,0.0
960792,4542,33.131839,225,True,1178.873556900352,4,1.0
960964,4543,21.715525,225,True,754.2210082001693,0,0.2
961092,4544,28.249455,225,True,1010.7781905583954,0,0.0
961196,4545,33.338898,225,True,1167.9559188341455,3,0.0
961692,4546,32.459281,225,True,1147.1712553299876,2,0.0
961864,4547,26.157398,225,True,899.8959362591056,2,0.2
961992,4548,36.040433,225,True,1228.0173212751279,6,0.0
962096,4549,26.201215,225,True,912.848613846857,1,0.0
962592,4550,22.812807,225,True,802.9122650335084,0,0.4
962764,4551,26.526638,225,True,941.8655225322052,0,0.0
962892,4552,26.894576,225,True,940.583020163531,1,0.0
962996,4553,35.30556,225,True,1211.4224158149364,6,0.0
963492,4554,21.350595,225,True,788.4238084001752,0,1.4
963664,4555,28.471548,225,True,923.6619159374841,6,0.0
963792,4556,31.124624,225,True,1061.7849477997056,4,0.0
963896,4557,23.207512,225,True,793.1004713039586,1,0.0
964392,4558,34.995613,225,True,1170.2245313736303,7,0.0
964564,4559,25.827409,225,True,894.696376136505,2,0.0
964692,4560,27.273437,225,True,960.53747514781,1,0.2
964796,4561,30.937513,225,True,1073.5005111576693,3,0.0
965292,4562,27.97665,225,True,971.0660038901392,4,1.4
965464,4563,32.803353,225,True,1049.7341082732241,9,0.0
965592,4564,36.879504,225,True,1279.1801632844576,5,0.0
965696,4565,38.674003,225,True,1331.7601084415492,6,0.0
966148,4566,-2.038916,113,False,493.64336499325964,1,4.600000000000001
966192,4567,37.349233,225,True,1275.5693123698456,7,0.4
966348,4568,19.724371,221,False,1175.3748586170705,6,0.0
966492,4569,29.95354,225,True,982.9415893786797,6,0.0
967048,4570,35.833367,225,True,1262.934674720449,4,0.0
967092,4571,27.214502,225,True,953.3800717728534,1,0.0
967248,4572,31.054483,225,True,1106.979300060652,1,0.0
967392,4573,28.972423,225,True,1007.6969197621161,2,0.0
967948,4574,28.03569,225,True,927.0276084015607,5,0.2
967992,4575,33.793243,225,True,1186.1297028430977,3,0.0
968148,4576,25.194474,225,True,856.578944789004,2,0.0
968292,4577,31.290747,225,True,1100.4298620881596,2,0.0
968848,4578,30.763707,225,True,1087.3482698253906,5,1.2
968884,4579,11.023653,148,False,871.3461137545105,4,0.0
968892,4580,31.569413,225,True,1081.1765212706637,4,0.0
969048,4581,23.562183,225,True,836.0873285605085,1,1.2
969748,4582,26.763003,225,True,904.9201065962607,3,0.0
969784,4583,24.051215,225,True,839.6485832482581,2,1.2
969792,4584,38.862513,225,True,1292.9005302191022,9,0.0
969948,4585,21.925237,225,True,767.4094715505532,0,0.4
970648,4586,23.257721,225,True,828.7088541694995,2,1.7999999999999998
970684,4587,32.825725,225,True,1145.8290163412298,3,0.0
970692,4588,26.411292,225,True,921.2516655948812,1,0.0
970848,4589,35.124833,225,True,1207.393321307366,5,0.0
971384,4590,6.236136,134,False,685.4454200679138,3,0.0
971548,4591,20.962028,225,True,815.2811351653427,3,6.000000000000003
971584,4592,21.979979,225,True,759.9991539046032,0,0.0
971592,4593,32.859706,225,True,1097.5882385748764,7,0.0
972284,4594,27.933219,225,True,902.1287739131776,6,0.0
972448,4595,27.539607,225,True,967.9842790074135,1,0.0
972484,4596,26.150803,225,True,872.4321152276852,5,1.0
972492,4597,22.323988,225,True,781.7595227185491,1,1.0
972932,4598,4.060084,162,False,612.003349924189,2,0.0
973348,4599,35.2093,225,True,1208.3719814059436,6,0.0
973384,4600,32.504265,225,True,1124.9706000834512,4,0.0
973392,4601,26.497426,225,True,915.0970599793429,2,0.0
973580,4602,-4.443012,49,False,288.6795344277589,1,0.0
973832,4603,23.967146,225,True,839.4858351434054,0,0.0
974248,4604,32.798451,225,True,1130.3380493511086,4,0.0
974292,4605,20.574667,225,True,710.1866757692362,0,0.0
974480,4606,33.760952,225,True,1136.8380988753643,6,0.0
974732,4607,29.875441,225,True,1027.8176407405251,3,0.0
975148,4608,36.924131,225,True,1277.7652473227004,5,0.0
975192,4609,29.581126,225,True,998.445022722764,8,2.1999999999999997
975380,4610,33.286507,225,True,1164.2602699519766,3,0.0
975632,4611,22.143124,225,True,766.5249416468082,0,0.0
976048,4612,26.708451,225,True,917.1380435094659,2,0.0
976064,4613,13.438825,218,False,987.1530081400447,2,0.0
976280,4614,26.6502,225,True,898.8080103934421,3,0.0
976532,4615,33.488818,225,True,1156.3527375751796,4,0.0
976948,4616,31.962874,225,True,1095.31496303515,4,0.0
976964,4617,34.280783,225,True,1156.0313379355493,6,0.0
977180,4618,22.646319,225,True,785.0527609477674,1,0.6000000000000001
977432,4619,36.711697,225,True,1174.0678701787465,11,0.0
977848,4620,25.019078,225,True,833.5631225466425,3,0.0
977864,4621,22.713641,225,True,773.3456538597193,1,0.0
978080,4622,25.429599,225,True,870.7839687754099,2,0.2
978332,4623,27.663469,225,True,907.338746991627,5,0.0
978748,4624,21.654547,225,True,802.9818787453607,1,3.0000000000000004
978764,4625,36.126677,225,True,1229.8670963759646,6,0.0
978980,4626,35.339088,225,True,1236.7635346546049,4,0.0
979232,4627,21.660917,225,True,747.2366673643121,0,0.0
979648,4628,23.18992,225,True,816.3968022347206,1,1.0
979664,4629,23.001935,225,True,800.8774163191101,0,0.0
979880,4630,27.032734,225,True,930.1093629750801,2,0.0
980132,4631,30.55279,225,True,1056.5116096306174,3,0.0
980548,4632,32.06934,225,True,1067.5736053277387,6,0.0
980564,4633,27.41654,225,True,929.4615805974838,3,0.0
980780,4634,28.547685,225,True,974.7073919623126,3,0.0
981032,4635,26.409891,225,True,921.195630290953,1,0.0
981448,4636,24.244696,225,True,834.5878240990744,1,0.0
981464,4637,33.757783,225,True,1183.9113121277237,3,0.0
981680,4638,33.154339,225,True,1110.9735721325846,6,0.0
981932,4639,32.249768,225,True,1090.7907242934339,5,0.0
982348,4640,24.864886,225,True,865.7954576513382,1,0.0
982364,4641,24.227983,225,True,849.9193273260742,0,0.0
982580,4642,37.623805,225,True,1289.7522145542403,6,0.0
982832,4643,28.696747,225,True,953.4698654612262,5,0.2
983248,4644,16.399031,225,True,733.5612362575835,0,8.200000000000003
983264,4645,28.44103,225,True,1002.4411953814399,2,0.6000000000000001
983480,4646,30.018314,225,True,1049.5325620234657,2,0.0
983732,4647,22.503352,225,True,881.7340721974997,1,4.600000000000001
984148,4648,21.734828,225,True,750.1931179057206,0,0.0
984164,4649,27.711945,225,True,989.2777802305725,0,0.0
984380,4650,25.719927,225,True,915.9970708907188,2,1.5999999999999999
984632,4651,38.022695,225,True,1259.307785676327,9,0.0
985048,4652,32.34175,225,True,1126.46998176631,3,0.0
985064,4653,23.174045,225,True,810.9618037315452,1,0.8
985280,4654,25.94709,225,True,870.6835818978889,3,0.0
985532,4655,30.989226,225,True,1073.9690577049405,4,0.0
985948,4656,25.563148,225,True,871.3259099042941,2,0.0
985964,4657,32.719115,225,True,1189.564587978885,3,0.0
986044,4658,4.879955,191,False,767.198203721058,0,3.800000000000001
986432,4659,23.996847,225,True,840.67389537592,0,0.0
986848,4660,28.347663,225,True,1003.5065075900764,1,0.2
986864,4661,28.270004,225,True,1046.8001704304536,2,2.8000000000000003
986944,4662,31.470312,225,True,1112.4124772294017,2,0.2
987332,4663,30.734638,225,True,1078.1855122766606,2,0.0
987748,4664,27.395118,225,True,944.6047369827813,2,0.0
987764,4665,27.153252,225,True,902.9300949633662,4,0.0
987844,4666,29.976886,225,True,1015.8754243567962,4,0.0
988232,4667,24.437926,225,True,949.5170495554435,0,3.800000000000001
988648,4668,38.464406,225,True,1275.3762431428258,9,0.0
988664,4669,24.803266,225,True,872.930636864518,0,0.0
988744,4670,37.289336,225,True,1293.9734579341557,5,0.0
989132,4671,33.410179,225,True,1073.2071413938334,9,0.0
989548,4672,25.851212,225,True,882.8484661935577,2,0.0
989564,4673,24.819001,225,True,873.5600431718044,0,0.0
989644,4674,29.154064,225,True,966.9625786013803,5,0.0
990032,4675,23.256639,225,True,811.065577622983,0,0.0
990448,4676,29.447093,225,True,1010.6837324288097,3,0.0
990464,4677,27.737239,225,True,974.2895427785886,1,0.0
990544,4678,39.274003,225,True,1307.7601084475023,9,0.0
990932,4679,33.064763,225,True,1107.3905220855463,6,0.0
991348,4680,22.102936,225,True,748.9174211631189,1,0.0
991364,4681,24.286489,225,True,804.259563570901,3,0.0
991444,4682,25.073236,225,True,851.7294514739058,2,0.0
991832,4683,20.385859,225,True,696.2343546392267,0,0.0
992152,4684,-2.537217,80,False,380.91131035314197,0,0.0
992248,4685,28.680354,225,True,996.0141602287069,2,0.0
992264,4686,25.916646,225,True,906.2658420255409,1,0.2
992344,4687,27.32489,225,True,938.5955870018242,3,0.0
993052,4688,27.989929,225,True,925.1971736483351,5,0.2
993148,4689,29.588459,225,True,977.9383730043069,6,0.4
993164,4690,31.084066,225,True,1044.1626451016994,5,0.0
993244,4691,22.154201,225,True,766.9680510017783,0,0.0
993880,4692,7.463851,159,False,764.9540470301704,1,0.0
993952,4693,29.519772,225,True,1045.5908987646874,1,0.0
994048,4694,30.673711,225,True,1107.7484573333973,0,0.0
994064,4695,24.832328,225,True,858.0931355814917,1,0.0
994780,4696,23.604049,225,True,808.9619429892089,1,0.0
994852,4697,31.006566,225,True,1073.0626573754816,3,0.0
994948,4698,20.901839,225,True,761.6735553170804,1,1.9999999999999998
994964,4699,26.248486,225,True,876.3394461668454,4,0.4
995680,4700,26.250779,225,True,914.8311788267067,1,0.0
995752,4701,26.145167,225,True,929.8066694416198,1,0.8
995848,4702,29.414392,225,True,993.3756608059148,4,0.0
995864,4703,32.359764,225,True,1144.7905434873478,3,0.4
996580,4704,30.766888,225,True,1057.0755226105157,4,0.4
996652,4705,22.593259,225,True,784.5303457992809,0,0.0
996748,4706,21.099637,225,True,724.7854683805213,0,0.0
996764,4707,29.359944,225,True,1045.5977584446039,5,2.8000000000000003
997480,4708,37.822749,225,True,1259.309949761769,9,0.4
997552,4709,22.138438,225,True,775.937535719552,0,0.4
997648,4710,28.547343,225,True,958.693702808946,4,0.0
997664,4711,27.448842,225,True,930.75366803928,3,0.0
997784,4712,-4.625475,58,False,336.5809998099626,1,1.4
998380,4713,29.861956,225,True,1024.0782500053065,4,0.0
998548,4714,27.250552,225,True,959.6220749798538,1,0.2
998564,4715,26.643728,225,True,866.5491243229785,5,0.0
998684,4716,22.369394,225,True,775.5757712820941,0,0.0
999280,4717,28.574224,225,True,959.7689473198548,4,0.0
999448,4718,26.356196,225,True,871.0478503815027,4,0.0
999464,4719,24.0321,225,True,830.8839876458328,1,0.2
999584,4720,27.516412,225,True,981.4564908244399,0,0.0
1000180,4721,23.522258,225,True,821.6903250174835,0,0.0
1000348,4722,30.303097,225,True,1060.923876190005,2,0.0
1000364,4723,31.703329,225,True,1107.3331775803576,3,0.0
1000484,4724,33.042407,225,True,1138.4962882558652,4,0.0
1000988,4725,5.426162,160,False,763.4464890461086,2,4.000000000000001
1001080,4726,28.18288,225,True,976.1152144084638,2,0.0
1001112,4727,-11.675449,31,False,134.58203907526968,0,5.000000000000002
1001264,4728,28.902838,225,True,988.913505876973,3,0.0
1001384,4729,30.311156,225,True,997.246234372104,6,0.0
